0	ERR321207_1	Denmark	2008-2010
1	ERR321317_1	Denmark	2008-2010
2	ERR321317_2	Denmark	2008-2010
3	ERR321317_3	Denmark	2008-2010
4	SRR3737026_1	USA	2012-10-05
5	SRR3737026_2	USA	2012-10-05
6	SRR3737026_3	USA	2012-10-05
7	SRR3737026_4	USA	2012-10-05
8	SRR3737026_5	USA	2012-10-05
9	SRR3737026_6	USA	2012-10-05
10	ERR1190956_1	China	2014
11	ERR748086_1	Germany	2011/2014
12	ERR748086_2	Germany	2011/2014
13	ERR748146_1	Germany	2011/2014
14	ERR748146_2	Germany	2011/2014
15	SRR2940947_1	USA	2012-07-05
16	SRR2940947_2	USA	2012-07-05
17	SRR2940947_3	USA	2012-07-05
18	SRR2155374_1	Germany	Feb-2010
19	ERR321506_1	Denmark	2008-2010
20	ERR321506_2	Denmark	2008-2010
21	ERR321506_3	Denmark	2008-2010
22	SRR2566059_1	Canada	2010-04-16
23	SRR2566059_2	Canada	2010-04-16
24	SRR2566059_3	Canada	2010-04-16
25	SRR2566059_4	Canada	2010-04-16
26	SRR2566059_5	Canada	2010-04-16
27	SRR2566059_6	Canada	2010-04-16
28	SRR2566059_7	Canada	2010-04-16
29	SRR2566059_8	Canada	2010-04-16
30	ERR1578694_1	China	2013
31	SRR2155323_1	Germany	May-2011
32	ERR748173_1	Germany	2011/2014
33	ERR748173_2	Germany	2011/2014
34	ERR505097_1	Australia	2012
35	ERR479369_1	France	2004/2006
36	ERR479369_2	France	2004/2006
37	ERR479369_3	France	2004/2006
38	ERR479369_4	France	2004/2006
39	ERR479369_5	France	2004/2006
40	ERR479369_6	France	2004/2006
41	ERR479369_7	France	2004/2006
42	ERR479369_8	France	2004/2006
43	ERR1190897_1	China	2014
44	SRR2565950_1	Canada	2009-11-09
45	SRR2565950_2	Canada	2009-11-09
46	SRR2082449_1	Canada	2013
47	SRR4236668_1	Japan	2015-05-15
48	ERR527143_1	China	2011
49	ERR527143_2	China	2011
50	ERR527143_3	China	2011
51	ERR414486_1	Spain	2008/2010
52	ERR414486_2	Spain	2008/2010
53	ERR589807_1	China	2012
54	ERR589807_2	China	2012
55	ERR589807_3	China	2012
56	SRR2566041_1	Canada	2010-03-05
57	SRR2566041_2	Canada	2010-03-05
58	SRR2566041_3	Canada	2010-03-05
59	SRR2566041_4	Canada	2010-03-05
60	ERR420342_1	Pacific Ocean	2011/2012
61	ERR420342_2	Pacific Ocean	2011/2012
62	SRR4032472_1	USA	2013
63	SRR4032472_2	USA	2013
64	SRR4032472_3	USA	2013
65	SRR2566026_1	Canada	2009-11-11
66	ERR1018201_1	China	2012
67	ERR1018201_2	China	2012
68	ERR1018201_3	China	2012
69	ERR1018201_4	China	2012
70	ERR1018201_5	China	2012
71	ERR1018201_6	China	2012
72	ERR1018201_7	China	2012
73	ERR1018201_8	China	2012
74	ERR1018201_9	China	2012
75	ERR1018201_10	China	2012
76	ERR1018201_11	China	2012
77	ERR1018201_12	China	2012
78	ERR1018201_13	China	2012
79	ERR1018201_14	China	2012
80	ERR1018201_15	China	2012
81	ERR1018201_16	China	2012
82	ERR1018201_17	China	2012
83	ERR1018201_18	China	2012
84	ERR1018201_19	China	2012
85	ERR1018201_20	China	2012
86	ERR1018201_21	China	2012
87	ERR1018201_22	China	2012
88	ERR1018201_23	China	2012
89	ERR1018201_24	China	2012
90	ERR1018201_25	China	2012
91	ERR1018201_26	China	2012
92	ERR1018201_27	China	2012
93	ERR1018201_28	China	2012
94	ERR1018201_29	China	2012
95	ERR1018201_30	China	2012
96	ERR1018201_31	China	2012
97	ERR1018201_32	China	2012
98	ERR1018201_33	China	2012
99	ERR1018201_34	China	2012
100	ERR1018201_35	China	2012
101	ERR1018201_36	China	2012
102	ERR1018201_37	China	2012
103	ERR1190786_1	China	2014
104	ERR479384_1	France	2004/2006
105	ERR479384_2	France	2004/2006
106	ERR479384_3	France	2004/2006
107	ERR479384_4	France	2004/2006
108	ERR479384_5	France	2004/2006
109	ERR479384_6	France	2004/2006
110	ERR479384_7	France	2004/2006
111	ERR479384_8	France	2004/2006
112	ERR479384_9	France	2004/2006
113	ERR479384_10	France	2004/2006
114	ERR479384_11	France	2004/2006
115	ERR479384_12	France	2004/2006
116	ERR414611_1	Denmark	2008/2010
117	ERR414611_2	Denmark	2008/2010
118	ERR505106_1	Australia	2012
119	ERR505106_2	Australia	2012
120	SRR4074305_1	Italy	2013
121	SRR4074305_2	Italy	2013
122	SRR4074305_3	Italy	2013
123	SRR4074305_4	Italy	2013
124	SRR4074305_5	Italy	2013
125	SRR4074305_6	Italy	2013
126	ERR1018265_1	China	2012
127	ERR210046_1	Denmark	2008-2010
128	ERR210046_2	Denmark	2008-2010
129	ERR209723_1	Spain	2008-2010
130	ERR209723_2	Spain	2008-2010
131	ERR527106_1	China	2011
132	ERR527037_1	China	2011
133	ERR321466_1	Denmark	2008-2010
134	ERR321466_2	Denmark	2008-2010
135	ERR527131_1	China	2011
136	ERR527131_2	China	2011
137	ERR527131_3	China	2011
138	SRR3313062_1	Luxembourg	2012-09-21
139	SRR3313062_2	Luxembourg	2012-09-21
140	SRR3313062_3	Luxembourg	2012-09-21
141	SRR3313062_4	Luxembourg	2012-09-21
142	SRR3313062_5	Luxembourg	2012-09-21
143	SRR3313062_6	Luxembourg	2012-09-21
144	SRR3313062_7	Luxembourg	2012-09-21
145	SRR3313062_8	Luxembourg	2012-09-21
146	SRR3313062_9	Luxembourg	2012-09-21
147	ERR209515_1	Denmark	2008-2010
148	ERR209515_2	Denmark	2008-2010
149	ERR1018297_1	China	2012
150	ERR209507_1	Denmark	2008-2010
151	ERR209507_2	Denmark	2008-2010
152	ERR209507_3	Denmark	2008-2010
153	ERR209507_4	Denmark	2008-2010
154	ERR209507_5	Denmark	2008-2010
155	ERR209507_6	Denmark	2008-2010
156	ERR209507_7	Denmark	2008-2010
157	ERR209507_8	Denmark	2008-2010
158	ERR209507_9	Denmark	2008-2010
159	ERR209507_10	Denmark	2008-2010
160	ERR209507_11	Denmark	2008-2010
161	ERR1018190_1	China	2012
162	ERR1018190_2	China	2012
163	ERR589787_1	China	2012
164	ERR589787_2	China	2012
165	ERR589787_3	China	2012
166	ERR589787_4	China	2012
167	ERR1190711_1	China	2014
168	ERR1190711_2	China	2014
169	ERR1190711_3	China	2014
170	ERR1190711_4	China	2014
171	ERR1190711_5	China	2014
172	ERR1190711_6	China	2014
173	ERR1190711_7	China	2014
174	ERR1190711_8	China	2014
175	ERR1190711_9	China	2014
176	ERR1190711_10	China	2014
177	ERR1190711_11	China	2014
178	ERR1190711_12	China	2014
179	ERR1190711_13	China	2014
180	ERR1190711_14	China	2014
181	ERR1190711_15	China	2014
182	ERR1190711_16	China	2014
183	ERR1190711_17	China	2014
184	ERR1190711_18	China	2014
185	ERR1190711_19	China	2014
186	ERR527126_1	China	2011
187	ERR527126_2	China	2011
188	SRR4444875_1	USA	2014-06-02
189	SRR4444875_2	USA	2014-06-02
190	SRR4444875_3	USA	2014-06-02
191	SRR1750100_1	USA	30-Jun-2014
192	SRR1750100_2	USA	30-Jun-2014
193	ERR589811_1	China	2012
194	ERR589811_2	China	2012
195	ERR589811_3	China	2012
196	ERR589811_4	China	2012
197	ERR589811_5	China	2012
198	ERR589811_6	China	2012
199	ERR589811_7	China	2012
200	ERR589811_8	China	2012
201	ERR589811_9	China	2012
202	ERR225946_1	Germany	13-08-2009
203	ERR225946_2	Germany	13-08-2009
204	SRR1761677_1	USA	2013
205	SRR1761677_2	USA	2013
206	ERR321530_1	Denmark	2008-2010
207	ERR321530_2	Denmark	2008-2010
208	ERR321530_3	Denmark	2008-2010
209	ERR321530_4	Denmark	2008-2010
210	ERR321530_5	Denmark	2008-2010
211	ERR1190968_1	China	2014
212	ERR1190968_2	China	2014
213	ERR1190968_3	China	2014
214	ERR1190968_4	China	2014
215	ERR1190968_5	China	2014
216	ERR1190968_6	China	2014
217	ERR1190968_7	China	2014
218	ERR1190968_8	China	2014
219	ERR1190955_1	China	2014
220	SRR3313045_1	Luxembourg	2012-10-18
221	SRR3313045_2	Luxembourg	2012-10-18
222	SRR3313045_3	Luxembourg	2012-10-18
223	ERR479285_1	France	2004/2006
224	ERR479285_2	France	2004/2006
225	ERR479285_3	France	2004/2006
226	ERR479285_4	France	2004/2006
227	ERR479285_5	France	2004/2006
228	ERR479285_6	France	2004/2006
229	ERR479285_7	France	2004/2006
230	ERR479285_8	France	2004/2006
231	ERR479285_9	France	2004/2006
232	ERR479285_10	France	2004/2006
233	ERR479285_11	France	2004/2006
234	ERR479285_12	France	2004/2006
235	SRR4423697_1	USA	2014-06-04
236	SRR4032513_1	USA	2013
237	SRR4032513_2	USA	2013
238	ERR321437_1	Denmark	2008-2010
239	ERR1018213_1	China	2012
240	ERR1018213_2	China	2012
241	ERR1018213_3	China	2012
242	ERR1018213_4	China	2012
243	ERR1018213_5	China	2012
244	ERR1018213_6	China	2012
245	ERR1018213_7	China	2012
246	ERR1018213_8	China	2012
247	ERR1018213_9	China	2012
248	ERR1018213_10	China	2012
249	ERR1018213_11	China	2012
250	ERR1018213_12	China	2012
251	ERR1018213_13	China	2012
252	ERR1018213_14	China	2012
253	ERR1018213_15	China	2012
254	ERR1018213_16	China	2012
255	ERR1018213_17	China	2012
256	ERR1018213_18	China	2012
257	ERR1018213_19	China	2012
258	ERR1018213_20	China	2012
259	ERR1018213_21	China	2012
260	ERR1018213_22	China	2012
261	ERR1018213_23	China	2012
262	ERR1018213_24	China	2012
263	ERR1018213_25	China	2012
264	ERR1018213_26	China	2012
265	ERR1018213_27	China	2012
266	ERR1018213_28	China	2012
267	ERR1018213_29	China	2012
268	ERR1018213_30	China	2012
269	ERR1018213_31	China	2012
270	ERR1018213_32	China	2012
271	ERR1018213_33	China	2012
272	ERR1018213_34	China	2012
273	ERR1018213_35	China	2012
274	ERR1018213_36	China	2012
275	ERR1018213_37	China	2012
276	ERR1018213_38	China	2012
277	ERR1018213_39	China	2012
278	ERR1018213_40	China	2012
279	ERR1018213_41	China	2012
280	ERR1018213_42	China	2012
281	ERR1018213_43	China	2012
282	ERR1018213_44	China	2012
283	ERR1018213_45	China	2012
284	ERR1018213_46	China	2012
285	ERR1018213_47	China	2012
286	ERR1018213_48	China	2012
287	ERR1018213_49	China	2012
288	ERR1018213_50	China	2012
289	ERR1018213_51	China	2012
290	ERR1018213_52	China	2012
291	ERR1018213_53	China	2012
292	ERR1018213_54	China	2012
293	ERR1018213_55	China	2012
294	ERR1018213_56	China	2012
295	ERR1018213_57	China	2012
296	ERR1018213_58	China	2012
297	ERR1018213_59	China	2012
298	ERR1018213_60	China	2012
299	ERR1018213_61	China	2012
300	ERR1018213_62	China	2012
301	ERR1018213_63	China	2012
302	ERR1018213_64	China	2012
303	SRR3993023_1	Mongolia	Oct-2010
304	SRR3993023_2	Mongolia	Oct-2010
305	ERR1190555_1	China	2014
306	ERR1190555_2	China	2014
307	ERR1190555_3	China	2014
308	ERR1190555_4	China	2014
309	ERR1190555_5	China	2014
310	ERR1190555_6	China	2014
311	ERR1190555_7	China	2014
312	ERR1190555_8	China	2014
313	ERR1190555_9	China	2014
314	ERR1190555_10	China	2014
315	SRR3993056_1	China	Oct-2010
316	SRR2940942_1	USA	2012-08-23
317	ERR321483_1	Denmark	2008-2010
318	ERR321483_2	Denmark	2008-2010
319	ERR321483_3	Denmark	2008-2010
320	ERR321483_4	Denmark	2008-2010
321	ERR321483_5	Denmark	2008-2010
322	ERR321483_6	Denmark	2008-2010
323	ERR321483_7	Denmark	2008-2010
324	ERR321483_8	Denmark	2008-2010
325	ERR321483_9	Denmark	2008-2010
326	ERR321483_10	Denmark	2008-2010
327	ERR321483_11	Denmark	2008-2010
328	ERR321483_12	Denmark	2008-2010
329	ERR321483_13	Denmark	2008-2010
330	ERR321483_14	Denmark	2008-2010
331	ERR321483_15	Denmark	2008-2010
332	ERR321483_16	Denmark	2008-2010
333	ERR321483_17	Denmark	2008-2010
334	ERR321483_18	Denmark	2008-2010
335	ERR321483_19	Denmark	2008-2010
336	ERR321483_20	Denmark	2008-2010
337	ERR321483_21	Denmark	2008-2010
338	ERR321483_22	Denmark	2008-2010
339	ERR321483_23	Denmark	2008-2010
340	ERR321483_24	Denmark	2008-2010
341	ERR321483_25	Denmark	2008-2010
342	ERR321483_26	Denmark	2008-2010
343	ERR321483_27	Denmark	2008-2010
344	ERR321483_28	Denmark	2008-2010
345	ERR321483_29	Denmark	2008-2010
346	ERR321483_30	Denmark	2008-2010
347	ERR321483_31	Denmark	2008-2010
348	ERR321483_32	Denmark	2008-2010
349	ERR321483_33	Denmark	2008-2010
350	ERR321483_34	Denmark	2008-2010
351	ERR321483_35	Denmark	2008-2010
352	ERR321483_36	Denmark	2008-2010
353	ERR479366_1	France	2004/2006
354	ERR479366_2	France	2004/2006
355	ERR479366_3	France	2004/2006
356	ERR479366_4	France	2004/2006
357	ERR479366_5	France	2004/2006
358	ERR479366_6	France	2004/2006
359	ERR479366_7	France	2004/2006
360	ERR479366_8	France	2004/2006
361	ERR479366_9	France	2004/2006
362	ERR479366_10	France	2004/2006
363	ERR479366_11	France	2004/2006
364	ERR1190617_1	China	2014
365	ERR527120_1	China	2011
366	ERR527120_2	China	2011
367	ERR527120_3	China	2011
368	ERR525764_1	Denmark	2008/2010
369	ERR525764_2	Denmark	2008/2010
370	SRR2043636_1	Hong Kong	Apr-2014
371	SRR2043636_2	Hong Kong	Apr-2014
372	ERR1190673_1	China	2014
373	ERR1190673_2	China	2014
374	SRR2566056_1	Canada	2010-03-25
375	SRR2566056_2	Canada	2010-03-25
376	SRR2566056_3	Canada	2010-03-25
377	SRR2566056_4	Canada	2010-03-25
378	SRR2566056_5	Canada	2010-03-25
379	SRR2566056_6	Canada	2010-03-25
380	SRR2566056_7	Canada	2010-03-25
381	SRR2566056_8	Canada	2010-03-25
382	SRR2566056_9	Canada	2010-03-25
383	SRR2566056_10	Canada	2010-03-25
384	SRR2566056_11	Canada	2010-03-25
385	SRR2566056_12	Canada	2010-03-25
386	SRR2566056_13	Canada	2010-03-25
387	SRR2566056_14	Canada	2010-03-25
388	SRR2566056_15	Canada	2010-03-25
389	SRR2566056_16	Canada	2010-03-25
390	SRR2566056_17	Canada	2010-03-25
391	SRR2566056_18	Canada	2010-03-25
392	SRR2566056_19	Canada	2010-03-25
393	SRR2566056_20	Canada	2010-03-25
394	SRR2566056_21	Canada	2010-03-25
395	SRR2566056_22	Canada	2010-03-25
396	SRR2566056_23	Canada	2010-03-25
397	SRR2566056_24	Canada	2010-03-25
398	SRR2566056_25	Canada	2010-03-25
399	SRR2566056_26	Canada	2010-03-25
400	SRR2566056_27	Canada	2010-03-25
401	SRR2566056_28	Canada	2010-03-25
402	SRR2566056_29	Canada	2010-03-25
403	SRR2566056_30	Canada	2010-03-25
404	SRR2566056_31	Canada	2010-03-25
405	SRR2566056_32	Canada	2010-03-25
406	SRR2566056_33	Canada	2010-03-25
407	SRR2566056_34	Canada	2010-03-25
408	SRR2566056_35	Canada	2010-03-25
409	SRR2566056_36	Canada	2010-03-25
410	SRR2566056_37	Canada	2010-03-25
411	SRR2566056_38	Canada	2010-03-25
412	SRR2566056_39	Canada	2010-03-25
413	SRR2566056_40	Canada	2010-03-25
414	SRR2566056_41	Canada	2010-03-25
415	SRR2566056_42	Canada	2010-03-25
416	SRR2566056_43	Canada	2010-03-25
417	SRR2566056_44	Canada	2010-03-25
418	SRR2566056_45	Canada	2010-03-25
419	SRR2566056_46	Canada	2010-03-25
420	SRR2566056_47	Canada	2010-03-25
421	SRR2566056_48	Canada	2010-03-25
422	SRR2566056_49	Canada	2010-03-25
423	SRR2566056_50	Canada	2010-03-25
424	SRR2566056_51	Canada	2010-03-25
425	SRR2566056_52	Canada	2010-03-25
426	SRR2566056_53	Canada	2010-03-25
427	SRR2566056_54	Canada	2010-03-25
428	SRR2566056_55	Canada	2010-03-25
429	SRR2566056_56	Canada	2010-03-25
430	SRR2566056_57	Canada	2010-03-25
431	SRR2566056_58	Canada	2010-03-25
432	SRR2566056_59	Canada	2010-03-25
433	SRR2566056_60	Canada	2010-03-25
434	SRR2566056_61	Canada	2010-03-25
435	SRR2566056_62	Canada	2010-03-25
436	SRR2566056_63	Canada	2010-03-25
437	SRR2566056_64	Canada	2010-03-25
438	SRR2566056_65	Canada	2010-03-25
439	SRR2566056_66	Canada	2010-03-25
440	SRR2566056_67	Canada	2010-03-25
441	SRR2566056_68	Canada	2010-03-25
442	SRR2566056_69	Canada	2010-03-25
443	SRR2566056_70	Canada	2010-03-25
444	SRR2566056_71	Canada	2010-03-25
445	SRR2566056_72	Canada	2010-03-25
446	SRR2566056_73	Canada	2010-03-25
447	SRR2566056_74	Canada	2010-03-25
448	SRR2566056_75	Canada	2010-03-25
449	SRR2566056_76	Canada	2010-03-25
450	SRR2566056_77	Canada	2010-03-25
451	SRR2566056_78	Canada	2010-03-25
452	SRR2566056_79	Canada	2010-03-25
453	SRR2566056_80	Canada	2010-03-25
454	SRR2566056_81	Canada	2010-03-25
455	SRR2566056_82	Canada	2010-03-25
456	SRR2566056_83	Canada	2010-03-25
457	SRR2566056_84	Canada	2010-03-25
458	SRR2566056_85	Canada	2010-03-25
459	SRR2566056_86	Canada	2010-03-25
460	SRR2566056_87	Canada	2010-03-25
461	SRR2566056_88	Canada	2010-03-25
462	SRR2566056_89	Canada	2010-03-25
463	SRR2566056_90	Canada	2010-03-25
464	SRR2566056_91	Canada	2010-03-25
465	SRR2566056_92	Canada	2010-03-25
466	SRR2566056_93	Canada	2010-03-25
467	SRR4074260_1	Italy	2013
468	SRR4074260_2	Italy	2013
469	SRR4074260_3	Italy	2013
470	SRR4074260_4	Italy	2013
471	SRR4074260_5	Italy	2013
472	SRR4074260_6	Italy	2013
473	SRR4074260_7	Italy	2013
474	SRR4074260_8	Italy	2013
475	SRR4074260_9	Italy	2013
476	SRR4074260_10	Italy	2013
477	SRR4074260_11	Italy	2013
478	SRR4074260_12	Italy	2013
479	SRR4074260_13	Italy	2013
480	SRR4074260_14	Italy	2013
481	SRR4074260_15	Italy	2013
482	SRR4074260_16	Italy	2013
483	SRR4074260_17	Italy	2013
484	SRR4074260_18	Italy	2013
485	SRR4074260_19	Italy	2013
486	SRR4074260_20	Italy	2013
487	SRR4074260_21	Italy	2013
488	SRR4074260_22	Italy	2013
489	SRR4074260_23	Italy	2013
490	SRR4074260_24	Italy	2013
491	SRR4074260_25	Italy	2013
492	SRR4074260_26	Italy	2013
493	SRR4074260_27	Italy	2013
494	SRR4074260_28	Italy	2013
495	SRR4074260_29	Italy	2013
496	SRR4074260_30	Italy	2013
497	SRR4074260_31	Italy	2013
498	SRR4074260_32	Italy	2013
499	SRR4074260_33	Italy	2013
500	SRR4074260_34	Italy	2013
501	SRR4074260_35	Italy	2013
502	SRR4074260_36	Italy	2013
503	SRR4074260_37	Italy	2013
504	SRR4074260_38	Italy	2013
505	SRR4074260_39	Italy	2013
506	SRR4074260_40	Italy	2013
507	SRR4074260_41	Italy	2013
508	SRR4074260_42	Italy	2013
509	SRR4074260_43	Italy	2013
510	SRR4074260_44	Italy	2013
511	SRR4074260_45	Italy	2013
512	SRR4074260_46	Italy	2013
513	SRR4074260_47	Italy	2013
514	SRR4074260_48	Italy	2013
515	SRR4074260_49	Italy	2013
516	SRR4074260_50	Italy	2013
517	SRR4074260_51	Italy	2013
518	SRR4074260_52	Italy	2013
519	SRR4074260_53	Italy	2013
520	SRR4074260_54	Italy	2013
521	SRR4074260_55	Italy	2013
522	SRR4074260_56	Italy	2013
523	SRR4074260_57	Italy	2013
524	SRR4074260_58	Italy	2013
525	SRR4074260_59	Italy	2013
526	SRR4074260_60	Italy	2013
527	SRR4074260_61	Italy	2013
528	SRR4074260_62	Italy	2013
529	SRR4074260_63	Italy	2013
530	SRR4074260_64	Italy	2013
531	SRR4074260_65	Italy	2013
532	SRR4074260_66	Italy	2013
533	SRR4074260_67	Italy	2013
534	SRR4074260_68	Italy	2013
535	SRR4074260_69	Italy	2013
536	SRR4074260_70	Italy	2013
537	SRR4074260_71	Italy	2013
538	SRR4074260_72	Italy	2013
539	SRR4074260_73	Italy	2013
540	SRR4074260_74	Italy	2013
541	SRR4074260_75	Italy	2013
542	SRR4074260_76	Italy	2013
543	SRR4074260_77	Italy	2013
544	SRR4074260_78	Italy	2013
545	SRR4074260_79	Italy	2013
546	SRR4074260_80	Italy	2013
547	SRR4074260_81	Italy	2013
548	SRR4074260_82	Italy	2013
549	SRR4074260_83	Italy	2013
550	SRR4074260_84	Italy	2013
551	SRR4074260_85	Italy	2013
552	SRR4074260_86	Italy	2013
553	SRR4074260_87	Italy	2013
554	SRR4074260_88	Italy	2013
555	SRR4074260_89	Italy	2013
556	SRR4074260_90	Italy	2013
557	SRR4074260_91	Italy	2013
558	SRR4074260_92	Italy	2013
559	SRR4074260_93	Italy	2013
560	SRR4074260_94	Italy	2013
561	SRR4074260_95	Italy	2013
562	SRR4074260_96	Italy	2013
563	SRR4074260_97	Italy	2013
564	SRR4074260_98	Italy	2013
565	SRR4074260_99	Italy	2013
566	SRR4074260_100	Italy	2013
567	ERR748174_1	Germany	2011/2014
568	ERR748174_2	Germany	2011/2014
569	ERR1190536_1	China	2014
570	ERR1190536_2	China	2014
571	ERR1190621_1	China	2014
572	ERR1190621_2	China	2014
573	ERR1190705_1	China	2014
574	ERR1190705_2	China	2014
575	ERR1190705_3	China	2014
576	ERR479385_1	France	2004/2006
577	ERR479385_2	France	2004/2006
578	ERR479385_3	France	2004/2006
579	ERR479385_4	France	2004/2006
580	SRR1535328_1	China	2012
581	SRR1535328_2	China	2012
582	ERR527091_1	China	2011
583	ERR209640_1	Spain	2008-2010
584	ERR209640_2	Spain	2008-2010
585	ERR209640_3	Spain	2008-2010
586	ERR527107_1	China	2011
587	ERR527107_2	China	2011
588	ERR527107_3	China	2011
589	ERR527107_4	China	2011
590	ERR527107_5	China	2011
591	ERR527107_6	China	2011
592	ERR527107_7	China	2011
593	ERR527107_8	China	2011
594	ERR527107_9	China	2011
595	ERR527107_10	China	2011
596	ERR527107_11	China	2011
597	ERR527107_12	China	2011
598	ERR527107_13	China	2011
599	ERR527107_14	China	2011
600	ERR527107_15	China	2011
601	ERR527107_16	China	2011
602	ERR527107_17	China	2011
603	ERR527107_18	China	2011
604	ERR527107_19	China	2011
605	ERR527107_20	China	2011
606	ERR527107_21	China	2011
607	ERR527107_22	China	2011
608	ERR527107_23	China	2011
609	ERR527107_24	China	2011
610	ERR527107_25	China	2011
611	ERR527107_26	China	2011
612	ERR527107_27	China	2011
613	ERR527107_28	China	2011
614	ERR527107_29	China	2011
615	ERR527107_30	China	2011
616	ERR527107_31	China	2011
617	ERR527107_32	China	2011
618	ERR527107_33	China	2011
619	ERR527107_34	China	2011
620	ERR527107_35	China	2011
621	ERR527107_36	China	2011
622	ERR527107_37	China	2011
623	ERR527107_38	China	2011
624	ERR527107_39	China	2011
625	ERR527107_40	China	2011
626	ERR527107_41	China	2011
627	ERR527107_42	China	2011
628	ERR527107_43	China	2011
629	ERR527107_44	China	2011
630	ERR527107_45	China	2011
631	ERR527107_46	China	2011
632	ERR527107_47	China	2011
633	ERR527107_48	China	2011
634	ERR527107_49	China	2011
635	ERR527107_50	China	2011
636	ERR527107_51	China	2011
637	ERR527107_52	China	2011
638	ERR527107_53	China	2011
639	ERR527107_54	China	2011
640	ERR527107_55	China	2011
641	ERR527107_56	China	2011
642	ERR527107_57	China	2011
643	ERR527107_58	China	2011
644	ERR527107_59	China	2011
645	ERR527107_60	China	2011
646	ERR527107_61	China	2011
647	ERR527107_62	China	2011
648	ERR527107_63	China	2011
649	ERR527107_64	China	2011
650	ERR527107_65	China	2011
651	ERR527107_66	China	2011
652	ERR527107_67	China	2011
653	ERR527107_68	China	2011
654	ERR527107_69	China	2011
655	ERR527107_70	China	2011
656	ERR527107_71	China	2011
657	ERR527107_72	China	2011
658	ERR527107_73	China	2011
659	ERR527107_74	China	2011
660	ERR527107_75	China	2011
661	ERR527107_76	China	2011
662	ERR527107_77	China	2011
663	ERR527107_78	China	2011
664	ERR527107_79	China	2011
665	ERR527107_80	China	2011
666	ERR527107_81	China	2011
667	ERR527107_82	China	2011
668	ERR527107_83	China	2011
669	ERR527107_84	China	2011
670	ERR527107_85	China	2011
671	ERR527107_86	China	2011
672	ERR527107_87	China	2011
673	ERR527107_88	China	2011
674	ERR527107_89	China	2011
675	ERR527107_90	China	2011
676	ERR527107_91	China	2011
677	ERR527107_92	China	2011
678	ERR527107_93	China	2011
679	ERR1578696_1	China	2013
680	ERR1578696_2	China	2013
681	ERR414514_1	Denmark	2008/2010
682	ERR414514_2	Denmark	2008/2010
683	ERR1190683_1	China	2014
684	ERR1190683_2	China	2014
685	SRR3737005_1	USA	2012-10-18
686	SRR3737005_2	USA	2012-10-18
687	ERR209797_1	Spain	2008-2010
688	SRR4032496_1	USA	2013
689	SRR4032496_2	USA	2013
690	SRR4032496_3	USA	2013
691	SRR4032496_4	USA	2013
692	SRR4074332_1	Italy	2013
693	SRR4074332_2	Italy	2013
694	SRR4074332_3	Italy	2013
695	SRR4074332_4	Italy	2013
696	SRR4074332_5	Italy	2013
697	SRR4074332_6	Italy	2013
698	SRR4074332_7	Italy	2013
699	SRR4074332_8	Italy	2013
700	SRR4074332_9	Italy	2013
701	SRR4074332_10	Italy	2013
702	SRR4074332_11	Italy	2013
703	SRR4074332_12	Italy	2013
704	SRR4074332_13	Italy	2013
705	SRR4074332_14	Italy	2013
706	SRR4074332_15	Italy	2013
707	SRR4074332_16	Italy	2013
708	SRR4074332_17	Italy	2013
709	SRR4074332_18	Italy	2013
710	SRR4074332_19	Italy	2013
711	SRR4074332_20	Italy	2013
712	SRR4074332_21	Italy	2013
713	SRR4074332_22	Italy	2013
714	SRR4074332_23	Italy	2013
715	SRR4074332_24	Italy	2013
716	SRR4074332_25	Italy	2013
717	SRR4074332_26	Italy	2013
718	SRR4074332_27	Italy	2013
719	SRR4074332_28	Italy	2013
720	SRR4074332_29	Italy	2013
721	SRR4074332_30	Italy	2013
722	SRR4074332_31	Italy	2013
723	SRR4074332_32	Italy	2013
724	SRR4074332_33	Italy	2013
725	SRR4074332_34	Italy	2013
726	SRR4074332_35	Italy	2013
727	SRR4074332_36	Italy	2013
728	SRR4074332_37	Italy	2013
729	SRR4074332_38	Italy	2013
730	SRR4074332_39	Italy	2013
731	SRR4074332_40	Italy	2013
732	SRR4074332_41	Italy	2013
733	SRR4074332_42	Italy	2013
734	SRR4074332_43	Italy	2013
735	SRR4074332_44	Italy	2013
736	SRR4074332_45	Italy	2013
737	SRR4074332_46	Italy	2013
738	SRR4074332_47	Italy	2013
739	SRR4074332_48	Italy	2013
740	SRR4074332_49	Italy	2013
741	SRR4074332_50	Italy	2013
742	SRR4074332_51	Italy	2013
743	SRR4074332_52	Italy	2013
744	SRR4074332_53	Italy	2013
745	SRR4074332_54	Italy	2013
746	SRR4074332_55	Italy	2013
747	SRR4074332_56	Italy	2013
748	SRR4074332_57	Italy	2013
749	SRR4074332_58	Italy	2013
750	SRR4074332_59	Italy	2013
751	SRR4074332_60	Italy	2013
752	SRR4074332_61	Italy	2013
753	SRR4074332_62	Italy	2013
754	SRR4074332_63	Italy	2013
755	SRR4074332_64	Italy	2013
756	SRR4074332_65	Italy	2013
757	SRR4074332_66	Italy	2013
758	SRR4074332_67	Italy	2013
759	SRR4074332_68	Italy	2013
760	SRR4074332_69	Italy	2013
761	SRR4074332_70	Italy	2013
762	SRR4074332_71	Italy	2013
763	SRR4074332_72	Italy	2013
764	SRR4074332_73	Italy	2013
765	SRR4074332_74	Italy	2013
766	SRR4074332_75	Italy	2013
767	SRR4074332_76	Italy	2013
768	SRR4074332_77	Italy	2013
769	SRR4074332_78	Italy	2013
770	SRR4074332_79	Italy	2013
771	SRR4074332_80	Italy	2013
772	SRR4074332_81	Italy	2013
773	SRR4074332_82	Italy	2013
774	SRR4074332_83	Italy	2013
775	SRR4074332_84	Italy	2013
776	SRR4074332_85	Italy	2013
777	SRR4074332_86	Italy	2013
778	SRR4074332_87	Italy	2013
779	SRR4074332_88	Italy	2013
780	SRR4074332_89	Italy	2013
781	SRR4074332_90	Italy	2013
782	SRR4074332_91	Italy	2013
783	SRR4074332_92	Italy	2013
784	SRR4074332_93	Italy	2013
785	SRR4074332_94	Italy	2013
786	SRR4074332_95	Italy	2013
787	SRR4074332_96	Italy	2013
788	SRR4074332_97	Italy	2013
789	SRR4074332_98	Italy	2013
790	SRR4074332_99	Italy	2013
791	SRR2565547_1	Canada	2010-05-17
792	SRR4423581_1	USA	2014-06-03
793	SRR4423581_2	USA	2014-06-03
794	ERR478971_1	France	2004/2006
795	ERR478971_2	France	2004/2006
796	ERR478971_3	France	2004/2006
797	ERR209566_1	Spain	2008-2010
798	ERR209566_2	Spain	2008-2010
799	ERR209566_3	Spain	2008-2010
800	ERR209824_1	Spain	2008-2010
801	ERR209824_2	Spain	2008-2010
802	ERR209824_3	Spain	2008-2010
803	ERR209824_4	Spain	2008-2010
804	ERR209824_5	Spain	2008-2010
805	ERR209824_6	Spain	2008-2010
806	ERR210492_1	Spain	2008-2010
807	ERR210492_2	Spain	2008-2010
808	ERR525843_1	Denmark	2008/2010
809	ERR525843_2	Denmark	2008/2010
810	ERR525843_3	Denmark	2008/2010
811	ERR525843_4	Denmark	2008/2010
812	ERR525843_5	Denmark	2008/2010
813	SRR4481704_1	USA	2014-06-03
814	SRR4481704_2	USA	2014-06-03
815	SRR4481704_3	USA	2014-06-03
816	ERR479493_1	Germany	2011/2013
817	ERR1190954_1	China	2014
818	ERR1190954_2	China	2014
819	ERR1190954_3	China	2014
820	ERR1190954_4	China	2014
821	ERR1190954_5	China	2014
822	ERR1190954_6	China	2014
823	ERR1190954_7	China	2014
824	ERR1190954_8	China	2014
825	SRR3313072_1	Luxembourg	2012-09-20
826	SRR3313072_2	Luxembourg	2012-09-20
827	SRR4435717_1	USA	2014-06-09
828	SRR4435717_2	USA	2014-06-09
829	SRR4435717_3	USA	2014-06-09
830	SRR4435717_4	USA	2014-06-09
831	SRR4435717_5	USA	2014-06-09
832	SRR4435717_6	USA	2014-06-09
833	SRR4435717_7	USA	2014-06-09
834	ERR414330_1	Denmark	2008/2010
835	ERR414330_2	Denmark	2008/2010
836	ERR414330_3	Denmark	2008/2010
837	ERR748151_1	Germany	2011/2014
838	ERR748151_2	Germany	2011/2014
839	ERR209392_1	Denmark	2008-2010
840	ERR414327_1	Denmark	2008/2010
841	ERR414362_1	Spain	2008/2010
842	ERR504978_1	China	2008/2010
843	ERR504978_2	China	2008/2010
844	ERR504978_3	China	2008/2010
845	ERR504978_4	China	2008/2010
846	ERR504978_5	China	2008/2010
847	ERR504978_6	China	2008/2010
848	ERR504978_7	China	2008/2010
849	ERR504978_8	China	2008/2010
850	ERR504978_9	China	2008/2010
851	ERR504978_10	China	2008/2010
852	ERR504978_11	China	2008/2010
853	ERR504978_12	China	2008/2010
854	ERR504978_13	China	2008/2010
855	ERR504978_14	China	2008/2010
856	ERR504978_15	China	2008/2010
857	ERR504978_16	China	2008/2010
858	ERR504978_17	China	2008/2010
859	ERR504978_18	China	2008/2010
860	ERR504978_19	China	2008/2010
861	ERR504978_20	China	2008/2010
862	ERR504978_21	China	2008/2010
863	ERR504978_22	China	2008/2010
864	ERR504978_23	China	2008/2010
865	ERR504978_24	China	2008/2010
866	ERR504978_25	China	2008/2010
867	ERR504978_26	China	2008/2010
868	ERR504978_27	China	2008/2010
869	ERR504978_28	China	2008/2010
870	ERR504978_29	China	2008/2010
871	ERR504978_30	China	2008/2010
872	ERR504978_31	China	2008/2010
873	ERR504978_32	China	2008/2010
874	ERR504978_33	China	2008/2010
875	ERR479395_1	France	2004/2006
876	ERR479395_2	France	2004/2006
877	ERR479395_3	France	2004/2006
878	ERR479395_4	France	2004/2006
879	ERR479395_5	France	2004/2006
880	ERR479395_6	France	2004/2006
881	ERR479395_7	France	2004/2006
882	ERR479395_8	France	2004/2006
883	ERR479395_9	France	2004/2006
884	ERR479395_10	France	2004/2006
885	ERR479395_11	France	2004/2006
886	ERR479395_12	France	2004/2006
887	ERR479395_13	France	2004/2006
888	ERR479395_14	France	2004/2006
889	SRR2155358_1	Germany	Feb-2010
890	SRR2155358_2	Germany	Feb-2010
891	SRR2155358_3	Germany	Feb-2010
892	SRR2155358_4	Germany	Feb-2010
893	SRR2155358_5	Germany	Feb-2010
894	ERR479494_1	Germany	2011/2013
895	ERR525772_1	Denmark	2008/2010
896	SRR2298544_1	Finland	1999-06-09
897	SRR2298544_2	Finland	1999-06-09
898	ERR479531_1	Germany	2011/2013
899	SRR3737022_1	USA	2012-10-18
900	ERR1018221_1	China	2012
901	ERR1018286_1	China	2012
902	ERR1018286_2	China	2012
903	ERR1018286_3	China	2012
904	ERR1578693_1	China	2013
905	ERR1190648_1	China	2014
906	ERR1190648_2	China	2014
907	ERR1190648_3	China	2014
908	ERR1190648_4	China	2014
909	ERR589753_1	China	2012
910	ERR589753_2	China	2012
911	ERR589753_3	China	2012
912	ERR589753_4	China	2012
913	SRR2583985_1	Canada	2010-07-21
914	SRR2583985_2	Canada	2010-07-21
915	ERR210620_1	Spain	2008-2010
916	ERR210620_2	Spain	2008-2010
917	ERR1190914_1	China	2014
918	SRR2043641_1	Hong Kong	Apr-2014
919	SRR2043641_2	Hong Kong	Apr-2014
920	SRR2043641_3	Hong Kong	Apr-2014
921	SRR2043641_4	Hong Kong	Apr-2014
922	SRR2043641_5	Hong Kong	Apr-2014
923	SRR2043641_6	Hong Kong	Apr-2014
924	SRR2043641_7	Hong Kong	Apr-2014
925	SRR2043641_8	Hong Kong	Apr-2014
926	SRR2043641_9	Hong Kong	Apr-2014
927	SRR2043641_10	Hong Kong	Apr-2014
928	SRR2043641_11	Hong Kong	Apr-2014
929	ERR479356_1	France	2004/2006
930	SRR3182144_1	USA	2014-01-24
931	SRR3182144_2	USA	2014-01-24
932	SRR4236649_1	USA	2014-11-24
933	SRR4236649_2	USA	2014-11-24
934	SRR4236649_3	USA	2014-11-24
935	SRR4236649_4	USA	2014-11-24
936	ERR1190620_1	China	2014
937	ERR1190620_2	China	2014
938	ERR1190620_3	China	2014
939	SRR2565544_1	Canada	2010-05-11
940	SRR2565544_2	Canada	2010-05-11
941	ERR1578622_1	China	2013
942	ERR414462_1	Spain	2008/2010
943	ERR414462_2	Spain	2008/2010
944	ERR414462_3	Spain	2008/2010
945	ERR414462_4	Spain	2008/2010
946	ERR414462_5	Spain	2008/2010
947	ERR414462_6	Spain	2008/2010
948	ERR748351_1	Germany	2011/2014
949	ERR748351_2	Germany	2011/2014
950	ERR321591_1	Denmark	2008-2010
951	ERR321591_2	Denmark	2008-2010
952	ERR321591_3	Denmark	2008-2010
953	ERR321591_4	Denmark	2008-2010
954	ERR209732_1	Spain	2008-2010
955	ERR480819_1	France	2004/2006
956	ERR480819_2	France	2004/2006
957	SRR4032484_1	USA	2013
958	SRR4032484_2	USA	2013
959	ERR321523_1	Denmark	2008-2010
960	ERR321523_2	Denmark	2008-2010
961	ERR321523_3	Denmark	2008-2010
962	ERR321523_4	Denmark	2008-2010
963	ERR321523_5	Denmark	2008-2010
964	ERR321523_6	Denmark	2008-2010
965	ERR321523_7	Denmark	2008-2010
966	ERR321523_8	Denmark	2008-2010
967	ERR321523_9	Denmark	2008-2010
968	ERR321523_10	Denmark	2008-2010
969	ERR525803_1	Denmark	2008/2010
970	ERR525803_2	Denmark	2008/2010
971	ERR1190643_1	China	2014
972	ERR1190770_1	China	2014
973	ERR1190770_2	China	2014
974	SRR4435697_1	USA	2014-06-08
975	SRR4435697_2	USA	2014-06-08
976	SRR4435697_3	USA	2014-06-08
977	SRR4435697_4	USA	2014-06-08
978	SRR4435697_5	USA	2014-06-08
979	SRR4435697_6	USA	2014-06-08
980	SRR4435697_7	USA	2014-06-08
981	SRR4435697_8	USA	2014-06-08
982	SRR4435697_9	USA	2014-06-08
983	SRR4435697_10	USA	2014-06-08
984	ERR1018203_1	China	2012
985	ERR1018206_1	China	2012
986	ERR1018206_2	China	2012
987	ERR1018206_3	China	2012
988	ERR1018206_4	China	2012
989	ERR1018206_5	China	2012
990	ERR1018206_6	China	2012
991	ERR1018206_7	China	2012
992	ERR1018206_8	China	2012
993	ERR1018206_9	China	2012
994	ERR1018206_10	China	2012
995	ERR1018206_11	China	2012
996	ERR1018206_12	China	2012
997	ERR1018206_13	China	2012
998	ERR1018206_14	China	2012
999	ERR1018206_15	China	2012
1000	ERR1018206_16	China	2012
1001	ERR1018206_17	China	2012
1002	ERR1018206_18	China	2012
1003	ERR1018206_19	China	2012
1004	ERR1018206_20	China	2012
1005	ERR1018206_21	China	2012
1006	ERR1018206_22	China	2012
1007	ERR1018206_23	China	2012
1008	ERR1018206_24	China	2012
1009	ERR1018206_25	China	2012
1010	ERR1018206_26	China	2012
1011	ERR1018206_27	China	2012
1012	ERR1018206_28	China	2012
1013	ERR1018206_29	China	2012
1014	ERR1018206_30	China	2012
1015	ERR1018206_31	China	2012
1016	ERR1018206_32	China	2012
1017	ERR1018206_33	China	2012
1018	ERR1018206_34	China	2012
1019	ERR1018206_35	China	2012
1020	ERR1018206_36	China	2012
1021	ERR1018206_37	China	2012
1022	ERR1018206_38	China	2012
1023	ERR1018206_39	China	2012
1024	ERR1018206_40	China	2012
1025	ERR1018206_41	China	2012
1026	ERR1018206_42	China	2012
1027	ERR1018206_43	China	2012
1028	ERR1018206_44	China	2012
1029	ERR1018206_45	China	2012
1030	ERR1018206_46	China	2012
1031	ERR1018206_47	China	2012
1032	ERR1018206_48	China	2012
1033	ERR1018206_49	China	2012
1034	ERR1018206_50	China	2012
1035	ERR1018206_51	China	2012
1036	ERR1018206_52	China	2012
1037	ERR1018206_53	China	2012
1038	ERR1018206_54	China	2012
1039	ERR1018206_55	China	2012
1040	ERR1018206_56	China	2012
1041	ERR1018206_57	China	2012
1042	ERR1018206_58	China	2012
1043	ERR1018206_59	China	2012
1044	ERR1018206_60	China	2012
1045	ERR1018206_61	China	2012
1046	ERR1018206_62	China	2012
1047	ERR1018206_63	China	2012
1048	ERR1018206_64	China	2012
1049	ERR1018206_65	China	2012
1050	ERR1018206_66	China	2012
1051	ERR1018206_67	China	2012
1052	ERR1018206_68	China	2012
1053	ERR1018206_69	China	2012
1054	ERR1018206_70	China	2012
1055	ERR1018206_71	China	2012
1056	ERR1018206_72	China	2012
1057	ERR1018206_73	China	2012
1058	ERR1018206_74	China	2012
1059	ERR1018206_75	China	2012
1060	ERR1018206_76	China	2012
1061	ERR1018206_77	China	2012
1062	ERR1018206_78	China	2012
1063	ERR1018206_79	China	2012
1064	ERR1018206_80	China	2012
1065	ERR1018206_81	China	2012
1066	ERR1018206_82	China	2012
1067	ERR1018206_83	China	2012
1068	ERR1018206_84	China	2012
1069	ERR1018206_85	China	2012
1070	ERR1018206_86	China	2012
1071	ERR1018206_87	China	2012
1072	ERR1018206_88	China	2012
1073	ERR1018206_89	China	2012
1074	ERR1018206_90	China	2012
1075	ERR1018206_91	China	2012
1076	ERR1018206_92	China	2012
1077	ERR1018206_93	China	2012
1078	ERR1018206_94	China	2012
1079	ERR1018206_95	China	2012
1080	ERR1018206_96	China	2012
1081	ERR1018206_97	China	2012
1082	ERR748140_1	Germany	2011/2014
1083	ERR1018290_1	China	2012
1084	ERR1018290_2	China	2012
1085	ERR1190712_1	China	2014
1086	ERR1190712_2	China	2014
1087	ERR1190712_3	China	2014
1088	ERR1190712_4	China	2014
1089	ERR1190712_5	China	2014
1090	ERR1190712_6	China	2014
1091	ERR1190712_7	China	2014
1092	ERR1190712_8	China	2014
1093	ERR1190712_9	China	2014
1094	SRR4074314_1	Italy	2013
1095	SRR4074314_2	Italy	2013
1096	SRR4074314_3	Italy	2013
1097	SRR4074314_4	Italy	2013
1098	SRR4074314_5	Italy	2013
1099	SRR4074314_6	Italy	2013
1100	SRR4074314_7	Italy	2013
1101	SRR4074314_8	Italy	2013
1102	ERR414625_1	Denmark	2008/2010
1103	ERR414625_2	Denmark	2008/2010
1104	SRR2566035_1	Canada	2010-03-01
1105	ERR478972_1	France	2004/2006
1106	ERR478972_2	France	2004/2006
1107	ERR478972_3	France	2004/2006
1108	ERR478972_4	France	2004/2006
1109	ERR478972_5	France	2004/2006
1110	ERR478972_6	France	2004/2006
1111	ERR748152_1	Germany	2011/2014
1112	ERR748152_2	Germany	2011/2014
1113	ERR748152_3	Germany	2011/2014
1114	SRR3182130_1	USA	2014-01-24
1115	SRR3182130_2	USA	2014-01-24
1116	ERR479376_1	France	2004/2006
1117	ERR479376_2	France	2004/2006
1118	ERR480885_1	France	2004/2006
1119	ERR480885_2	France	2004/2006
1120	ERR414235_1	Denmark	2008/2010
1121	ERR414235_2	Denmark	2008/2010
1122	ERR414235_3	Denmark	2008/2010
1123	ERR414235_4	Denmark	2008/2010
1124	ERR414235_5	Denmark	2008/2010
1125	ERR414235_6	Denmark	2008/2010
1126	ERR414235_7	Denmark	2008/2010
1127	ERR414235_8	Denmark	2008/2010
1128	ERR414235_9	Denmark	2008/2010
1129	ERR414235_10	Denmark	2008/2010
1130	ERR479571_1	Germany	2011/2013
1131	ERR479571_2	Germany	2011/2013
1132	ERR479113_1	France	2004/2006
1133	ERR479113_2	France	2004/2006
1134	ERR479113_3	France	2004/2006
1135	ERR527104_1	China	2011
1136	ERR527104_2	China	2011
1137	ERR527104_3	China	2011
1138	ERR527104_4	China	2011
1139	ERR527104_5	China	2011
1140	ERR527104_6	China	2011
1141	ERR527104_7	China	2011
1142	ERR527104_8	China	2011
1143	ERR527104_9	China	2011
1144	ERR527104_10	China	2011
1145	ERR527104_11	China	2011
1146	ERR527104_12	China	2011
1147	ERR527104_13	China	2011
1148	ERR527104_14	China	2011
1149	ERR527104_15	China	2011
1150	ERR527104_16	China	2011
1151	ERR527104_17	China	2011
1152	ERR527104_18	China	2011
1153	ERR527104_19	China	2011
1154	ERR527104_20	China	2011
1155	ERR527104_21	China	2011
1156	ERR527104_22	China	2011
1157	ERR527104_23	China	2011
1158	ERR527104_24	China	2011
1159	ERR527104_25	China	2011
1160	ERR527104_26	China	2011
1161	ERR527104_27	China	2011
1162	ERR527104_28	China	2011
1163	ERR527104_29	China	2011
1164	ERR527104_30	China	2011
1165	ERR527104_31	China	2011
1166	ERR527104_32	China	2011
1167	ERR527104_33	China	2011
1168	ERR527104_34	China	2011
1169	ERR527104_35	China	2011
1170	ERR527104_36	China	2011
1171	ERR527104_37	China	2011
1172	ERR527104_38	China	2011
1173	ERR527104_39	China	2011
1174	ERR527104_40	China	2011
1175	ERR527104_41	China	2011
1176	ERR321293_1	Denmark	2008-2010
1177	ERR321293_2	Denmark	2008-2010
1178	ERR321293_3	Denmark	2008-2010
1179	ERR1018216_1	China	2012
1180	ERR1018216_2	China	2012
1181	ERR589737_1	China	2012
1182	ERR589737_2	China	2012
1183	ERR589737_3	China	2012
1184	ERR589737_4	China	2012
1185	ERR589737_5	China	2012
1186	ERR589511_1	China	2012
1187	ERR589511_2	China	2012
1188	ERR527033_1	China	2011
1189	ERR414415_1	Spain	2008/2010
1190	SRR2155309_1	Germany	Nov-2010
1191	SRR2155309_2	Germany	Nov-2010
1192	SRR2155309_3	Germany	Nov-2010
1193	SRR2155309_4	Germany	Nov-2010
1194	SRR2155309_5	Germany	Nov-2010
1195	SRR2155309_6	Germany	Nov-2010
1196	SRR2155309_7	Germany	Nov-2010
1197	SRR2155309_8	Germany	Nov-2010
1198	SRR2155309_9	Germany	Nov-2010
1199	SRR2155309_10	Germany	Nov-2010
1200	ERR209470_1	Denmark	2008-2010
1201	ERR209470_2	Denmark	2008-2010
1202	ERR209470_3	Denmark	2008-2010
1203	ERR209470_4	Denmark	2008-2010
1204	ERR209470_5	Denmark	2008-2010
1205	ERR209470_6	Denmark	2008-2010
1206	ERR209470_7	Denmark	2008-2010
1207	ERR209470_8	Denmark	2008-2010
1208	ERR209470_9	Denmark	2008-2010
1209	ERR209470_10	Denmark	2008-2010
1210	ERR209470_11	Denmark	2008-2010
1211	ERR209470_12	Denmark	2008-2010
1212	ERR209470_13	Denmark	2008-2010
1213	ERR209470_14	Denmark	2008-2010
1214	ERR209470_15	Denmark	2008-2010
1215	ERR209470_16	Denmark	2008-2010
1216	ERR209470_17	Denmark	2008-2010
1217	ERR209470_18	Denmark	2008-2010
1218	SRR2565985_1	Canada	2010-01-11
1219	ERR209509_1	Denmark	2008-2010
1220	ERR209509_2	Denmark	2008-2010
1221	ERR209509_3	Denmark	2008-2010
1222	ERR209509_4	Denmark	2008-2010
1223	ERR209509_5	Denmark	2008-2010
1224	ERR209509_6	Denmark	2008-2010
1225	ERR209509_7	Denmark	2008-2010
1226	ERR414257_1	Denmark	2008/2010
1227	ERR414257_2	Denmark	2008/2010
1228	ERR414257_3	Denmark	2008/2010
1229	ERR414257_4	Denmark	2008/2010
1230	ERR414257_5	Denmark	2008/2010
1231	ERR414257_6	Denmark	2008/2010
1232	ERR527055_1	China	2011
1233	ERR589585_1	China	2012
1234	ERR1190926_1	China	2014
1235	ERR527073_1	China	2011
1236	ERR527073_2	China	2011
1237	ERR527073_3	China	2011
1238	ERR527073_4	China	2011
1239	ERR527073_5	China	2011
1240	ERR527073_6	China	2011
1241	ERR527073_7	China	2011
1242	ERR527073_8	China	2011
1243	ERR527073_9	China	2011
1244	ERR527073_10	China	2011
1245	SRR2097333_1	Spain	25-Nov-2014
1246	SRR2097333_2	Spain	25-Nov-2014
1247	SRR2097333_3	Spain	25-Nov-2014
1248	SRR2097333_4	Spain	25-Nov-2014
1249	SRR2097333_5	Spain	25-Nov-2014
1250	SRR2097333_6	Spain	25-Nov-2014
1251	SRR2097333_7	Spain	25-Nov-2014
1252	SRR2097333_8	Spain	25-Nov-2014
1253	SRR2097333_9	Spain	25-Nov-2014
1254	SRR2097333_10	Spain	25-Nov-2014
1255	SRR2097333_11	Spain	25-Nov-2014
1256	SRR1237782_1	Germany	09.11.2012
1257	SRR1237782_2	Germany	09.11.2012
1258	ERR1018197_1	China	2012
1259	ERR1018197_2	China	2012
1260	ERR1018197_3	China	2012
1261	ERR414388_1	Spain	2008/2010
1262	ERR414388_2	Spain	2008/2010
1263	ERR321524_1	Denmark	2008-2010
1264	ERR321524_2	Denmark	2008-2010
1265	ERR321524_3	Denmark	2008-2010
1266	ERR321524_4	Denmark	2008-2010
1267	ERR321524_5	Denmark	2008-2010
1268	ERR321524_6	Denmark	2008-2010
1269	ERR525802_1	Denmark	2008/2010
1270	ERR525802_2	Denmark	2008/2010
1271	ERR525802_3	Denmark	2008/2010
1272	ERR525802_4	Denmark	2008/2010
1273	ERR525802_5	Denmark	2008/2010
1274	ERR479529_1	Germany	2011/2013
1275	ERR321208_1	Denmark	2008-2010
1276	ERR1190547_1	China	2014
1277	ERR1190619_1	China	2014
1278	ERR1190619_2	China	2014
1279	ERR1190619_3	China	2014
1280	ERR1190619_4	China	2014
1281	ERR1190619_5	China	2014
1282	ERR1190619_6	China	2014
1283	ERR1190619_7	China	2014
1284	ERR1190619_8	China	2014
1285	ERR1018211_1	China	2012
1286	ERR1018211_2	China	2012
1287	ERR527135_1	China	2011
1288	ERR527135_2	China	2011
1289	ERR527135_3	China	2011
1290	ERR527135_4	China	2011
1291	ERR527135_5	China	2011
1292	ERR527135_6	China	2011
1293	ERR527135_7	China	2011
1294	ERR527135_8	China	2011
1295	ERR527135_9	China	2011
1296	ERR527135_10	China	2011
1297	ERR527135_11	China	2011
1298	ERR527135_12	China	2011
1299	ERR527135_13	China	2011
1300	ERR527135_14	China	2011
1301	ERR527135_15	China	2011
1302	ERR527135_16	China	2011
1303	ERR527135_17	China	2011
1304	ERR527135_18	China	2011
1305	ERR527135_19	China	2011
1306	ERR527135_20	China	2011
1307	ERR527135_21	China	2011
1308	ERR527135_22	China	2011
1309	ERR527135_23	China	2011
1310	ERR527135_24	China	2011
1311	ERR527135_25	China	2011
1312	ERR527135_26	China	2011
1313	ERR527135_27	China	2011
1314	ERR527135_28	China	2011
1315	ERR527135_29	China	2011
1316	ERR527135_30	China	2011
1317	ERR527135_31	China	2011
1318	ERR527135_32	China	2011
1319	ERR527135_33	China	2011
1320	ERR527135_34	China	2011
1321	ERR527135_35	China	2011
1322	ERR527135_36	China	2011
1323	ERR527135_37	China	2011
1324	ERR527135_38	China	2011
1325	ERR527135_39	China	2011
1326	ERR527135_40	China	2011
1327	ERR527135_41	China	2011
1328	ERR527135_42	China	2011
1329	ERR527135_43	China	2011
1330	ERR527135_44	China	2011
1331	ERR527135_45	China	2011
1332	ERR527135_46	China	2011
1333	ERR527135_47	China	2011
1334	ERR527135_48	China	2011
1335	ERR527135_49	China	2011
1336	ERR527135_50	China	2011
1337	ERR527135_51	China	2011
1338	ERR527135_52	China	2011
1339	ERR527135_53	China	2011
1340	ERR527135_54	China	2011
1341	ERR527135_55	China	2011
1342	ERR527135_56	China	2011
1343	ERR527135_57	China	2011
1344	ERR527135_58	China	2011
1345	ERR527135_59	China	2011
1346	ERR527135_60	China	2011
1347	ERR527135_61	China	2011
1348	ERR527135_62	China	2011
1349	ERR527135_63	China	2011
1350	ERR527135_64	China	2011
1351	ERR527135_65	China	2011
1352	ERR527135_66	China	2011
1353	ERR527135_67	China	2011
1354	ERR527135_68	China	2011
1355	ERR527135_69	China	2011
1356	ERR527135_70	China	2011
1357	ERR527135_71	China	2011
1358	ERR527135_72	China	2011
1359	ERR527135_73	China	2011
1360	ERR527135_74	China	2011
1361	ERR527135_75	China	2011
1362	ERR527135_76	China	2011
1363	ERR527135_77	China	2011
1364	ERR527135_78	China	2011
1365	ERR527135_79	China	2011
1366	ERR527135_80	China	2011
1367	ERR527135_81	China	2011
1368	ERR527135_82	China	2011
1369	ERR527135_83	China	2011
1370	ERR527135_84	China	2011
1371	ERR527135_85	China	2011
1372	ERR527135_86	China	2011
1373	ERR527135_87	China	2011
1374	ERR527135_88	China	2011
1375	ERR527135_89	China	2011
1376	ERR527135_90	China	2011
1377	ERR527135_91	China	2011
1378	ERR527135_92	China	2011
1379	ERR527135_93	China	2011
1380	ERR527135_94	China	2011
1381	ERR527135_95	China	2011
1382	ERR527135_96	China	2011
1383	ERR527135_97	China	2011
1384	ERR527135_98	China	2011
1385	ERR527135_99	China	2011
1386	ERR1190578_1	China	2014
1387	ERR1190578_2	China	2014
1388	ERR1190578_3	China	2014
1389	ERR1190578_4	China	2014
1390	ERR1190578_5	China	2014
1391	ERR528319_1	China	2011
1392	ERR528319_2	China	2011
1393	ERR1190714_1	China	2014
1394	ERR1190714_2	China	2014
1395	SRR2566040_1	Canada	2010-03-02
1396	SRR2566040_2	Canada	2010-03-02
1397	SRR2566040_3	Canada	2010-03-02
1398	ERR321161_1	Denmark	2008-2010
1399	ERR321161_2	Denmark	2008-2010
1400	SRR1145888_1	China	2013-1-7
1401	SRR1145888_2	China	2013-1-7
1402	SRR1145888_3	China	2013-1-7
1403	SRR1145888_4	China	2013-1-7
1404	SRR1145888_5	China	2013-1-7
1405	SRR3992984_1	Mongolia	Jun-2013
1406	SRR3992984_2	Mongolia	Jun-2013
1407	SRR3992984_3	Mongolia	Jun-2013
1408	SRR3992984_4	Mongolia	Jun-2013
1409	SRR3992984_5	Mongolia	Jun-2013
1410	SRR3992984_6	Mongolia	Jun-2013
1411	SRR3992984_7	Mongolia	Jun-2013
1412	ERR321570_1	Denmark	2008-2010
1413	SRR3992973_1	Mongolia	Jun-2013
1414	SRR4481706_1	USA	2014-06-03
1415	SRR4481706_2	USA	2014-06-03
1416	SRR4481706_3	USA	2014-06-03
1417	SRR4481706_4	USA	2014-06-03
1418	ERR1018196_1	China	2012
1419	ERR1018196_2	China	2012
1420	ERR1018196_3	China	2012
1421	ERR1018196_4	China	2012
1422	ERR1018196_5	China	2012
1423	ERR527054_1	China	2011
1424	SRR2583986_1	Canada	2011-02-17
1425	SRR2583986_2	Canada	2011-02-17
1426	ERR589786_1	China	2012
1427	ERR589786_2	China	2012
1428	SRR3654270_1	Norway	Jun-2014
1429	SRR3654270_2	Norway	Jun-2014
1430	ERR479368_1	France	2004/2006
1431	ERR479368_2	France	2004/2006
1432	ERR479368_3	France	2004/2006
1433	ERR479368_4	France	2004/2006
1434	ERR479368_5	France	2004/2006
1435	ERR479368_6	France	2004/2006
1436	ERR479368_7	France	2004/2006
1437	ERR479368_8	France	2004/2006
1438	ERR479302_1	France	2004/2006
1439	SRR2155377_1	Germany	May-2010
1440	SRR2155377_2	Germany	May-2010
1441	SRR4435801_1	USA	2014-06-07
1442	SRR4435801_2	USA	2014-06-07
1443	SRR4435801_3	USA	2014-06-07
1444	SRR4435801_4	USA	2014-06-07
1445	SRR4435801_5	USA	2014-06-07
1446	SRR4435801_6	USA	2014-06-07
1447	ERR321612_1	Denmark	2008-2010
1448	ERR1190584_1	China	2014
1449	ERR1190584_2	China	2014
1450	ERR1190584_3	China	2014
1451	ERR1190584_4	China	2014
1452	ERR1190584_5	China	2014
1453	ERR1190584_6	China	2014
1454	ERR1190584_7	China	2014
1455	ERR1190584_8	China	2014
1456	ERR1190584_9	China	2014
1457	ERR1190584_10	China	2014
1458	ERR1190584_11	China	2014
1459	ERR1190584_12	China	2014
1460	ERR1190584_13	China	2014
1461	ERR1190584_14	China	2014
1462	ERR1190584_15	China	2014
1463	ERR1190584_16	China	2014
1464	ERR1190584_17	China	2014
1465	ERR1190584_18	China	2014
1466	ERR1190584_19	China	2014
1467	ERR1190584_20	China	2014
1468	ERR1190584_21	China	2014
1469	ERR1190584_22	China	2014
1470	ERR1190584_23	China	2014
1471	ERR1190584_24	China	2014
1472	ERR1190584_25	China	2014
1473	ERR1190584_26	China	2014
1474	ERR1190584_27	China	2014
1475	ERR1190584_28	China	2014
1476	ERR1190584_29	China	2014
1477	ERR1190584_30	China	2014
1478	ERR1190584_31	China	2014
1479	ERR1190584_32	China	2014
1480	ERR589564_1	China	2012
1481	ERR321275_1	Denmark	2008-2010
1482	ERR321275_2	Denmark	2008-2010
1483	ERR321275_3	Denmark	2008-2010
1484	ERR321275_4	Denmark	2008-2010
1485	SRR2565742_1	Canada	2010-07-25
1486	SRR2565742_2	Canada	2010-07-25
1487	ERR209861_1	Spain	2008-2010
1488	ERR209861_2	Spain	2008-2010
1489	ERR209861_3	Spain	2008-2010
1490	ERR209861_4	Spain	2008-2010
1491	ERR209861_5	Spain	2008-2010
1492	ERR209861_6	Spain	2008-2010
1493	ERR209861_7	Spain	2008-2010
1494	ERR209861_8	Spain	2008-2010
1495	ERR209861_9	Spain	2008-2010
1496	ERR209861_10	Spain	2008-2010
1497	ERR209861_11	Spain	2008-2010
1498	ERR209861_12	Spain	2008-2010
1499	ERR209861_13	Spain	2008-2010
1500	ERR209861_14	Spain	2008-2010
1501	ERR209861_15	Spain	2008-2010
1502	ERR209861_16	Spain	2008-2010
1503	ERR209861_17	Spain	2008-2010
1504	ERR209861_18	Spain	2008-2010
1505	ERR209861_19	Spain	2008-2010
1506	ERR209861_20	Spain	2008-2010
1507	ERR209861_21	Spain	2008-2010
1508	ERR209861_22	Spain	2008-2010
1509	ERR209861_23	Spain	2008-2010
1510	ERR209861_24	Spain	2008-2010
1511	ERR209861_25	Spain	2008-2010
1512	ERR209861_26	Spain	2008-2010
1513	ERR209861_27	Spain	2008-2010
1514	ERR209861_28	Spain	2008-2010
1515	ERR209861_29	Spain	2008-2010
1516	ERR209861_30	Spain	2008-2010
1517	SRR2155368_1	Germany	Feb-2010
1518	SRR2155368_2	Germany	Feb-2010
1519	SRR2155368_3	Germany	Feb-2010
1520	SRR2155368_4	Germany	Feb-2010
1521	SRR2155368_5	Germany	Feb-2010
1522	SRR2155368_6	Germany	Feb-2010
1523	SRR2155368_7	Germany	Feb-2010
1524	SRR2155368_8	Germany	Feb-2010
1525	SRR2155368_9	Germany	Feb-2010
1526	SRR2155368_10	Germany	Feb-2010
1527	SRR2155368_11	Germany	Feb-2010
1528	SRR2155368_12	Germany	Feb-2010
1529	SRR2155368_13	Germany	Feb-2010
1530	SRR2155368_14	Germany	Feb-2010
1531	SRR2155368_15	Germany	Feb-2010
1532	SRR2155368_16	Germany	Feb-2010
1533	SRR2155368_17	Germany	Feb-2010
1534	SRR2155368_18	Germany	Feb-2010
1535	SRR2155368_19	Germany	Feb-2010
1536	SRR2155368_20	Germany	Feb-2010
1537	SRR2155368_21	Germany	Feb-2010
1538	SRR2155368_22	Germany	Feb-2010
1539	SRR2155368_23	Germany	Feb-2010
1540	SRR2155368_24	Germany	Feb-2010
1541	SRR2155368_25	Germany	Feb-2010
1542	SRR2155368_26	Germany	Feb-2010
1543	SRR2155368_27	Germany	Feb-2010
1544	SRR2155368_28	Germany	Feb-2010
1545	SRR2155368_29	Germany	Feb-2010
1546	SRR2155368_30	Germany	Feb-2010
1547	SRR2155368_31	Germany	Feb-2010
1548	SRR2155368_32	Germany	Feb-2010
1549	SRR2155368_33	Germany	Feb-2010
1550	SRR2155368_34	Germany	Feb-2010
1551	SRR2155368_35	Germany	Feb-2010
1552	SRR2155368_36	Germany	Feb-2010
1553	SRR2155368_37	Germany	Feb-2010
1554	SRR2155368_38	Germany	Feb-2010
1555	SRR2155368_39	Germany	Feb-2010
1556	SRR2155368_40	Germany	Feb-2010
1557	SRR2155368_41	Germany	Feb-2010
1558	ERR1190708_1	China	2014
1559	ERR1190708_2	China	2014
1560	ERR1190708_3	China	2014
1561	SRR1714192_1	USA	30-Oct-1990
1562	SRR1714192_2	USA	30-Oct-1990
1563	ERR505085_1	Australia	2012
1564	ERR505085_2	Australia	2012
1565	ERR505085_3	Australia	2012
1566	ERR505085_4	Australia	2012
1567	ERR505085_5	Australia	2012
1568	ERR505085_6	Australia	2012
1569	SRR2565986_1	Canada	2010-01-07
1570	SRR2565986_2	Canada	2010-01-07
1571	SRR2565986_3	Canada	2010-01-07
1572	SRR2565986_4	Canada	2010-01-07
1573	SRR2565986_5	Canada	2010-01-07
1574	SRR2565986_6	Canada	2010-01-07
1575	SRR2565986_7	Canada	2010-01-07
1576	SRR2565986_8	Canada	2010-01-07
1577	SRR2565986_9	Canada	2010-01-07
1578	SRR2565986_10	Canada	2010-01-07
1579	ERR414256_1	Denmark	2008/2010
1580	ERR414256_2	Denmark	2008/2010
1581	ERR414256_3	Denmark	2008/2010
1582	ERR414256_4	Denmark	2008/2010
1583	ERR479377_1	France	2004/2006
1584	ERR479377_2	France	2004/2006
1585	ERR748101_1	Germany	2011/2014
1586	ERR748101_2	Germany	2011/2014
1587	ERR1190929_1	China	2014
1588	ERR1190929_2	China	2014
1589	ERR1190929_3	China	2014
1590	ERR479112_1	France	2004/2006
1591	ERR479112_2	France	2004/2006
1592	ERR479112_3	France	2004/2006
1593	ERR479112_4	France	2004/2006
1594	ERR1018242_1	China	2012
1595	ERR1018242_2	China	2012
1596	ERR1018242_3	China	2012
1597	ERR1018242_4	China	2012
1598	ERR479374_1	France	2004/2006
1599	ERR479374_2	France	2004/2006
1600	ERR414307_1	Denmark	2008/2010
1601	SRR2565845_1	Canada	2009-12-14
1602	SRR2565845_2	Canada	2009-12-14
1603	SRR4481774_1	USA	2014-06-01
1604	SRR4481774_2	USA	2014-06-01
1605	ERR1190792_1	China	2014
1606	ERR1190792_2	China	2014
1607	ERR209793_1	Spain	2008-2010
1608	ERR209793_2	Spain	2008-2010
1609	ERR209793_3	Spain	2008-2010
1610	ERR209793_4	Spain	2008-2010
1611	SRR4435731_1	USA	2014-06-23
1612	SRR4435731_2	USA	2014-06-23
1613	SRR3917693_1	USA	2013-04-03
1614	SRR3917693_2	USA	2013-04-03
1615	ERR209648_1	Spain	2008-2010
1616	ERR209648_2	Spain	2008-2010
1617	ERR1018255_1	China	2012
1618	ERR1018255_2	China	2012
1619	ERR1018255_3	China	2012
1620	ERR1018303_1	China	2012
1621	ERR1018303_2	China	2012
1622	SRR2566018_1	Canada	2010-02-05
1623	ERR414464_1	Spain	2008/2010
1624	ERR414464_2	Spain	2008/2010
1625	ERR528336_1	China	2011
1626	ERR528336_2	China	2011
1627	ERR528336_3	China	2011
1628	ERR505092_1	Australia	2012
1629	ERR505092_2	Australia	2012
1630	ERR589773_1	China	2012
1631	ERR589773_2	China	2012
1632	ERR589773_3	China	2012
1633	ERR209714_1	Spain	2008-2010
1634	ERR209714_2	Spain	2008-2010
1635	ERR209714_3	Spain	2008-2010
1636	ERR209714_4	Spain	2008-2010
1637	ERR209714_5	Spain	2008-2010
1638	ERR209714_6	Spain	2008-2010
1639	ERR209714_7	Spain	2008-2010
1640	ERR209714_8	Spain	2008-2010
1641	ERR209714_9	Spain	2008-2010
1642	ERR209714_10	Spain	2008-2010
1643	ERR479577_1	Germany	2011/2013
1644	ERR209492_1	Denmark	2008-2010
1645	ERR209492_2	Denmark	2008-2010
1646	SRR2940972_1	USA	2012-06-29
1647	SRR2940972_2	USA	2012-06-29
1648	ERR210244_1	Denmark	2008-2010
1649	ERR210244_2	Denmark	2008-2010
1650	ERR1190785_1	China	2014
1651	ERR1190785_2	China	2014
1652	ERR1190785_3	China	2014
1653	ERR1190785_4	China	2014
1654	ERR1190785_5	China	2014
1655	ERR1190785_6	China	2014
1656	ERR1190785_7	China	2014
1657	ERR1190785_8	China	2014
1658	ERR1190785_9	China	2014
1659	SRR2566037_1	Canada	2009-11-17
1660	ERR589750_1	China	2012
1661	ERR589750_2	China	2012
1662	SRR4444847_1	USA	2014-06-03
1663	ERR748191_1	Germany	2011/2014
1664	ERR748191_2	Germany	2011/2014
1665	ERR414268_1	Denmark	2008/2010
1666	ERR414268_2	Denmark	2008/2010
1667	ERR1190715_1	China	2014
1668	ERR505089_1	Australia	2012
1669	SRR2155337_1	Germany	May-2011
1670	SRR1616981_1	Germany	14-Jun-2012
1671	SRR1616981_2	Germany	14-Jun-2012
1672	ERR414387_1	Spain	2008/2010
1673	ERR414387_2	Spain	2008/2010
1674	ERR414387_3	Spain	2008/2010
1675	ERR414387_4	Spain	2008/2010
1676	ERR414387_5	Spain	2008/2010
1677	ERR414387_6	Spain	2008/2010
1678	ERR209607_1	Spain	2008-2010
1679	ERR209607_2	Spain	2008-2010
1680	ERR209607_3	Spain	2008-2010
1681	ERR209607_4	Spain	2008-2010
1682	ERR209607_5	Spain	2008-2010
1683	ERR209607_6	Spain	2008-2010
1684	ERR527080_1	China	2011
1685	ERR527080_2	China	2011
1686	ERR527080_3	China	2011
1687	ERR527080_4	China	2011
1688	ERR527080_5	China	2011
1689	ERR527080_6	China	2011
1690	ERR589821_1	China	2012
1691	ERR589821_2	China	2012
1692	ERR589821_3	China	2012
1693	ERR589821_4	China	2012
1694	ERR589821_5	China	2012
1695	ERR589821_6	China	2012
1696	ERR589821_7	China	2012
1697	ERR589821_8	China	2012
1698	ERR589821_9	China	2012
1699	ERR589821_10	China	2012
1700	ERR589821_11	China	2012
1701	ERR589821_12	China	2012
1702	ERR589821_13	China	2012
1703	ERR589821_14	China	2012
1704	SRR2155180_1	Germany	Nov-2010
1705	SRR2155180_2	Germany	Nov-2010
1706	SRR2155180_3	Germany	Nov-2010
1707	SRR2155180_4	Germany	Nov-2010
1708	SRR2155180_5	Germany	Nov-2010
1709	ERR321344_1	Denmark	2008-2010
1710	ERR321344_2	Denmark	2008-2010
1711	ERR479233_1	France	2004/2006
1712	ERR479233_2	France	2004/2006
1713	ERR414275_1	Denmark	2008/2010
1714	ERR318676_1	USA	01/05/2006
1715	SRR2566064_1	Canada	2010-04-20
1716	ERR1190532_1	China	2014
1717	ERR1190532_2	China	2014
1718	ERR1190532_3	China	2014
1719	ERR1190532_4	China	2014
1720	ERR1190532_5	China	2014
1721	ERR414386_1	Spain	2008/2010
1722	ERR414386_2	Spain	2008/2010
1723	ERR414386_3	Spain	2008/2010
1724	ERR414386_4	Spain	2008/2010
1725	SRR3501887_1	Singapore	2015-07-16
1726	ERR1018235_1	China	2012
1727	ERR1018235_2	China	2012
1728	ERR1018235_3	China	2012
1729	ERR1018235_4	China	2012
1730	ERR1018235_5	China	2012
1731	ERR1018235_6	China	2012
1732	ERR1018235_7	China	2012
1733	ERR1018235_8	China	2012
1734	ERR1018235_9	China	2012
1735	ERR1018235_10	China	2012
1736	ERR1018235_11	China	2012
1737	ERR1018235_12	China	2012
1738	ERR1018235_13	China	2012
1739	ERR1018235_14	China	2012
1740	ERR1018235_15	China	2012
1741	SRR1025216_1	Singapore	7-Oct-10
1742	SRR1025216_2	Singapore	7-Oct-10
1743	SRR1554403_1	Canada	Oct-2010
1744	SRR1554403_2	Canada	Oct-2010
1745	SRR1554403_3	Canada	Oct-2010
1746	SRR1554403_4	Canada	Oct-2010
1747	SRR1554403_5	Canada	Oct-2010
1748	SRR1554403_6	Canada	Oct-2010
1749	SRR1554403_7	Canada	Oct-2010
1750	SRR1554403_8	Canada	Oct-2010
1751	ERR525863_1	Denmark	2008/2010
1752	SRR2155356_1	Germany	Nov-2009
1753	SRR2155356_2	Germany	Nov-2009
1754	SRR2155356_3	Germany	Nov-2009
1755	SRR3992964_1	China	Oct-2010
1756	SRR3992964_2	China	Oct-2010
1757	SRR3501852_1	Singapore	2015-06-05
1758	ERR1190678_1	China	2014
1759	ERR1190678_2	China	2014
1760	ERR1578643_1	China	2013
1761	ERR479526_1	Germany	2011/2013
1762	ERR479526_2	Germany	2011/2013
1763	SRR2940946_1	USA	2012-07-05
1764	SRR2940946_2	USA	2012-07-05
1765	SRR2940946_3	USA	2012-07-05
1766	SRR2940946_4	USA	2012-07-05
1767	SRR2940946_5	USA	2012-07-05
1768	ERR479396_1	France	2004/2006
1769	ERR479396_2	France	2004/2006
1770	ERR479396_3	France	2004/2006
1771	ERR479396_4	France	2004/2006
1772	ERR479396_5	France	2004/2006
1773	ERR479396_6	France	2004/2006
1774	ERR479396_7	France	2004/2006
1775	ERR479396_8	France	2004/2006
1776	ERR479396_9	France	2004/2006
1777	ERR479396_10	France	2004/2006
1778	ERR479396_11	France	2004/2006
1779	ERR479396_12	France	2004/2006
1780	ERR479396_13	France	2004/2006
1781	ERR525801_1	Denmark	2008/2010
1782	ERR1018195_1	China	2012
1783	ERR1018195_2	China	2012
1784	SRR4032483_1	USA	2013
1785	SRR4032483_2	USA	2013
1786	SRR4032483_3	USA	2013
1787	SRR4032483_4	USA	2013
1788	ERR209829_1	Spain	2008-2010
1789	SRR4481813_1	USA	2014-06-23
1790	SRR4481813_2	USA	2014-06-23
1791	SRR4481813_3	USA	2014-06-23
1792	ERR532382_1	China	2011
1793	ERR532382_2	China	2011
1794	ERR589785_1	China	2012
1795	ERR209129_1	Denmark	2008-2010
1796	ERR209129_2	Denmark	2008-2010
1797	ERR527210_1	China	2011
1798	ERR527210_2	China	2011
1799	ERR527210_3	China	2011
1800	ERR527210_4	China	2011
1801	ERR527210_5	China	2011
1802	ERR527210_6	China	2011
1803	ERR527210_7	China	2011
1804	SRR4032495_1	USA	2013
1805	SRR4032495_2	USA	2013
1806	ERR479530_1	Germany	2011/2013
1807	ERR589571_1	China	2012
1808	ERR1190838_1	China	2014
1809	SRR4032485_1	USA	2013
1810	SRR4032485_2	USA	2013
1811	ERR321572_1	Denmark	2008-2010
1812	ERR321572_2	Denmark	2008-2010
1813	ERR479375_1	France	2004/2006
1814	ERR479375_2	France	2004/2006
1815	ERR479114_1	France	2004/2006
1816	ERR527066_1	China	2011
1817	ERR527066_2	China	2011
1818	ERR414414_1	Spain	2008/2010
1819	ERR321623_1	Denmark	2008-2010
1820	ERR527096_1	China	2011
1821	ERR527082_1	China	2011
1822	ERR527082_2	China	2011
1823	ERR527082_3	China	2011
1824	ERR527082_4	China	2011
1825	ERR527082_5	China	2011
1826	ERR527082_6	China	2011
1827	ERR527082_7	China	2011
1828	ERR527082_8	China	2011
1829	ERR527082_9	China	2011
1830	ERR527082_10	China	2011
1831	ERR527082_11	China	2011
1832	ERR527082_12	China	2011
1833	ERR527082_13	China	2011
1834	ERR527082_14	China	2011
1835	ERR527082_15	China	2011
1836	ERR527082_16	China	2011
1837	ERR527082_17	China	2011
1838	ERR527082_18	China	2011
1839	ERR527082_19	China	2011
1840	ERR527082_20	China	2011
1841	ERR527082_21	China	2011
1842	ERR527082_22	China	2011
1843	ERR527082_23	China	2011
1844	ERR527082_24	China	2011
1845	ERR527082_25	China	2011
1846	ERR527082_26	China	2011
1847	ERR527082_27	China	2011
1848	ERR527082_28	China	2011
1849	ERR527082_29	China	2011
1850	ERR527082_30	China	2011
1851	ERR527082_31	China	2011
1852	ERR527082_32	China	2011
1853	ERR527082_33	China	2011
1854	ERR527082_34	China	2011
1855	ERR527082_35	China	2011
1856	ERR527082_36	China	2011
1857	ERR1018193_1	China	2012
1858	ERR1018193_2	China	2012
1859	ERR1018193_3	China	2012
1860	ERR1018193_4	China	2012
1861	ERR1018193_5	China	2012
1862	ERR318680_1	USA	01/05/2006
1863	ERR318680_2	USA	01/05/2006
1864	SRR2155386_1	Germany	May-2010
1865	SRR2155386_2	Germany	May-2010
1866	SRR2155386_3	Germany	May-2010
1867	SRR2155386_4	Germany	May-2010
1868	SRR2155386_5	Germany	May-2010
1869	SRR2155386_6	Germany	May-2010
1870	SRR2155386_7	Germany	May-2010
1871	SRR2155386_8	Germany	May-2010
1872	SRR2155386_9	Germany	May-2010
1873	SRR2155386_10	Germany	May-2010
1874	SRR2565932_1	Canada	2010-12-21
1875	SRR2583984_1	Canada	2010-07-15
1876	SRR2583984_2	Canada	2010-07-15
1877	SRR2583984_3	Canada	2010-07-15
1878	ERR505105_1	Australia	2012
1879	ERR209479_1	Denmark	2008-2010
1880	SRR1535306_1	China	2011
1881	SRR1535306_2	China	2011
1882	ERR414370_1	Spain	2008/2010
1883	ERR414370_2	Spain	2008/2010
1884	ERR414370_3	Spain	2008/2010
1885	ERR414370_4	Spain	2008/2010
1886	SRR2565925_1	Canada	2010-11-18
1887	SRR2565925_2	Canada	2010-11-18
1888	SRR2565925_3	Canada	2010-11-18
1889	SRR2565925_4	Canada	2010-11-18
1890	SRR2565925_5	Canada	2010-11-18
1891	SRR2565925_6	Canada	2010-11-18
1892	SRR2565925_7	Canada	2010-11-18
1893	SRR2565925_8	Canada	2010-11-18
1894	SRR2565925_9	Canada	2010-11-18
1895	SRR2565925_10	Canada	2010-11-18
1896	SRR2565925_11	Canada	2010-11-18
1897	SRR2565925_12	Canada	2010-11-18
1898	SRR2565925_13	Canada	2010-11-18
1899	SRR2565925_14	Canada	2010-11-18
1900	SRR2565925_15	Canada	2010-11-18
1901	SRR2565925_16	Canada	2010-11-18
1902	SRR2565925_17	Canada	2010-11-18
1903	SRR2565925_18	Canada	2010-11-18
1904	SRR2565925_19	Canada	2010-11-18
1905	SRR2565925_20	Canada	2010-11-18
1906	SRR2565925_21	Canada	2010-11-18
1907	SRR2565925_22	Canada	2010-11-18
1908	SRR2565925_23	Canada	2010-11-18
1909	SRR2565925_24	Canada	2010-11-18
1910	SRR2565925_25	Canada	2010-11-18
1911	SRR2565925_26	Canada	2010-11-18
1912	SRR2565925_27	Canada	2010-11-18
1913	SRR2565925_28	Canada	2010-11-18
1914	SRR2565925_29	Canada	2010-11-18
1915	ERR209194_1	Denmark	2008-2010
1916	ERR414290_1	Denmark	2008/2010
1917	ERR414290_2	Denmark	2008/2010
1918	ERR414290_3	Denmark	2008/2010
1919	ERR414290_4	Denmark	2008/2010
1920	SRR3313044_1	Luxembourg	2012-09-07
1921	SRR3313044_2	Luxembourg	2012-09-07
1922	ERR1018217_1	China	2012
1923	ERR1018217_2	China	2012
1924	ERR1018217_3	China	2012
1925	ERR1018217_4	China	2012
1926	ERR748033_1	Germany	2011/2014
1927	ERR525890_1	Denmark	2008/2010
1928	ERR414657_1	Spain	2008/2010
1929	ERR414657_2	Spain	2008/2010
1930	ERR1018233_1	China	2012
1931	ERR1018233_2	China	2012
1932	ERR1018233_3	China	2012
1933	ERR1018233_4	China	2012
1934	ERR209582_1	Spain	2008-2010
1935	ERR209582_2	Spain	2008-2010
1936	SRR1535326_1	China	2012
1937	SRR1535326_2	China	2012
1938	SRR2082447_1	Canada	2013
1939	ERR321402_1	Denmark	2008-2010
1940	ERR525967_1	Denmark	2008/2010
1941	ERR525967_2	Denmark	2008/2010
1942	ERR525967_3	Denmark	2008/2010
1943	ERR525967_4	Denmark	2008/2010
1944	ERR525967_5	Denmark	2008/2010
1945	ERR525967_6	Denmark	2008/2010
1946	ERR525967_7	Denmark	2008/2010
1947	ERR525967_8	Denmark	2008/2010
1948	ERR525967_9	Denmark	2008/2010
1949	ERR525967_10	Denmark	2008/2010
1950	ERR525967_11	Denmark	2008/2010
1951	ERR525967_12	Denmark	2008/2010
1952	ERR525967_13	Denmark	2008/2010
1953	ERR525967_14	Denmark	2008/2010
1954	ERR525967_15	Denmark	2008/2010
1955	ERR1190732_1	China	2014
1956	ERR589824_1	China	2012
1957	ERR589824_2	China	2012
1958	ERR589824_3	China	2012
1959	ERR589824_4	China	2012
1960	ERR589824_5	China	2012
1961	ERR589824_6	China	2012
1962	ERR589824_7	China	2012
1963	ERR589824_8	China	2012
1964	ERR589824_9	China	2012
1965	ERR589824_10	China	2012
1966	ERR589824_11	China	2012
1967	ERR589824_12	China	2012
1968	ERR589824_13	China	2012
1969	ERR589824_14	China	2012
1970	ERR589824_15	China	2012
1971	ERR589824_16	China	2012
1972	ERR589824_17	China	2012
1973	ERR589824_18	China	2012
1974	ERR589824_19	China	2012
1975	ERR589824_20	China	2012
1976	ERR589824_21	China	2012
1977	ERR589824_22	China	2012
1978	ERR589824_23	China	2012
1979	ERR589824_24	China	2012
1980	ERR589824_25	China	2012
1981	ERR589824_26	China	2012
1982	ERR589824_27	China	2012
1983	ERR589824_28	China	2012
1984	ERR589824_29	China	2012
1985	ERR589824_30	China	2012
1986	ERR589824_31	China	2012
1987	ERR589824_32	China	2012
1988	ERR589824_33	China	2012
1989	ERR589824_34	China	2012
1990	ERR589824_35	China	2012
1991	ERR589824_36	China	2012
1992	ERR589824_37	China	2012
1993	ERR589824_38	China	2012
1994	ERR589824_39	China	2012
1995	ERR589824_40	China	2012
1996	ERR589824_41	China	2012
1997	ERR589824_42	China	2012
1998	ERR589824_43	China	2012
1999	ERR589824_44	China	2012
2000	ERR589824_45	China	2012
2001	ERR589824_46	China	2012
2002	ERR589824_47	China	2012
2003	ERR589824_48	China	2012
2004	ERR589824_49	China	2012
2005	ERR589824_50	China	2012
2006	ERR589824_51	China	2012
2007	ERR589824_52	China	2012
2008	ERR589824_53	China	2012
2009	ERR589824_54	China	2012
2010	ERR589824_55	China	2012
2011	ERR589824_56	China	2012
2012	ERR589824_57	China	2012
2013	ERR589824_58	China	2012
2014	ERR589824_59	China	2012
2015	ERR589824_60	China	2012
2016	ERR589824_61	China	2012
2017	ERR589824_62	China	2012
2018	ERR589824_63	China	2012
2019	ERR589824_64	China	2012
2020	ERR589824_65	China	2012
2021	ERR589824_66	China	2012
2022	ERR589824_67	China	2012
2023	ERR589824_68	China	2012
2024	ERR589824_69	China	2012
2025	ERR589824_70	China	2012
2026	ERR589824_71	China	2012
2027	ERR589824_72	China	2012
2028	ERR589824_73	China	2012
2029	ERR589824_74	China	2012
2030	ERR589824_75	China	2012
2031	ERR589824_76	China	2012
2032	ERR589824_77	China	2012
2033	ERR589824_78	China	2012
2034	ERR589824_79	China	2012
2035	ERR589824_80	China	2012
2036	ERR589824_81	China	2012
2037	ERR589824_82	China	2012
2038	ERR589824_83	China	2012
2039	ERR589824_84	China	2012
2040	ERR589824_85	China	2012
2041	ERR1018244_1	China	2012
2042	ERR1018244_2	China	2012
2043	ERR1018244_3	China	2012
2044	ERR1018244_4	China	2012
2045	SRR4032482_1	USA	2013
2046	SRR4032482_2	USA	2013
2047	ERR589509_1	China	2012
2048	ERR589509_2	China	2012
2049	ERR589509_3	China	2012
2050	ERR589509_4	China	2012
2051	ERR480988_1	Germany	2011/2013
2052	ERR480988_2	Germany	2011/2013
2053	ERR209768_1	Spain	2008-2010
2054	ERR209768_2	Spain	2008-2010
2055	ERR209768_3	Spain	2008-2010
2056	ERR209768_4	Spain	2008-2010
2057	ERR209768_5	Spain	2008-2010
2058	ERR209768_6	Spain	2008-2010
2059	ERR209768_7	Spain	2008-2010
2060	SRR4423662_1	USA	2014-06-05
2061	SRR4423662_2	USA	2014-06-05
2062	SRR4032583_1	USA	2013
2063	SRR4032583_2	USA	2013
2064	ERR748134_1	Germany	2011/2014
2065	SRR2566047_1	Canada	2010-03-11
2066	SRR2566047_2	Canada	2010-03-11
2067	SRR2583972_1	Canada	2010-07-15
2068	SRR2583972_2	Canada	2010-07-15
2069	ERR1190533_1	China	2014
2070	ERR1190533_2	China	2014
2071	ERR1190533_3	China	2014
2072	ERR1190533_4	China	2014
2073	ERR1190533_5	China	2014
2074	ERR1018293_1	China	2012
2075	ERR1018293_2	China	2012
2076	ERR1018293_3	China	2012
2077	ERR1018293_4	China	2012
2078	ERR1018293_5	China	2012
2079	ERR1018293_6	China	2012
2080	ERR321492_1	Denmark	2008-2010
2081	ERR321492_2	Denmark	2008-2010
2082	ERR321492_3	Denmark	2008-2010
2083	ERR209862_1	Spain	2008-2010
2084	ERR209862_2	Spain	2008-2010
2085	ERR209862_3	Spain	2008-2010
2086	ERR209862_4	Spain	2008-2010
2087	ERR209862_5	Spain	2008-2010
2088	ERR209862_6	Spain	2008-2010
2089	ERR209862_7	Spain	2008-2010
2090	ERR209862_8	Spain	2008-2010
2091	ERR209862_9	Spain	2008-2010
2092	ERR209862_10	Spain	2008-2010
2093	ERR209862_11	Spain	2008-2010
2094	ERR209862_12	Spain	2008-2010
2095	ERR209862_13	Spain	2008-2010
2096	ERR209862_14	Spain	2008-2010
2097	ERR209862_15	Spain	2008-2010
2098	ERR209862_16	Spain	2008-2010
2099	ERR209862_17	Spain	2008-2010
2100	ERR209862_18	Spain	2008-2010
2101	ERR209862_19	Spain	2008-2010
2102	ERR209862_20	Spain	2008-2010
2103	ERR209862_21	Spain	2008-2010
2104	ERR209862_22	Spain	2008-2010
2105	ERR209862_23	Spain	2008-2010
2106	ERR209862_24	Spain	2008-2010
2107	ERR209862_25	Spain	2008-2010
2108	ERR209862_26	Spain	2008-2010
2109	ERR209862_27	Spain	2008-2010
2110	ERR209862_28	Spain	2008-2010
2111	ERR209862_29	Spain	2008-2010
2112	ERR209862_30	Spain	2008-2010
2113	ERR209862_31	Spain	2008-2010
2114	ERR209862_32	Spain	2008-2010
2115	ERR209862_33	Spain	2008-2010
2116	ERR209862_34	Spain	2008-2010
2117	ERR209862_35	Spain	2008-2010
2118	ERR209862_36	Spain	2008-2010
2119	ERR209862_37	Spain	2008-2010
2120	ERR209862_38	Spain	2008-2010
2121	ERR209862_39	Spain	2008-2010
2122	ERR209862_40	Spain	2008-2010
2123	ERR209862_41	Spain	2008-2010
2124	ERR209862_42	Spain	2008-2010
2125	ERR209862_43	Spain	2008-2010
2126	ERR209862_44	Spain	2008-2010
2127	ERR209862_45	Spain	2008-2010
2128	ERR209862_46	Spain	2008-2010
2129	ERR209862_47	Spain	2008-2010
2130	ERR209862_48	Spain	2008-2010
2131	ERR209862_49	Spain	2008-2010
2132	ERR209862_50	Spain	2008-2010
2133	ERR209862_51	Spain	2008-2010
2134	ERR209862_52	Spain	2008-2010
2135	ERR209862_53	Spain	2008-2010
2136	ERR209862_54	Spain	2008-2010
2137	ERR209862_55	Spain	2008-2010
2138	ERR209862_56	Spain	2008-2010
2139	ERR209862_57	Spain	2008-2010
2140	ERR209862_58	Spain	2008-2010
2141	ERR209862_59	Spain	2008-2010
2142	ERR209862_60	Spain	2008-2010
2143	ERR209862_61	Spain	2008-2010
2144	ERR209862_62	Spain	2008-2010
2145	ERR209862_63	Spain	2008-2010
2146	ERR209862_64	Spain	2008-2010
2147	ERR209862_65	Spain	2008-2010
2148	ERR209862_66	Spain	2008-2010
2149	ERR209862_67	Spain	2008-2010
2150	ERR209862_68	Spain	2008-2010
2151	ERR209862_69	Spain	2008-2010
2152	ERR209862_70	Spain	2008-2010
2153	ERR209862_71	Spain	2008-2010
2154	ERR209862_72	Spain	2008-2010
2155	ERR209862_73	Spain	2008-2010
2156	SRR4032470_1	USA	2013
2157	SRR4032470_2	USA	2013
2158	SRR4032470_3	USA	2013
2159	ERR527065_1	China	2011
2160	ERR527065_2	China	2011
2161	ERR527164_1	China	2011
2162	ERR414428_1	Spain	2008/2010
2163	ERR414428_2	Spain	2008/2010
2164	SRR1535303_1	China	2011
2165	ERR479367_1	France	2004/2006
2166	ERR479367_2	France	2004/2006
2167	ERR479367_3	France	2004/2006
2168	ERR479367_4	France	2004/2006
2169	ERR479367_5	France	2004/2006
2170	ERR479367_6	France	2004/2006
2171	ERR479367_7	France	2004/2006
2172	ERR479367_8	France	2004/2006
2173	ERR527130_1	China	2011
2174	SRR2097329_1	Spain	25-Nov-2014
2175	SRR2097329_2	Spain	25-Nov-2014
2176	SRR2097329_3	Spain	25-Nov-2014
2177	SRR2097329_4	Spain	25-Nov-2014
2178	SRR2097329_5	Spain	25-Nov-2014
2179	SRR2097329_6	Spain	25-Nov-2014
2180	SRR2097329_7	Spain	25-Nov-2014
2181	SRR2097329_8	Spain	25-Nov-2014
2182	SRR2097329_9	Spain	25-Nov-2014
2183	SRR2565990_1	Canada	2010-01-08
2184	SRR2565990_2	Canada	2010-01-08
2185	SRR2565990_3	Canada	2010-01-08
2186	ERR1190588_1	China	2014
2187	SRR2565988_1	Canada	2010-01-13
2188	SRR2565988_2	Canada	2010-01-13
2189	SRR2565988_3	Canada	2010-01-13
2190	SRR2565988_4	Canada	2010-01-13
2191	SRR2565988_5	Canada	2010-01-13
2192	ERR1578698_1	China	2013
2193	ERR1190653_1	China	2014
2194	ERR1190653_2	China	2014
2195	SRR2082443_1	Canada	2013
2196	SRR2082443_2	Canada	2013
2197	ERR1190554_1	China	2014
2198	SRR4236661_1	Japan	2015-05-17
2199	SRR3160438_1	USA	2014-06-16
2200	SRR3160438_2	USA	2014-06-16
2201	SRR3160438_3	USA	2014-06-16
2202	SRR3160438_4	USA	2014-06-16
2203	SRR3160438_5	USA	2014-06-16
2204	SRR3160438_6	USA	2014-06-16
2205	SRR3160438_7	USA	2014-06-16
2206	SRR3160438_8	USA	2014-06-16
2207	SRR3160438_9	USA	2014-06-16
2208	SRR3160438_10	USA	2014-06-16
2209	SRR3160438_11	USA	2014-06-16
2210	SRR3160438_12	USA	2014-06-16
2211	SRR3160438_13	USA	2014-06-16
2212	SRR3160438_14	USA	2014-06-16
2213	SRR3160438_15	USA	2014-06-16
2214	SRR3160438_16	USA	2014-06-16
2215	SRR3160438_17	USA	2014-06-16
2216	SRR3160438_18	USA	2014-06-16
2217	SRR3160438_19	USA	2014-06-16
2218	SRR3160438_20	USA	2014-06-16
2219	SRR3160438_21	USA	2014-06-16
2220	SRR3160438_22	USA	2014-06-16
2221	SRR3160438_23	USA	2014-06-16
2222	SRR3160438_24	USA	2014-06-16
2223	SRR3160438_25	USA	2014-06-16
2224	SRR3160438_26	USA	2014-06-16
2225	SRR3160438_27	USA	2014-06-16
2226	SRR3160438_28	USA	2014-06-16
2227	SRR3160438_29	USA	2014-06-16
2228	SRR3160438_30	USA	2014-06-16
2229	SRR3160438_31	USA	2014-06-16
2230	SRR3160438_32	USA	2014-06-16
2231	SRR3160438_33	USA	2014-06-16
2232	SRR3160438_34	USA	2014-06-16
2233	SRR3160438_35	USA	2014-06-16
2234	SRR3160438_36	USA	2014-06-16
2235	SRR3160438_37	USA	2014-06-16
2236	SRR3160438_38	USA	2014-06-16
2237	SRR3160438_39	USA	2014-06-16
2238	SRR3160438_40	USA	2014-06-16
2239	SRR3160438_41	USA	2014-06-16
2240	SRR3160438_42	USA	2014-06-16
2241	SRR3160438_43	USA	2014-06-16
2242	SRR3160438_44	USA	2014-06-16
2243	SRR3160438_45	USA	2014-06-16
2244	SRR3160438_46	USA	2014-06-16
2245	SRR3160438_47	USA	2014-06-16
2246	SRR3160438_48	USA	2014-06-16
2247	SRR3160438_49	USA	2014-06-16
2248	SRR3160438_50	USA	2014-06-16
2249	SRR3160438_51	USA	2014-06-16
2250	SRR3160438_52	USA	2014-06-16
2251	SRR3160438_53	USA	2014-06-16
2252	SRR3160438_54	USA	2014-06-16
2253	SRR3160438_55	USA	2014-06-16
2254	SRR3160438_56	USA	2014-06-16
2255	SRR3160438_57	USA	2014-06-16
2256	SRR3160438_58	USA	2014-06-16
2257	SRR3160438_59	USA	2014-06-16
2258	SRR3160438_60	USA	2014-06-16
2259	SRR3160438_61	USA	2014-06-16
2260	SRR3160438_62	USA	2014-06-16
2261	SRR3160438_63	USA	2014-06-16
2262	SRR3160438_64	USA	2014-06-16
2263	SRR3160438_65	USA	2014-06-16
2264	SRR3160438_66	USA	2014-06-16
2265	SRR3160438_67	USA	2014-06-16
2266	SRR3160438_68	USA	2014-06-16
2267	SRR3160438_69	USA	2014-06-16
2268	SRR3160438_70	USA	2014-06-16
2269	SRR3160438_71	USA	2014-06-16
2270	SRR3160438_72	USA	2014-06-16
2271	SRR3160438_73	USA	2014-06-16
2272	SRR3160438_74	USA	2014-06-16
2273	SRR3160438_75	USA	2014-06-16
2274	SRR3160438_76	USA	2014-06-16
2275	SRR3160438_77	USA	2014-06-16
2276	SRR3160438_78	USA	2014-06-16
2277	SRR3160438_79	USA	2014-06-16
2278	SRR3160438_80	USA	2014-06-16
2279	SRR3160438_81	USA	2014-06-16
2280	SRR3160438_82	USA	2014-06-16
2281	SRR3160438_83	USA	2014-06-16
2282	SRR3160438_84	USA	2014-06-16
2283	SRR3160438_85	USA	2014-06-16
2284	SRR3160438_86	USA	2014-06-16
2285	SRR3160438_87	USA	2014-06-16
2286	ERR209769_1	Spain	2008-2010
2287	ERR209769_2	Spain	2008-2010
2288	ERR209769_3	Spain	2008-2010
2289	ERR209769_4	Spain	2008-2010
2290	ERR209769_5	Spain	2008-2010
2291	ERR209769_6	Spain	2008-2010
2292	ERR209769_7	Spain	2008-2010
2293	ERR527097_1	China	2011
2294	ERR1018301_1	China	2012
2295	SRR1761694_1	USA	2013
2296	SRR2298560_1	Finland	1999-10-18
2297	SRR2298560_2	Finland	1999-10-18
2298	SRR2298560_3	Finland	1999-10-18
2299	ERR414344_1	Denmark	2008/2010
2300	ERR479386_1	France	2004/2006
2301	ERR479386_2	France	2004/2006
2302	ERR479386_3	France	2004/2006
2303	ERR479386_4	France	2004/2006
2304	ERR479386_5	France	2004/2006
2305	ERR479386_6	France	2004/2006
2306	ERR479386_7	France	2004/2006
2307	ERR479386_8	France	2004/2006
2308	ERR479386_9	France	2004/2006
2309	ERR479386_10	France	2004/2006
2310	ERR479386_11	France	2004/2006
2311	ERR479386_12	France	2004/2006
2312	ERR479386_13	France	2004/2006
2313	ERR479386_14	France	2004/2006
2314	ERR479386_15	France	2004/2006
2315	ERR479386_16	France	2004/2006
2316	ERR479386_17	France	2004/2006
2317	ERR479386_18	France	2004/2006
2318	ERR479386_19	France	2004/2006
2319	ERR479386_20	France	2004/2006
2320	ERR479386_21	France	2004/2006
2321	ERR479386_22	France	2004/2006
2322	ERR479386_23	France	2004/2006
2323	ERR479386_24	France	2004/2006
2324	ERR321559_1	Denmark	2008-2010
2325	ERR321559_2	Denmark	2008-2010
2326	ERR321202_1	Denmark	2008-2010
2327	ERR209268_1	Denmark	2008-2010
2328	ERR209268_2	Denmark	2008-2010
2329	ERR209268_3	Denmark	2008-2010
2330	ERR209268_4	Denmark	2008-2010
2331	ERR209646_1	Spain	2008-2010
2332	ERR1190662_1	China	2014
2333	ERR1190662_2	China	2014
2334	ERR1190861_1	China	2014
2335	ERR1190861_2	China	2014
2336	ERR1190861_3	China	2014
2337	ERR1190861_4	China	2014
2338	ERR748141_1	Germany	2011/2014
2339	ERR1190613_1	China	2014
2340	ERR527108_1	China	2011
2341	ERR527108_2	China	2011
2342	ERR527108_3	China	2011
2343	ERR414263_1	Denmark	2008/2010
2344	ERR414263_2	Denmark	2008/2010
2345	ERR414263_3	Denmark	2008/2010
2346	ERR414263_4	Denmark	2008/2010
2347	SRR4451615_1	USA	2014-06-30
2348	ERR748103_1	Germany	2011/2014
2349	ERR748103_2	Germany	2011/2014
2350	ERR748103_3	Germany	2011/2014
2351	SRR2089010_1	Canada	2013-03-25
2352	SRR2089010_2	Canada	2013-03-25
2353	SRR2940941_1	USA	2012-08-23
2354	SRR2565536_1	Canada	2010-04-29
2355	SRR2565536_2	Canada	2010-04-29
2356	ERR527071_1	China	2011
2357	ERR527071_2	China	2011
2358	ERR527071_3	China	2011
2359	ERR479413_1	France	2004/2006
2360	SRR2566044_1	Canada	2010-03-04
2361	SRR2566044_2	Canada	2010-03-04
2362	ERR1018252_1	China	2012
2363	ERR1018252_2	China	2012
2364	ERR1018252_3	China	2012
2365	ERR1018252_4	China	2012
2366	ERR1018252_5	China	2012
2367	SRR2583973_1	Canada	2010-07-21
2368	ERR1190640_1	China	2014
2369	ERR1190640_2	China	2014
2370	ERR1190640_3	China	2014
2371	ERR1190640_4	China	2014
2372	ERR1190640_5	China	2014
2373	ERR1190640_6	China	2014
2374	ERR1190640_7	China	2014
2375	SRR2566042_1	Canada	2010-03-08
2376	SRR2566042_2	Canada	2010-03-08
2377	SRR2566042_3	Canada	2010-03-08
2378	SRR2566042_4	Canada	2010-03-08
2379	SRR2566042_5	Canada	2010-03-08
2380	SRR1535348_1	China	2012
2381	SRR1535348_2	China	2012
2382	SRR1535348_3	China	2012
2383	SRR1535348_4	China	2012
2384	SRR1535348_5	China	2012
2385	ERR209286_1	Denmark	2008-2010
2386	ERR209286_2	Denmark	2008-2010
2387	ERR209286_3	Denmark	2008-2010
2388	ERR1578641_1	China	2013
2389	ERR589789_1	China	2012
2390	ERR589789_2	China	2012
2391	ERR589789_3	China	2012
2392	ERR209154_1	Denmark	2008-2010
2393	ERR479576_1	Germany	2011/2013
2394	ERR479284_1	France	2004/2006
2395	ERR479284_2	France	2004/2006
2396	ERR479284_3	France	2004/2006
2397	ERR479284_4	France	2004/2006
2398	ERR479284_5	France	2004/2006
2399	ERR479284_6	France	2004/2006
2400	ERR479284_7	France	2004/2006
2401	SRR1535402_1	China	2013
2402	SRR1535402_2	China	2013
2403	SRR2565543_1	Canada	2010-04-30
2404	ERR1190953_1	China	2014
2405	ERR1190953_2	China	2014
2406	ERR1190953_3	China	2014
2407	ERR1190953_4	China	2014
2408	ERR1190953_5	China	2014
2409	ERR1190953_6	China	2014
2410	ERR1190953_7	China	2014
2411	SRR2565548_1	Canada	2010-05-19
2412	SRR4435733_1	USA	2014-06-02
2413	SRR2155354_1	Germany	Nov-2011
2414	ERR1190837_1	China	2014
2415	ERR1190837_2	China	2014
2416	ERR321244_1	Denmark	2008-2010
2417	ERR479323_1	France	2004/2006
2418	ERR479111_1	France	2004/2006
2419	ERR479111_2	France	2004/2006
2420	ERR479111_3	France	2004/2006
2421	ERR321569_1	Denmark	2008-2010
2422	ERR321569_2	Denmark	2008-2010
2423	ERR321569_3	Denmark	2008-2010
2424	ERR321569_4	Denmark	2008-2010
2425	ERR321569_5	Denmark	2008-2010
2426	ERR321569_6	Denmark	2008-2010
2427	ERR321569_7	Denmark	2008-2010
2428	ERR1190892_1	China	2014
2429	SRR3313043_1	Luxembourg	2012-08-30
2430	SRR3313043_2	Luxembourg	2012-08-30
2431	SRR3313043_3	Luxembourg	2012-08-30
2432	SRR3313043_4	Luxembourg	2012-08-30
2433	ERR505086_1	Australia	2012
2434	ERR748154_1	Germany	2011/2014
2435	ERR748154_2	Germany	2011/2014
2436	ERR748154_3	Germany	2011/2014
2437	ERR478973_1	France	2004/2006
2438	ERR478973_2	France	2004/2006
2439	SRR2566063_1	Canada	2010-04-19
2440	SRR2566063_2	Canada	2010-04-19
2441	ERR414269_1	Denmark	2008/2010
2442	ERR414269_2	Denmark	2008/2010
2443	ERR414269_3	Denmark	2008/2010
2444	ERR414269_4	Denmark	2008/2010
2445	ERR589826_1	China	2012
2446	ERR589826_2	China	2012
2447	ERR589826_3	China	2012
2448	ERR321272_1	Denmark	2008-2010
2449	ERR321272_2	Denmark	2008-2010
2450	ERR209455_1	Denmark	2008-2010
2451	ERR209455_2	Denmark	2008-2010
2452	ERR1190545_1	China	2014
2453	ERR1190545_2	China	2014
2454	SRR1616982_1	Germany	06-Dec-2012
2455	SRR1616982_2	Germany	06-Dec-2012
2456	ERR321327_1	Denmark	2008-2010
2457	ERR479492_1	Germany	2011/2013
2458	SRR4481725_1	USA	2014-06-30
2459	SRR4481725_2	USA	2014-06-30
2460	SRR1168486_1	USA	Sep-2013
2461	SRR1168486_2	USA	Sep-2013
2462	SRR4435767_1	USA	2014-06-09
2463	SRR4435767_2	USA	2014-06-09
2464	SRR4435767_3	USA	2014-06-09
2465	SRR4435767_4	USA	2014-06-09
2466	SRR4435767_5	USA	2014-06-09
2467	SRR4435767_6	USA	2014-06-09
2468	SRR4435767_7	USA	2014-06-09
2469	SRR4435767_8	USA	2014-06-09
2470	SRR4435767_9	USA	2014-06-09
2471	ERR414240_1	Denmark	2008/2010
2472	ERR748035_1	Germany	2011/2014
2473	ERR748035_2	Germany	2011/2014
2474	SRR4032538_1	USA	2013
2475	SRR4032538_2	USA	2013
2476	ERR589547_1	China	2012
2477	ERR589547_2	China	2012
2478	ERR589547_3	China	2012
2479	ERR589547_4	China	2012
2480	ERR589547_5	China	2012
2481	SRR2940973_1	USA	2012-06-29
2482	SRR2940973_2	USA	2012-06-29
2483	SRR2297849_1	Finland	2004-08-31
2484	SRR2297849_2	Finland	2004-08-31
2485	SRR2297849_3	Finland	2004-08-31
2486	SRR2297849_4	Finland	2004-08-31
2487	ERR1190753_1	China	2014
2488	ERR1190753_2	China	2014
2489	SRR4074263_1	Italy	2013
2490	SRR4074263_2	Italy	2013
2491	ERR479440_1	Germany	2011/2013
2492	ERR479440_2	Germany	2011/2013
2493	SRR2565542_1	Canada	2010-04-28
2494	SRR2565542_2	Canada	2010-04-28
2495	SRR2565542_3	Canada	2010-04-28
2496	SRR2565542_4	Canada	2010-04-28
2497	ERR525751_1	Denmark	2008/2010
2498	ERR525751_2	Denmark	2008/2010
2499	SRR789046_1	United Kingdom	07-Sep-2010
2500	SRR789046_2	United Kingdom	07-Sep-2010
2501	SRR789046_3	United Kingdom	07-Sep-2010
2502	SRR789046_4	United Kingdom	07-Sep-2010
2503	SRR789046_5	United Kingdom	07-Sep-2010
2504	SRR789046_6	United Kingdom	07-Sep-2010
2505	ERR321399_1	Denmark	2008-2010
2506	ERR321399_2	Denmark	2008-2010
2507	ERR321399_3	Denmark	2008-2010
2508	SRR1145916_1	China	2013-1-7
2509	SRR1145916_2	China	2013-1-7
2510	SRR4481820_1	USA	2014-06-04
2511	ERR589871_1	China	2012
2512	ERR589871_2	China	2012
2513	ERR527030_1	China	2011
2514	ERR527030_2	China	2011
2515	ERR1190635_1	China	2014
2516	ERR1190635_2	China	2014
2517	ERR1190635_3	China	2014
2518	ERR1190635_4	China	2014
2519	ERR1190581_1	China	2014
2520	ERR1190581_2	China	2014
2521	ERR1018191_1	China	2012
2522	ERR1018191_2	China	2012
2523	ERR1018191_3	China	2012
2524	ERR1018191_4	China	2012
2525	ERR1018191_5	China	2012
2526	ERR1018191_6	China	2012
2527	ERR1018191_7	China	2012
2528	ERR1018191_8	China	2012
2529	ERR1018191_9	China	2012
2530	ERR1018191_10	China	2012
2531	ERR1018191_11	China	2012
2532	ERR1018191_12	China	2012
2533	ERR1018191_13	China	2012
2534	ERR1018191_14	China	2012
2535	ERR1018191_15	China	2012
2536	ERR1018191_16	China	2012
2537	ERR1018191_17	China	2012
2538	ERR1018191_18	China	2012
2539	ERR1018191_19	China	2012
2540	ERR1018191_20	China	2012
2541	ERR1018191_21	China	2012
2542	ERR1018191_22	China	2012
2543	ERR1018191_23	China	2012
2544	ERR1018191_24	China	2012
2545	ERR1018191_25	China	2012
2546	ERR1018191_26	China	2012
2547	ERR1018191_27	China	2012
2548	ERR1018191_28	China	2012
2549	ERR1018191_29	China	2012
2550	ERR1018191_30	China	2012
2551	ERR1018191_31	China	2012
2552	ERR1018191_32	China	2012
2553	ERR1018191_33	China	2012
2554	SRR4032471_1	USA	2013
2555	SRR4032471_2	USA	2013
2556	ERR527039_1	China	2011
2557	ERR527039_2	China	2011
2558	SRR3182142_1	USA	2014-01-24
2559	SRR3182142_2	USA	2014-01-24
2560	ERR209766_1	Spain	2008-2010
2561	ERR209766_2	Spain	2008-2010
2562	ERR209766_3	Spain	2008-2010
2563	ERR209766_4	Spain	2008-2010
2564	ERR209766_5	Spain	2008-2010
2565	SRR4435814_1	USA	2014-06-08
2566	SRR4435814_2	USA	2014-06-08
2567	SRR4435814_3	USA	2014-06-08
2568	SRR4435814_4	USA	2014-06-08
2569	SRR4435814_5	USA	2014-06-08
2570	SRR4435814_6	USA	2014-06-08
2571	SRR4435814_7	USA	2014-06-08
2572	SRR4435814_8	USA	2014-06-08
2573	SRR4435814_9	USA	2014-06-08
2574	SRR4435814_10	USA	2014-06-08
2575	SRR4435814_11	USA	2014-06-08
2576	SRR4435814_12	USA	2014-06-08
2577	SRR4435814_13	USA	2014-06-08
2578	SRR4435814_14	USA	2014-06-08
2579	SRR2082446_1	Canada	2013
2580	SRR2155317_1	Germany	Nov-2010
2581	ERR1190672_1	China	2014
2582	ERR1190672_2	China	2014
2583	ERR1190672_3	China	2014
2584	ERR1190672_4	China	2014
2585	SRR1554402_1	Canada	Oct-2010
2586	SRR1554402_2	Canada	Oct-2010
2587	SRR1554402_3	Canada	Oct-2010
2588	SRR1554402_4	Canada	Oct-2010
2589	SRR1554402_5	Canada	Oct-2010
2590	SRR1554402_6	Canada	Oct-2010
2591	ERR479414_1	France	2004/2006
2592	SRR4074259_1	Italy	2013
2593	SRR4074259_2	Italy	2013
2594	SRR2566043_1	Canada	2010-03-09
2595	SRR2566043_2	Canada	2010-03-09
2596	ERR321201_1	Denmark	2008-2010
2597	ERR321201_2	Denmark	2008-2010
2598	ERR1018275_1	China	2012
2599	ERR1018275_2	China	2012
2600	ERR1018275_3	China	2012
2601	ERR589813_1	China	2012
2602	ERR589813_2	China	2012
2603	SRR1750095_1	USA	30-Jun-2014
2604	SRR1750095_2	USA	30-Jun-2014
2605	ERR414258_1	Denmark	2008/2010
2606	ERR414258_2	Denmark	2008/2010
2607	ERR414258_3	Denmark	2008/2010
2608	ERR414258_4	Denmark	2008/2010
2609	ERR318688_1	USA	01/05/2006
2610	SRR4074296_1	Italy	2013
2611	SRR4074296_2	Italy	2013
2612	SRR4074296_3	Italy	2013
2613	SRR4074296_4	Italy	2013
2614	SRR4074296_5	Italy	2013
2615	SRR4074296_6	Italy	2013
2616	SRR4074296_7	Italy	2013
2617	SRR4074296_8	Italy	2013
2618	ERR209389_1	Denmark	2008-2010
2619	ERR209389_2	Denmark	2008-2010
2620	ERR209389_3	Denmark	2008-2010
2621	ERR209389_4	Denmark	2008-2010
2622	ERR209389_5	Denmark	2008-2010
2623	SRR2566027_1	Canada	2010-02-18
2624	SRR2566027_2	Canada	2010-02-18
2625	SRR3501855_1	Singapore	2015-06-26
2626	SRR3501857_1	Singapore	2015-07-10
2627	SRR3501857_2	Singapore	2015-07-10
2628	ERR589770_1	China	2012
2629	ERR589770_2	China	2012
2630	ERR589770_3	China	2012
2631	ERR589770_4	China	2012
2632	ERR589770_5	China	2012
2633	ERR589770_6	China	2012
2634	ERR589770_7	China	2012
2635	ERR589770_8	China	2012
2636	ERR589770_9	China	2012
2637	ERR589770_10	China	2012
2638	ERR589770_11	China	2012
2639	ERR589770_12	China	2012
2640	ERR589770_13	China	2012
2641	ERR532383_1	China	2011
2642	ERR532383_2	China	2011
2643	ERR532383_3	China	2011
2644	SRR4000975_1	USA	06-Oct-2013
2645	SRR4000975_2	USA	06-Oct-2013
2646	ERR1018281_1	China	2012
2647	ERR1018281_2	China	2012
2648	ERR162925_1	Spain	March 2012
2649	SRR3313064_1	Luxembourg	2012-08-17
2650	SRR3313064_2	Luxembourg	2012-08-17
2651	ERR209823_1	Spain	2008-2010
2652	ERR209823_2	Spain	2008-2010
2653	ERR209823_3	Spain	2008-2010
2654	ERR209823_4	Spain	2008-2010
2655	ERR209823_5	Spain	2008-2010
2656	ERR209823_6	Spain	2008-2010
2657	SRR4074357_1	Italy	2013
2658	SRR4074357_2	Italy	2013
2659	SRR4074357_3	Italy	2013
