sampleid	name	date	latitude	longitude	country	Brouns_B.20151106	Mazankova_primerB_17.20151201	Tyakht_OM_178_B	Qimron_Jericho_B_20151202	Tyakht_Nov_282_B	Mazankova_primerB_4.20151201	Mazankova_primerB_23.20151201	Mazankova_primerB_2.20151201	DiazMunoz_Davis1_B	DiazMunoz_NYC_B	Muniesa_E1_Gav_primerB.201510	Muniesa_E2_Gav_primerB.201510	Muniesa_E4_Gav_primerB.201311	Muniesa_E8_ElPratdeLlobregat_primerB.201401	Muniesa_E13_Gav_primerB.201405	Muniesa_E14_ElPratdeLlobregat_primerB.201401	Muniesa_E7_Gav_primerB.201401	Muniesa_1.1_Gav_primerB.201510	Muniesa_E23_Gav_primerB.201406	Qimron_Qalqilyah_B_20151202	DiazMunoz_Davis3_B	Mazankova_primerB_13.20151201	Mazankova_primerB_10.20151201	Fineran_Greymouth_B	Decewicz_Dziewit_Wyszkow_Bseq2.20160126	Decewicz_Dziewit_Wyszkow_Bseq2.20160303	Decewicz_Dziewit_Lodz_Bseq3.20160303	Decewicz_Dziewit_Lodz_Bseq5.20160303	Decewicz_Dziewit_Warsaw_Bseq3.20160303	Strain_primerB.20151215	Tyakht_Nov_285_B	Tyakht_SAR_275_B	Tyakht_Nov_287_B	Mazankova_primerB_9.20151201	Fineran_Dunedin_B	Mazankova_primerB_15.20151201	Mazankova_primerB_19.20151201	Muniesa_E32_Girona_primerB.201505	Mazankova_primerB_6.20151201	Mazankova_primerB_14.20151201	Mazankova_primerB_5.20151201	Mazankova_primerB_18.20151201	Mazankova_primerB_16.20151201	crAssphage_B	Decewicz_Dziewit_Warsaw_Bseq1.20160126	Decewicz_Dziewit_Warsaw_Bseq1.20160303	Decewicz_Dziewit_Warsaw_Bseq2.20160303	Cinek_bin13_primerB.20151120	Decewicz_Dziewit_Wyszkow_Bseq3.20160126	Decewicz_Dziewit_Wyszkow_Bseq3.20160303	Decewicz_Dziewit_Oswiecim_Bseq2.20160126	Decewicz_Dziewit_Oswiecim_Bseq3.20160303	Decewicz_Dziewit_Oswiecim_Bseq2.20160303	Decewicz_Dziewit_Lodz_Bseq1.20160126	Decewicz_Dziewit_Lodz_Bseq2.20160303	Decewicz_Dziewit_Lodz_Bseq1.20160303	Decewicz_Dziewit_Oswiecim_Bseq3.20160126	Decewicz_Dziewit_Oswiecim_Bseq4.20160303	Decewicz_Dziewit_Wyszkow_Bseq5.20160126	Decewicz_Dziewit_Wyszkow_Bseq5.20160303	Decewicz_Dziewit_Wyszkow_Bseq4.20160126	Decewicz_Dziewit_Wyszkow_Bseq4.20160303	Cinek_bin15_primerB.20151120	Cinek_bin16_primerB.20151120	Decewicz_Dziewit_Oswiecim_Bseq1.20160126	Decewicz_Dziewit_Oswiecim_Bseq1.20160303	Desnues_sewage27_primerB.20151217	Decewicz_Dziewit_Lodz_Bseq4.20160303	Decewicz_Dziewit_Wyszkow_Bseq1.20160126	Decewicz_Dziewit_Wyszkow_Bseq1.20160303	Mazankova_primerB_3.20151201	Decewicz_Dziewit_Oswiecim_Bseq4.20160126	Decewicz_Dziewit_Oswiecim_Bseq5.20160303	Mazankova_primerB_1.20151201	Edwards_B.20151012.S1	Edwards_B.20151209.S3	Edwards_B.20151012.S4	Edwards_B.20151012.S3	Edwards_B.20151209.S2	Edwards_B.20151209.S4	Edwards_B.20151012.S2	Zambrano_B.20160412.s1	Edwards_B.20151209.S1	Qimron_Salfit_B_20151202	Qimron_Ramallah_B_20151202	Raya_B.20160414	Mazankova_primerB_12.20151201	Nigro_B.20161212.SandIsland	Cinek_bin11_primerB.20151120	Cinek_bin14_primerB.20151120	Cinek_bin57_primerB.20151120	Nigro_B.20161212.Waianae	Santos_B13.20160225	Santos_B24.20160225	Santos_B21.20160225
Brouns_B.20151106	Brouns lab primer B 20151106	20151106	52.180646	5.9478529	The Netherlands	0.000000	0.010513	0.044459	0.071561	0.030640	0.017908	0.016593	0.024218	0.024129	0.021565	0.020305	0.020315	0.020298	0.020279	0.020299	0.020305	0.020288	0.021570	0.022843	0.026591	0.022791	0.019187	0.020368	0.021723	0.034520	0.034520	0.033161	0.033161	0.038445	0.034525	0.039617	0.039925	0.034213	0.024236	0.019217	0.020456	0.020433	0.026788	0.021836	0.018330	0.025045	0.000000	0.009353	0.037148	0.031835	0.031835	0.031835	0.041363	0.035771	0.035771	0.033205	0.033205	0.037027	0.031947	0.031947	0.034643	0.042328	0.042328	0.033389	0.033389	0.043736	0.043736	0.038439	0.041266	0.037103	0.037103	0.038579	0.050652	0.043629	0.043629	0.034524	0.037105	0.037105	0.024592	0.026649	0.028378	0.027894	0.039706	0.030351	0.038898	0.033076	0.037108	0.063987	0.030576	0.042286	0.035814	0.022701	0.023080	0.112382	0.119163	0.114140	0.022134	0.054251	0.071678	0.072595
Mazankova_primerB_17.20151201	Mazankova primer B sample 17 20151201	20151201	50.6604875	14.0406928	Czech_Republic	0.010513	0.000000	0.002607	0.021089	0.015876	0.005309	0.010555	0.013275	0.015887	0.013194	0.007918	0.007903	0.010567	0.007897	0.007897	0.007903	0.010580	0.010573	0.013186	0.021137	0.013204	0.007948	0.007934	0.010571	0.029470	0.029470	0.032167	0.032167	0.034968	0.032173	0.035056	0.035056	0.026689	0.007904	0.010676	0.013439	0.013334	0.024082	0.013350	0.007963	0.007892	0.010110	0.018931	0.013213	0.013179	0.013179	0.013179	0.022667	0.021128	0.021128	0.015830	0.015830	0.018485	0.021279	0.021279	0.029461	0.029401	0.029401	0.026832	0.026832	0.026654	0.026654	0.015829	0.019962	0.029321	0.029321	0.021425	0.054848	0.023796	0.023796	0.023899	0.023898	0.023898	0.010754	0.021184	0.015328	0.018481	0.034832	0.011878	0.026673	0.031999	0.032251	0.084107	0.021189	0.015793	0.032173	0.007983	0.016042	0.102126	0.102127	0.090554	0.013338	0.062855	0.104796	0.107137
Tyakht_OM_178_B	Tyakht OM_178_B primer B	20160301	54.3933	72.4255	Russia	0.044459	0.002607	0.000000	0.066390	0.025194	0.009304	0.012394	0.022605	0.025238	0.022594	0.015870	0.017171	0.015889	0.015849	0.014540	0.013219	0.018540	0.019857	0.019902	0.031901	0.022490	0.013354	0.011933	0.014635	0.036092	0.036092	0.036095	0.036095	0.038845	0.034748	0.039446	0.040297	0.027172	0.014562	0.014724	0.021455	0.021389	0.029416	0.014710	0.012297	0.017639	0.010052	0.021954	0.030523	0.030482	0.030482	0.030482	0.032703	0.029147	0.029147	0.022467	0.022467	0.026453	0.032011	0.032011	0.038931	0.038790	0.038790	0.037624	0.037624	0.036013	0.036013	0.037352	0.040183	0.041548	0.041548	0.030748	0.046008	0.025042	0.025042	0.029220	0.029182	0.029182	0.021623	0.030563	0.033120	0.027818	0.033219	0.025422	0.034484	0.033232	0.031978	0.058503	0.030653	0.037362	0.038794	0.008508	0.026987	0.090058	0.083116	0.082534	0.021823	0.046953	0.071984	0.060844
Qimron_Jericho_B_20151202	Qimron lab primer B 20151202	20151202	31.85	35.45	Israel	0.071561	0.021089	0.066390	0.000000	0.063233	0.047525	0.012345	0.052623	0.051041	0.048367	0.048511	0.048537	0.047169	0.048446	0.047171	0.045865	0.048468	0.049813	0.048327	0.050721	0.049577	0.046181	0.047351	0.045943	0.063126	0.063126	0.061796	0.061796	0.060395	0.061801	0.070410	0.068910	0.060662	0.051175	0.043518	0.044688	0.048746	0.056637	0.047463	0.044508	0.009855	0.010025	0.018758	0.064541	0.061708	0.061708	0.061708	0.078978	0.060375	0.060375	0.059058	0.059058	0.057593	0.065967	0.065967	0.067469	0.062974	0.062974	0.068985	0.068985	0.067232	0.067232	0.065883	0.070432	0.063203	0.063203	0.057828	0.070330	0.072668	0.072668	0.056387	0.058909	0.058909	0.052019	0.053546	0.065149	0.053480	0.067321	0.064611	0.071299	0.058897	0.058993	0.088685	0.048122	0.060048	0.063048	0.019392	0.053074	0.134756	0.149504	0.142061	0.049731	0.082451	0.111198	0.094773
Tyakht_Nov_282_B	Tyakht Nov_282_B primer B	20160301	55.03	82.57	Russia	0.030640	0.015876	0.025194	0.063233	0.000000	0.007606	0.004106	0.013867	0.015098	0.012596	0.010062	0.012609	0.011351	0.012599	0.011348	0.010076	0.013876	0.012584	0.013882	0.022737	0.015113	0.006323	0.008830	0.010139	0.021441	0.021441	0.024008	0.024008	0.029199	0.025336	0.026968	0.029271	0.021689	0.010075	0.010200	0.014001	0.012695	0.018984	0.012722	0.009098	0.009871	0.006725	0.003099	0.026547	0.021365	0.021365	0.021365	0.027123	0.025248	0.025248	0.011261	0.011261	0.020106	0.025391	0.025391	0.024060	0.034433	0.034433	0.022813	0.022813	0.025252	0.025252	0.022659	0.023712	0.029230	0.029230	0.024139	0.038523	0.031831	0.031831	0.022709	0.018841	0.018841	0.011535	0.021468	0.022267	0.024033	0.033127	0.022613	0.026621	0.029189	0.030511	0.055898	0.024104	0.035729	0.021418	0.009632	0.019183	0.097463	0.098005	0.094417	0.016859	0.044786	0.055431	0.048993
Mazankova_primerB_4.20151201	Mazankova primer B sample 4 20151201	20151201	48.9744694	14.4743417	Czech_Republic	0.017908	0.005309	0.009304	0.047525	0.007606	0.000000	0.000000	0.000000	0.000000	0.000000	0.000000	0.000000	0.000000	0.000000	0.000000	0.000000	0.000000	0.000000	0.001263	0.002524	0.000000	0.000000	0.000000	0.000000	0.006336	0.006336	0.005061	0.005061	0.006336	0.005067	0.009471	0.011486	0.006778	0.001263	0.000000	0.000000	0.000000	0.002536	0.000000	0.000000	0.000000	0.000000	0.003160	0.011441	0.008861	0.008861	0.008861	0.011905	0.007603	0.007603	0.010155	0.010155	0.010155	0.008904	0.008904	0.012758	0.019153	0.019153	0.011492	0.011492	0.019170	0.019170	0.015285	0.015523	0.012721	0.012721	0.011472	0.017975	0.013966	0.013966	0.010164	0.012713	0.012713	0.002557	0.002526	0.004456	0.002526	0.013998	0.001505	0.011880	0.008854	0.008896	0.038974	0.005071	0.017877	0.010146	0.000000	0.001281	0.076791	0.072218	0.068795	0.000000	0.022997	0.036286	0.035035
Mazankova_primerB_23.20151201	Mazankova primer B sample 23 20151201	20151201	50.0751514	14.3406075	Czech_Republic	0.016593	0.010555	0.012394	0.012345	0.004106	0.000000	0.000000	0.000000	0.002048	0.002051	0.002057	0.002052	0.002050	0.002052	0.002052	0.002052	0.002052	0.002050	0.004105	0.006152	0.002049	0.000000	0.000000	0.002067	0.008250	0.008250	0.006172	0.006172	0.010338	0.008250	0.010358	0.010358	0.006167	0.002058	0.002073	0.002082	0.000000	0.004124	0.002067	0.000000	0.002053	0.000000	0.006248	0.014480	0.006157	0.006157	0.006157	0.014196	0.012339	0.012339	0.010295	0.010295	0.008232	0.014509	0.014509	0.014529	0.029246	0.029246	0.012470	0.012470	0.020799	0.020799	0.018668	0.017300	0.018681	0.018681	0.016694	0.031646	0.022819	0.022819	0.014476	0.018661	0.018661	0.000000	0.002049	0.005428	0.004099	0.016540	0.002777	0.013515	0.012365	0.016625	0.053504	0.008250	0.006149	0.012386	0.000000	0.002099	0.078564	0.066641	0.060442	0.002089	0.037867	0.075988	0.065121
Mazankova_primerB_2.20151201	Mazankova primer B sample 2 20151201	20151201	49.1879958	16.3630967	Czech_Republic	0.024218	0.013275	0.022605	0.052623	0.013867	0.000000	0.000000	0.000000	0.002506	0.002507	0.001255	0.002515	0.002512	0.002511	0.002513	0.002513	0.002510	0.001253	0.003772	0.007533	0.002504	0.001265	0.000000	0.001264	0.005008	0.005008	0.006270	0.006270	0.006270	0.005014	0.009365	0.011365	0.009424	0.003777	0.003809	0.001264	0.000000	0.003769	0.002536	0.001293	0.003295	0.003360	0.006247	0.011307	0.011292	0.011292	0.011292	0.015235	0.013874	0.013874	0.016411	0.016411	0.015125	0.015210	0.015210	0.016482	0.028014	0.028014	0.015227	0.015227	0.025418	0.025418	0.018965	0.019630	0.016433	0.016433	0.015199	0.020363	0.026708	0.026708	0.015157	0.018964	0.018964	0.002552	0.002502	0.007374	0.003755	0.013862	0.004483	0.013245	0.008769	0.011325	0.038586	0.011369	0.026767	0.012573	0.001598	0.003811	0.083259	0.079770	0.075735	0.002580	0.033177	0.045727	0.039466
DiazMunoz_Davis1_B	DiazMunoz_Davis1_B	20160421	38.590894	-121.666779	USA	0.024129	0.015887	0.025238	0.051041	0.015098	0.000000	0.002048	0.002506	0.000000	0.000000	0.000000	0.001253	0.001252	0.001251	0.001252	0.001253	0.001252	0.000000	0.002503	0.004990	0.001246	0.002530	0.000000	0.000000	0.010024	0.010024	0.010026	0.010026	0.011295	0.010037	0.013364	0.015145	0.012103	0.006304	0.001265	0.000000	0.003788	0.005025	0.000000	0.002586	0.001642	0.006716	0.006221	0.015089	0.011256	0.011256	0.011256	0.015182	0.013827	0.013827	0.016358	0.016358	0.012528	0.016429	0.016429	0.016411	0.029224	0.029224	0.015161	0.015161	0.024033	0.024033	0.017615	0.018131	0.018944	0.018944	0.020305	0.022887	0.027918	0.027918	0.015107	0.017616	0.017616	0.006378	0.006254	0.008826	0.003741	0.018921	0.005961	0.013187	0.015088	0.013830	0.042413	0.008786	0.024061	0.018904	0.000000	0.000000	0.090290	0.087830	0.083190	0.000000	0.033051	0.045587	0.039280
DiazMunoz_NYC_B	DiazMunoz_NYC_B	20141214	40.7128	-74.0059	USA	0.021565	0.013194	0.022594	0.048367	0.012596	0.000000	0.002051	0.002507	0.000000	0.000000	0.000000	0.000000	0.000000	0.000000	0.000000	0.000000	0.000000	0.000000	0.001251	0.002493	0.000000	0.002530	0.000000	0.000000	0.006264	0.006264	0.007519	0.007519	0.008786	0.007528	0.010697	0.012622	0.010780	0.005033	0.000000	0.000000	0.002527	0.005032	0.000000	0.001293	0.001642	0.000000	0.003117	0.015131	0.010017	0.010017	0.010017	0.015188	0.011314	0.011314	0.015118	0.015118	0.012562	0.013902	0.013902	0.016456	0.024073	0.024073	0.015203	0.015203	0.024099	0.024099	0.016400	0.016785	0.012579	0.012579	0.016469	0.020344	0.022777	0.022777	0.015149	0.017665	0.017665	0.005106	0.002495	0.005877	0.001246	0.016382	0.004473	0.008780	0.011274	0.010055	0.038516	0.006270	0.022804	0.015101	0.000000	0.000000	0.086110	0.083708	0.079459	0.000000	0.031826	0.043620	0.037776
Muniesa_E1_Gav_primerB.201510	Muniesa E1 Gava primer B Raw Sewage	20151001	41.3037013	1.9858569	Spain	0.020305	0.007918	0.015870	0.048511	0.010062	0.000000	0.002057	0.001255	0.000000	0.000000	0.000000	0.000000	0.000000	0.000000	0.000000	0.000000	0.000000	0.000000	0.001250	0.002499	0.000000	0.000000	0.000000	0.000000	0.007532	0.007532	0.006267	0.006267	0.008801	0.006275	0.010715	0.012642	0.008067	0.001255	0.000000	0.000000	0.002520	0.003766	0.000000	0.001291	0.000000	0.003349	0.006251	0.011317	0.010032	0.010032	0.010032	0.011805	0.008788	0.008788	0.011331	0.011331	0.010045	0.011357	0.011357	0.013917	0.022836	0.022836	0.013934	0.013934	0.017711	0.017711	0.015136	0.015373	0.015145	0.015145	0.015215	0.020380	0.020267	0.020267	0.010066	0.012589	0.012589	0.005113	0.005013	0.005884	0.002499	0.015126	0.001488	0.011744	0.011294	0.007540	0.039879	0.007547	0.021541	0.013861	0.000000	0.001267	0.086284	0.081995	0.077859	0.000000	0.029244	0.037909	0.034575
Muniesa_E2_Gav_primerB.201510	Muniesa E2 Gava primer B Raw Sewage	20151001	41.3037013	1.9858569	Spain	0.020315	0.007903	0.017171	0.048537	0.012609	0.000000	0.002052	0.002515	0.001253	0.000000	0.000000	0.000000	0.000000	0.000000	0.000000	0.000000	0.000000	0.000000	0.001251	0.002501	0.000000	0.000000	0.000000	0.000000	0.008806	0.008806	0.007537	0.007537	0.010080	0.007546	0.012056	0.013936	0.009419	0.001257	0.000000	0.000000	0.002522	0.005035	0.001268	0.001292	0.000000	0.003341	0.009394	0.012602	0.011311	0.011311	0.011311	0.011828	0.008792	0.008792	0.015152	0.015152	0.012588	0.011362	0.011362	0.015216	0.024126	0.024126	0.015234	0.015234	0.021569	0.021569	0.016434	0.016823	0.015153	0.015153	0.016501	0.021702	0.022829	0.022829	0.011349	0.015146	0.015146	0.005117	0.005016	0.005892	0.002501	0.013838	0.000000	0.011759	0.011300	0.008815	0.039900	0.007551	0.021552	0.016423	0.000000	0.002540	0.086361	0.080097	0.078015	0.000000	0.030584	0.037875	0.037868
Muniesa_E4_Gav_primerB.201311	Muniesa E4 Gava primer B Raw Sewage	20131101	41.3037013	1.9858569	Spain	0.020298	0.010567	0.015889	0.047169	0.011351	0.000000	0.002050	0.002512	0.001252	0.000000	0.000000	0.000000	0.000000	0.000000	0.000000	0.000000	0.000000	0.000000	0.001248	0.002499	0.000000	0.001262	0.000000	0.000000	0.008799	0.008799	0.006274	0.006274	0.010072	0.007540	0.010728	0.012656	0.009421	0.001257	0.000000	0.000000	0.002519	0.005031	0.001267	0.001290	0.001641	0.003341	0.009394	0.013874	0.012579	0.012579	0.012579	0.013533	0.010057	0.010057	0.013893	0.013893	0.011332	0.012636	0.012636	0.016498	0.021555	0.021555	0.016518	0.016518	0.020306	0.020306	0.017713	0.018243	0.015141	0.015141	0.013943	0.021684	0.018992	0.018992	0.012621	0.013887	0.013887	0.005105	0.005012	0.005887	0.002499	0.015122	0.001489	0.011748	0.011291	0.008808	0.039864	0.006286	0.018991	0.012612	0.000000	0.002538	0.087753	0.082062	0.079840	0.000000	0.029277	0.037945	0.034649
Muniesa_E8_ElPratdeLlobregat_primerB.201401	Muniesa E8 El Prat de Llobregat primer B Raw Sewage	20140101	41.3224312	2.0828713	Spain	0.020279	0.007897	0.015849	0.048446	0.012599	0.000000	0.002052	0.002511	0.001251	0.000000	0.000000	0.000000	0.000000	0.000000	0.000000	0.000000	0.000000	0.000000	0.001248	0.002496	0.000000	0.000000	0.000000	0.000000	0.010060	0.010060	0.008790	0.008790	0.011335	0.008800	0.013419	0.015197	0.009419	0.001255	0.000000	0.000000	0.002516	0.005027	0.001265	0.001289	0.000000	0.003340	0.009393	0.012579	0.011291	0.011291	0.011291	0.011800	0.010044	0.010044	0.013859	0.013859	0.011305	0.011342	0.011342	0.015189	0.022807	0.022807	0.015207	0.015207	0.020257	0.020257	0.016404	0.016790	0.015126	0.015126	0.016488	0.022969	0.021514	0.021514	0.011329	0.013854	0.013854	0.006389	0.005007	0.005880	0.002496	0.015107	0.001487	0.011735	0.011280	0.008800	0.039826	0.007537	0.021513	0.016410	0.000000	0.002535	0.089151	0.084032	0.081670	0.000000	0.031844	0.039866	0.037830
Muniesa_E13_Gav_primerB.201405	Muniesa E13 Gava primer B Raw Sewage	20140501	41.3037013	1.9858569	Spain	0.020299	0.007897	0.014540	0.047171	0.011348	0.000000	0.002052	0.002513	0.001252	0.000000	0.000000	0.000000	0.000000	0.000000	0.000000	0.000000	0.000000	0.000000	0.001248	0.002499	0.000000	0.000000	0.000000	0.000000	0.010070	0.010070	0.007540	0.007540	0.011347	0.008809	0.012086	0.013941	0.009424	0.000000	0.000000	0.000000	0.002519	0.005032	0.001267	0.001290	0.000000	0.003340	0.009393	0.012592	0.011302	0.011302	0.011302	0.011815	0.010054	0.010054	0.012609	0.012609	0.010056	0.011354	0.011354	0.015204	0.021556	0.021556	0.015222	0.015222	0.019005	0.019005	0.016421	0.016809	0.015141	0.015141	0.015231	0.022992	0.018992	0.018992	0.011340	0.012604	0.012604	0.006392	0.005012	0.005887	0.002499	0.015122	0.001489	0.011749	0.011291	0.008809	0.039866	0.006286	0.018991	0.013892	0.000000	0.002538	0.089241	0.084153	0.081779	0.000000	0.030593	0.039925	0.036287
Muniesa_E14_ElPratdeLlobregat_primerB.201401	Muniesa E14 El Prat de Llobregat primer B Raw Sewage	20140501	41.3224312	2.0828713	Spain	0.020305	0.007903	0.013219	0.045865	0.010076	0.000000	0.002052	0.002513	0.001253	0.000000	0.000000	0.000000	0.000000	0.000000	0.000000	0.000000	0.000000	0.000000	0.001249	0.002500	0.000000	0.000000	0.000000	0.000000	0.008802	0.008802	0.007534	0.007534	0.010075	0.007543	0.012076	0.013930	0.008075	0.000000	0.000000	0.000000	0.002519	0.005032	0.001266	0.001290	0.000000	0.003341	0.009394	0.011333	0.010047	0.010047	0.010047	0.010128	0.007531	0.007531	0.011348	0.011348	0.008800	0.011357	0.011357	0.015209	0.020289	0.020289	0.015227	0.015227	0.017739	0.017739	0.016426	0.016815	0.015146	0.015146	0.012676	0.021692	0.020270	0.020270	0.010081	0.012608	0.012608	0.005108	0.005014	0.005889	0.002499	0.013862	0.001489	0.010281	0.010037	0.007551	0.038583	0.005029	0.018997	0.013881	0.000000	0.002538	0.087792	0.082113	0.079886	0.000000	0.029288	0.037965	0.033079
Muniesa_E7_Gav_primerB.201401	Muniesa E7 Gava primer B Raw Sewage	20140101	41.3037013	1.9858569	Spain	0.020288	0.010580	0.018540	0.048468	0.013876	0.000000	0.002052	0.002510	0.001252	0.000000	0.000000	0.000000	0.000000	0.000000	0.000000	0.000000	0.000000	0.000000	0.001249	0.002498	0.000000	0.001263	0.000000	0.000000	0.008795	0.008795	0.006271	0.006271	0.010067	0.007536	0.010722	0.012650	0.009427	0.002514	0.000000	0.000000	0.002519	0.005025	0.001266	0.001290	0.001641	0.003346	0.009409	0.013867	0.012573	0.012573	0.012573	0.013513	0.010052	0.010052	0.015152	0.015152	0.013852	0.012630	0.012630	0.016490	0.024094	0.024094	0.016510	0.016510	0.021570	0.021570	0.017705	0.018220	0.015133	0.015133	0.016469	0.021673	0.020253	0.020253	0.012615	0.016414	0.016414	0.005108	0.005009	0.005879	0.002498	0.015114	0.001487	0.011733	0.011285	0.008804	0.039845	0.007541	0.020252	0.015136	0.000000	0.002536	0.087709	0.081930	0.079721	0.000000	0.029263	0.037882	0.037775
Muniesa_1.1_Gav_primerB.201510	Muniesa 1.1 Gava primer B Primary Treatment	20151001	41.3037013	1.9858569	Spain	0.021570	0.010573	0.019857	0.049813	0.012584	0.000000	0.002050	0.001253	0.000000	0.000000	0.000000	0.000000	0.000000	0.000000	0.000000	0.000000	0.000000	0.000000	0.002501	0.003749	0.000000	0.002531	0.000000	0.001262	0.008786	0.008786	0.006265	0.006265	0.010057	0.007529	0.010710	0.012636	0.009411	0.002515	0.001266	0.001264	0.002519	0.005023	0.000000	0.002585	0.003290	0.003343	0.006232	0.012576	0.011289	0.011289	0.011289	0.013517	0.011304	0.011304	0.015121	0.015121	0.013838	0.015171	0.015171	0.016473	0.026657	0.026657	0.016493	0.016493	0.021526	0.021526	0.016401	0.016786	0.016405	0.016405	0.017766	0.021651	0.024083	0.024083	0.011326	0.015115	0.015115	0.006392	0.006266	0.007360	0.003749	0.015103	0.001487	0.011732	0.012547	0.010055	0.039868	0.008803	0.021532	0.015120	0.000000	0.002535	0.087613	0.084025	0.079672	0.000000	0.029232	0.039867	0.036121
Muniesa_E23_Gav_primerB.201406	Muniesa E23 Gava primer B Raw Sewage	20140601	41.3037013	1.9858569	Spain	0.022843	0.013186	0.019902	0.048327	0.013882	0.001263	0.004105	0.003772	0.002503	0.001251	0.001250	0.001251	0.001248	0.001248	0.001248	0.001249	0.001249	0.002501	0.000000	0.004995	0.001247	0.003790	0.001252	0.000000	0.006247	0.006247	0.007522	0.007522	0.008771	0.006254	0.007994	0.010063	0.010756	0.005039	0.001265	0.001263	0.003780	0.007550	0.001266	0.002582	0.003281	0.003335	0.009380	0.016388	0.016384	0.016384	0.016384	0.018656	0.013855	0.013855	0.017716	0.017716	0.012580	0.012594	0.012594	0.016426	0.021482	0.021482	0.015175	0.015175	0.024109	0.024109	0.020213	0.021014	0.015106	0.015106	0.013895	0.020310	0.020239	0.020239	0.017710	0.015105	0.015105	0.006386	0.005001	0.007351	0.003745	0.018938	0.005968	0.014695	0.013806	0.008770	0.042465	0.005005	0.017640	0.011297	0.001596	0.003809	0.089016	0.083854	0.081510	0.001287	0.030522	0.041702	0.037852
Qimron_Qalqilyah_B_20151202	Qimron lab primer B 20151202	20151202	32.18	34.97	Israel	0.026591	0.021137	0.031901	0.050721	0.022737	0.002524	0.006152	0.007533	0.004990	0.002493	0.002499	0.002501	0.002499	0.002496	0.002499	0.002500	0.002498	0.003749	0.004995	0.000000	0.003732	0.005055	0.003763	0.001253	0.016312	0.016312	0.013765	0.013765	0.013781	0.012523	0.017374	0.018923	0.013409	0.011332	0.000000	0.001257	0.005041	0.010030	0.001261	0.005168	0.004921	0.006676	0.012447	0.023992	0.018832	0.018832	0.018832	0.022007	0.017570	0.017570	0.021436	0.021436	0.017556	0.017632	0.017632	0.018940	0.029052	0.029052	0.020256	0.020256	0.025270	0.025270	0.022697	0.023766	0.021384	0.021384	0.022753	0.025383	0.026483	0.026483	0.017612	0.021405	0.021405	0.007639	0.011242	0.011748	0.006217	0.023976	0.011929	0.019083	0.017511	0.015039	0.044933	0.006229	0.025214	0.021384	0.003192	0.005055	0.092799	0.087424	0.084767	0.006420	0.034211	0.041490	0.044064
DiazMunoz_Davis3_B	DiazMunoz_Davis3_B	20160421	38.590894	-121.666779	USA	0.022791	0.013204	0.022490	0.049577	0.015113	0.000000	0.002049	0.002504	0.001246	0.000000	0.000000	0.000000	0.000000	0.000000	0.000000	0.000000	0.000000	0.000000	0.001247	0.003732	0.000000	0.002527	0.000000	0.000000	0.006245	0.006245	0.008758	0.008758	0.010024	0.008768	0.012013	0.013860	0.010744	0.003766	0.000000	0.000000	0.002517	0.005023	0.001263	0.002581	0.001642	0.003335	0.009365	0.015085	0.013791	0.013791	0.013791	0.016889	0.013806	0.013806	0.018922	0.018922	0.015071	0.016403	0.016403	0.018983	0.026565	0.026565	0.017733	0.017733	0.026629	0.026629	0.017632	0.018151	0.012538	0.012538	0.016408	0.021579	0.025270	0.025270	0.016384	0.018895	0.018895	0.006377	0.002488	0.004384	0.001242	0.015051	0.002966	0.008747	0.009988	0.011281	0.038386	0.007509	0.022727	0.016333	0.000000	0.002531	0.087305	0.081543	0.079306	0.000000	0.033040	0.043571	0.039263
Mazankova_primerB_13.20151201	Mazankova primer B sample 13 20151201	20151201	49.7477831	13.3783489	Czech_Republic	0.019187	0.007948	0.013354	0.046181	0.006323	0.000000	0.000000	0.001265	0.002530	0.002530	0.000000	0.000000	0.001262	0.000000	0.000000	0.000000	0.001263	0.002531	0.003790	0.005055	0.002527	0.000000	0.000000	0.000000	0.010157	0.010157	0.008874	0.008874	0.011443	0.010168	0.013557	0.015344	0.010874	0.002526	0.001269	0.001271	0.002542	0.003809	0.001273	0.001299	0.000000	0.000000	0.003149	0.011442	0.008852	0.008852	0.008852	0.011918	0.007595	0.007595	0.008874	0.008874	0.008864	0.008884	0.008884	0.010166	0.019173	0.019173	0.010178	0.010178	0.016586	0.016586	0.012702	0.012685	0.016568	0.016568	0.015361	0.023187	0.020461	0.020461	0.008882	0.012700	0.012700	0.002559	0.005056	0.005955	0.006328	0.016588	0.006055	0.013412	0.010144	0.011468	0.040327	0.006347	0.019182	0.011430	0.000000	0.002564	0.087025	0.086872	0.082335	0.002604	0.028235	0.040293	0.038403
Mazankova_primerB_10.20151201	Mazankova primer B sample 10 20151201	20151201	49.6358083	18.4569128	Czech_Republic	0.020368	0.007934	0.011933	0.047351	0.008830	0.000000	0.000000	0.000000	0.000000	0.000000	0.000000	0.000000	0.000000	0.000000	0.000000	0.000000	0.000000	0.000000	0.001252	0.003763	0.000000	0.000000	0.000000	0.000000	0.005024	0.005024	0.003766	0.003766	0.007557	0.005029	0.006698	0.008851	0.006730	0.000000	0.000000	0.000000	0.001263	0.002517	0.000000	0.001293	0.000000	0.003342	0.006265	0.010089	0.008804	0.008804	0.008804	0.010160	0.008826	0.008826	0.010103	0.010103	0.007554	0.010113	0.010113	0.012662	0.020354	0.020354	0.011406	0.011406	0.017772	0.017772	0.015170	0.015414	0.012628	0.012628	0.012722	0.020447	0.017784	0.017784	0.010099	0.012631	0.012631	0.005124	0.001252	0.002944	0.001252	0.011347	0.001494	0.007343	0.007531	0.006295	0.036027	0.005045	0.016509	0.008820	0.000000	0.001271	0.086583	0.082412	0.078227	0.000000	0.026805	0.040094	0.033203
Fineran_Greymouth_B	Fineran Primer B	20160317	-42.4921908	171.1071795	New_Zealand	0.021723	0.010571	0.014635	0.045943	0.010139	0.000000	0.002067	0.001264	0.000000	0.000000	0.000000	0.000000	0.000000	0.000000	0.000000	0.000000	0.000000	0.001262	0.000000	0.001253	0.000000	0.000000	0.000000	0.000000	0.006296	0.006296	0.006302	0.006302	0.002511	0.003772	0.008047	0.010132	0.006752	0.002522	0.000000	0.000000	0.002542	0.003792	0.000000	0.002598	0.000000	0.003338	0.006233	0.012665	0.010099	0.010099	0.010099	0.011920	0.006300	0.006300	0.011407	0.011407	0.007571	0.010126	0.010126	0.013966	0.020380	0.020380	0.012707	0.012707	0.016520	0.016520	0.017771	0.018308	0.013939	0.013939	0.010155	0.013973	0.019053	0.019053	0.011403	0.012662	0.012662	0.005108	0.003775	0.002959	0.000000	0.013962	0.003008	0.008871	0.008817	0.006304	0.036176	0.000000	0.017786	0.011374	0.000000	0.000000	0.080748	0.074252	0.070678	0.001295	0.025487	0.040148	0.033389
Decewicz_Dziewit_Wyszkow_Bseq2.20160126	Decewicz Dziewit Primer B Wyszkow 20160126	20160126	52.577948	21.429024	Poland	0.034520	0.029470	0.036092	0.063126	0.021441	0.006336	0.008250	0.005008	0.010024	0.006264	0.007532	0.008806	0.008799	0.010060	0.010070	0.008802	0.008795	0.008786	0.006247	0.016312	0.006245	0.010157	0.005024	0.006296	0.000000	0.000000	0.012495	0.012495	0.009959	0.008711	0.010588	0.012500	0.017469	0.015193	0.008899	0.010141	0.007576	0.012572	0.008875	0.007764	0.014902	0.010088	0.015615	0.023964	0.025255	0.025255	0.025255	0.030757	0.026590	0.026590	0.030495	0.030495	0.026534	0.024075	0.024075	0.022749	0.034300	0.034300	0.021504	0.021504	0.038237	0.038237	0.022671	0.023735	0.020120	0.020120	0.020166	0.021437	0.033023	0.033023	0.029207	0.027804	0.027804	0.010224	0.009990	0.014717	0.012508	0.024003	0.018014	0.019084	0.018809	0.016262	0.044983	0.017606	0.034305	0.016226	0.012886	0.014008	0.091201	0.087272	0.082700	0.010314	0.040742	0.053298	0.047305
Decewicz_Dziewit_Wyszkow_Bseq2.20160303	Decewicz Dziewit Primer B Wyszkow 20160303	20160303	52.577948	21.429024	Poland	0.034520	0.029470	0.036092	0.063126	0.021441	0.006336	0.008250	0.005008	0.010024	0.006264	0.007532	0.008806	0.008799	0.010060	0.010070	0.008802	0.008795	0.008786	0.006247	0.016312	0.006245	0.010157	0.005024	0.006296	0.000000	0.000000	0.012495	0.012495	0.009959	0.008711	0.010588	0.012500	0.017469	0.015193	0.008899	0.010141	0.007576	0.012572	0.008875	0.007764	0.014902	0.010088	0.015615	0.023964	0.025255	0.025255	0.025255	0.030757	0.026590	0.026590	0.030495	0.030495	0.026534	0.024075	0.024075	0.022749	0.034300	0.034300	0.021504	0.021504	0.038237	0.038237	0.022671	0.023735	0.020120	0.020120	0.020166	0.021437	0.033023	0.033023	0.029207	0.027804	0.027804	0.010224	0.009990	0.014717	0.012508	0.024003	0.018014	0.019084	0.018809	0.016262	0.044983	0.017606	0.034305	0.016226	0.012886	0.014008	0.091201	0.087272	0.082700	0.010314	0.040742	0.053298	0.047305
Decewicz_Dziewit_Lodz_Bseq3.20160303	Decewicz Dziewit Primer B Lodz 20160303	20160303	51.727940	19.347618	Poland	0.033161	0.032167	0.036095	0.061796	0.024008	0.005061	0.006172	0.006270	0.010026	0.007519	0.006267	0.007537	0.006274	0.008790	0.007540	0.007534	0.006271	0.006265	0.007522	0.013765	0.008758	0.008874	0.003766	0.006302	0.012495	0.012495	0.000000	0.000000	0.012497	0.008730	0.010623	0.012540	0.012050	0.017758	0.007617	0.007597	0.007585	0.008763	0.008883	0.006469	0.008242	0.006718	0.009328	0.027868	0.025231	0.025231	0.025231	0.028955	0.023992	0.023992	0.027877	0.027877	0.021384	0.024102	0.024102	0.025378	0.035624	0.035624	0.024129	0.024129	0.034343	0.034343	0.031735	0.033800	0.020142	0.020142	0.024051	0.026633	0.033025	0.033025	0.024019	0.027836	0.027836	0.008933	0.012523	0.019228	0.012509	0.025304	0.019550	0.026612	0.018810	0.016297	0.049004	0.017626	0.026571	0.015005	0.008009	0.010157	0.091212	0.087286	0.082712	0.010304	0.032895	0.045379	0.047249
Decewicz_Dziewit_Lodz_Bseq5.20160303	Decewicz Dziewit Primer B Lodz 20160303	20160303	51.727940	19.347618	Poland	0.033161	0.032167	0.036095	0.061796	0.024008	0.005061	0.006172	0.006270	0.010026	0.007519	0.006267	0.007537	0.006274	0.008790	0.007540	0.007534	0.006271	0.006265	0.007522	0.013765	0.008758	0.008874	0.003766	0.006302	0.012495	0.012495	0.000000	0.000000	0.012497	0.008730	0.010623	0.012540	0.012050	0.017758	0.007617	0.007597	0.007585	0.008763	0.008883	0.006469	0.008242	0.006718	0.009328	0.027868	0.025231	0.025231	0.025231	0.028955	0.023992	0.023992	0.027877	0.027877	0.021384	0.024102	0.024102	0.025378	0.035624	0.035624	0.024129	0.024129	0.034343	0.034343	0.031735	0.033800	0.020142	0.020142	0.024051	0.026633	0.033025	0.033025	0.024019	0.027836	0.027836	0.008933	0.012523	0.019228	0.012509	0.025304	0.019550	0.026612	0.018810	0.016297	0.049004	0.017626	0.026571	0.015005	0.008009	0.010157	0.091212	0.087286	0.082712	0.010304	0.032895	0.045379	0.047249
Decewicz_Dziewit_Warsaw_Bseq3.20160303	Decewicz Dziewit Primer B Warsaw 20160126	20160126	52.351351	20.959269	Poland	0.038445	0.034968	0.038845	0.060395	0.029199	0.006336	0.010338	0.006270	0.011295	0.008786	0.008801	0.010080	0.010072	0.011335	0.011347	0.010075	0.010067	0.010057	0.008771	0.013781	0.010024	0.011443	0.007557	0.002511	0.009959	0.009959	0.012497	0.012497	0.000000	0.006212	0.010601	0.012515	0.017473	0.016466	0.006345	0.008861	0.008853	0.012574	0.007596	0.009083	0.013243	0.006718	0.012484	0.026538	0.025260	0.025260	0.025260	0.028995	0.021453	0.021453	0.030500	0.030500	0.023969	0.024079	0.024079	0.025353	0.036912	0.036912	0.024106	0.024106	0.035631	0.035631	0.033019	0.035226	0.022703	0.022703	0.020170	0.018884	0.035633	0.035633	0.029212	0.030391	0.030391	0.008934	0.012525	0.019230	0.009990	0.025306	0.019552	0.023609	0.018812	0.016264	0.046345	0.012534	0.034312	0.018778	0.011271	0.011442	0.091218	0.089225	0.084509	0.012918	0.040749	0.055235	0.050580
Strain_primerB.20151215	Strain APC Microbiome Institute primer B 20151215	20151215	51.8925	-8.4964	Ireland	0.034525	0.032173	0.034748	0.061801	0.025336	0.005067	0.008250	0.005014	0.010037	0.007528	0.006275	0.007546	0.007540	0.008800	0.008809	0.007543	0.007536	0.007529	0.006254	0.012523	0.008768	0.010168	0.005029	0.003772	0.008711	0.008711	0.008730	0.008730	0.006212	0.000000	0.006611	0.008742	0.013410	0.016485	0.007626	0.008871	0.006312	0.010040	0.007605	0.006476	0.011564	0.010088	0.012448	0.025265	0.023988	0.023988	0.023988	0.023848	0.022747	0.022747	0.026631	0.026631	0.020142	0.020234	0.020234	0.021504	0.035627	0.035627	0.020256	0.020256	0.031745	0.031745	0.031738	0.033804	0.021434	0.021434	0.021461	0.020172	0.031747	0.031747	0.025348	0.026536	0.026536	0.008944	0.011268	0.017744	0.008739	0.024032	0.016530	0.022124	0.017552	0.012485	0.045041	0.013806	0.030434	0.012470	0.011271	0.010167	0.092704	0.087444	0.082851	0.011622	0.036850	0.049454	0.047379
Tyakht_Nov_285_B	Tyakht Nov_285_B primer B	20160301	55.03	82.57	Russia	0.039617	0.035056	0.039446	0.070410	0.026968	0.009471	0.010358	0.009365	0.013364	0.010697	0.010715	0.012056	0.010728	0.013419	0.012086	0.012076	0.010722	0.010710	0.007994	0.017374	0.012013	0.013557	0.006698	0.008047	0.010588	0.010588	0.010623	0.010623	0.010601	0.006611	0.000000	0.001317	0.017514	0.021670	0.012211	0.013535	0.010782	0.014734	0.012184	0.009682	0.016208	0.013548	0.015664	0.031025	0.029658	0.029658	0.029658	0.029689	0.028338	0.028338	0.032508	0.032508	0.024153	0.022914	0.022914	0.021507	0.039346	0.039346	0.020181	0.020181	0.036610	0.036610	0.035152	0.037768	0.024158	0.024158	0.025601	0.022839	0.033793	0.033793	0.031134	0.031023	0.031023	0.012261	0.013321	0.019063	0.013319	0.028290	0.021032	0.023766	0.022745	0.017316	0.050828	0.018754	0.033797	0.014591	0.017205	0.014934	0.088366	0.082618	0.078035	0.016536	0.040645	0.054196	0.056523
Tyakht_SAR_275_B	Tyakht SAR_275_B primer B	20160301	51.32	46.00	Russia	0.039925	0.035056	0.040297	0.068910	0.029271	0.011486	0.010358	0.011365	0.015145	0.012622	0.012642	0.013936	0.012656	0.015197	0.013941	0.013930	0.012650	0.012636	0.010063	0.018923	0.013860	0.015344	0.008851	0.010132	0.012500	0.012500	0.012540	0.012540	0.012515	0.008742	0.001317	0.000000	0.018869	0.022996	0.014085	0.015321	0.012717	0.016435	0.014047	0.011728	0.018343	0.013548	0.015664	0.031816	0.030526	0.030526	0.030526	0.030856	0.029282	0.029282	0.033218	0.033218	0.026631	0.024163	0.024163	0.022832	0.039668	0.039668	0.021582	0.021582	0.038379	0.038379	0.035711	0.038223	0.025331	0.025331	0.027979	0.024089	0.035758	0.035758	0.031921	0.033098	0.033098	0.014139	0.015092	0.020775	0.015090	0.030583	0.024222	0.025163	0.023995	0.018864	0.050491	0.020230	0.034432	0.016284	0.017871	0.016645	0.097328	0.095727	0.090498	0.018215	0.040893	0.057464	0.055707
Tyakht_Nov_287_B	Tyakht Nov_287_B primer B	20160301	55.03	82.57	Russia	0.034213	0.026689	0.027172	0.060662	0.021689	0.006778	0.006167	0.009424	0.012103	0.010780	0.008067	0.009419	0.009421	0.009419	0.009424	0.008075	0.009427	0.009411	0.010756	0.013409	0.010744	0.010874	0.006730	0.006752	0.017469	0.017469	0.012050	0.012050	0.017473	0.013410	0.017514	0.018869	0.000000	0.014923	0.009540	0.005417	0.008118	0.013460	0.005441	0.009727	0.009059	0.006717	0.006221	0.022981	0.022950	0.022950	0.022950	0.026201	0.025764	0.025764	0.023043	0.023043	0.017490	0.025861	0.025861	0.024460	0.031311	0.031311	0.023123	0.023123	0.028570	0.028570	0.029898	0.031909	0.025738	0.025738	0.020340	0.031395	0.029873	0.029873	0.021648	0.024398	0.024398	0.010947	0.016140	0.016022	0.014771	0.025719	0.017902	0.027285	0.020166	0.013409	0.049774	0.013467	0.028540	0.017471	0.008495	0.012280	0.086037	0.079359	0.074988	0.012461	0.035330	0.046464	0.048199
Mazankova_primerB_9.20151201	Mazankova primer B sample 9 20151201	20151201	50.0835494	14.4341414	Czech_Republic	0.024236	0.007904	0.014562	0.051175	0.010075	0.001263	0.002058	0.003777	0.006304	0.005033	0.001255	0.001257	0.001257	0.001255	0.000000	0.000000	0.002514	0.002515	0.005039	0.011332	0.003766	0.002526	0.000000	0.002522	0.015193	0.015193	0.017758	0.017758	0.016466	0.016485	0.021670	0.022996	0.014923	0.000000	0.003804	0.005057	0.003796	0.011420	0.005087	0.003900	0.003292	0.000000	0.009434	0.012610	0.011318	0.011318	0.011318	0.013516	0.010058	0.010058	0.010082	0.010082	0.015160	0.015207	0.015207	0.020372	0.024184	0.024184	0.019115	0.019115	0.020307	0.020307	0.018985	0.019640	0.021579	0.021579	0.013909	0.028234	0.022883	0.022883	0.015175	0.016424	0.016424	0.005109	0.010070	0.008871	0.008799	0.016455	0.004487	0.013276	0.013872	0.017779	0.041393	0.010099	0.025477	0.019008	0.001598	0.008952	0.089130	0.087763	0.085142	0.005180	0.038537	0.051646	0.039676
Fineran_Dunedin_B	Fineran Primer B	20160317	-45.9062333	170.4858516	New_Zealand	0.019217	0.010676	0.014724	0.043518	0.010200	0.000000	0.002073	0.003809	0.001265	0.000000	0.000000	0.000000	0.000000	0.000000	0.000000	0.000000	0.000000	0.001266	0.001265	0.000000	0.000000	0.001269	0.000000	0.000000	0.008899	0.008899	0.007617	0.007617	0.006345	0.007626	0.012211	0.014085	0.009540	0.003804	0.000000	0.000000	0.002547	0.005097	0.001271	0.001301	0.001657	0.000000	0.006327	0.015347	0.010159	0.010159	0.010159	0.013662	0.007615	0.007615	0.011476	0.011476	0.010186	0.011485	0.011485	0.015381	0.016592	0.016592	0.015400	0.015400	0.017960	0.017960	0.017914	0.018472	0.012723	0.012723	0.008925	0.017981	0.016554	0.016554	0.012780	0.014061	0.014061	0.003838	0.003796	0.004466	0.001262	0.015311	0.004541	0.010413	0.008865	0.008919	0.037667	0.001265	0.017900	0.012739	0.000000	0.001281	0.076938	0.072374	0.070835	0.000000	0.025635	0.038231	0.035174
Mazankova_primerB_15.20151201	Mazankova primer B sample 15 20151201	20151201	49.1874756	16.3586742	Czech_Republic	0.020456	0.013439	0.021455	0.044688	0.014001	0.000000	0.002082	0.001264	0.000000	0.000000	0.000000	0.000000	0.000000	0.000000	0.000000	0.000000	0.000000	0.001264	0.001263	0.001257	0.000000	0.001271	0.000000	0.000000	0.010141	0.010141	0.007597	0.007597	0.008861	0.008871	0.013535	0.015321	0.005417	0.005057	0.000000	0.000000	0.001270	0.003801	0.000000	0.001303	0.001662	0.000000	0.003167	0.015265	0.012673	0.012673	0.012673	0.015351	0.011417	0.011417	0.015273	0.015273	0.012691	0.012735	0.012735	0.016624	0.021695	0.021695	0.016644	0.016644	0.021746	0.021746	0.017847	0.018385	0.013959	0.013959	0.015301	0.019211	0.021692	0.021692	0.011442	0.015287	0.015287	0.005138	0.003781	0.004442	0.002517	0.016554	0.003006	0.013343	0.010094	0.008871	0.038933	0.005054	0.021704	0.013956	0.000000	0.001276	0.083907	0.080089	0.076273	0.001300	0.030789	0.038104	0.038208
Mazankova_primerB_19.20151201	Mazankova primer B sample 19 20151201	20151201	49.1874756	16.3586742	Czech_Republic	0.020433	0.013334	0.021389	0.048746	0.012695	0.000000	0.000000	0.000000	0.003788	0.002527	0.002520	0.002522	0.002519	0.002516	0.002519	0.002519	0.002519	0.002519	0.003780	0.005041	0.002517	0.002542	0.001263	0.002542	0.007576	0.007576	0.007585	0.007585	0.008853	0.006312	0.010782	0.012717	0.008118	0.003796	0.002547	0.001270	0.000000	0.003799	0.003827	0.000000	0.004976	0.000000	0.006254	0.011377	0.012659	0.012659	0.012659	0.013682	0.016533	0.016533	0.013964	0.013964	0.015238	0.013979	0.013979	0.014008	0.021656	0.021656	0.015304	0.015304	0.019108	0.019108	0.016509	0.016909	0.013964	0.013964	0.014011	0.023107	0.021663	0.021663	0.013976	0.016506	0.016506	0.003852	0.001258	0.005927	0.003776	0.013940	0.004510	0.013332	0.006299	0.010120	0.038807	0.010135	0.024241	0.008842	0.001603	0.005120	0.085448	0.082876	0.078570	0.003899	0.032096	0.040365	0.039870
Muniesa_E32_Girona_primerB.201505	Muniesa E32 Girona primer B Raw Sewage	20150501	41.3942867	2.1701905	Spain	0.026788	0.024082	0.029416	0.056637	0.018984	0.002536	0.004124	0.003769	0.005025	0.005032	0.003766	0.005035	0.005031	0.005027	0.005032	0.005032	0.005025	0.005023	0.007550	0.010030	0.005023	0.003809	0.002517	0.003792	0.012572	0.012572	0.008763	0.008763	0.012574	0.010040	0.014734	0.016435	0.013460	0.011420	0.005097	0.003801	0.003799	0.000000	0.002541	0.003891	0.006620	0.006749	0.009348	0.018972	0.017660	0.017660	0.017660	0.020417	0.017702	0.017702	0.020270	0.020270	0.017644	0.017762	0.017762	0.019036	0.031832	0.031832	0.017782	0.017782	0.026705	0.026705	0.022839	0.023915	0.022814	0.022814	0.024187	0.026799	0.031872	0.031872	0.017700	0.024087	0.024087	0.006407	0.010063	0.013339	0.010051	0.018999	0.010513	0.020741	0.012555	0.016377	0.042605	0.013875	0.027990	0.018909	0.003204	0.005081	0.093149	0.089864	0.085070	0.006461	0.034346	0.047586	0.044234
Mazankova_primerB_6.20151201	Mazankova primer B sample 6 20151201	20151201	49.7477831	13.3783489	Czech_Republic	0.021836	0.013350	0.014710	0.047463	0.012722	0.000000	0.002067	0.002536	0.000000	0.000000	0.000000	0.001268	0.001267	0.001265	0.001267	0.001266	0.001266	0.000000	0.001266	0.001261	0.001263	0.001273	0.000000	0.000000	0.008875	0.008875	0.008883	0.008883	0.007596	0.007605	0.012184	0.014047	0.005441	0.005087	0.001271	0.000000	0.003827	0.002541	0.000000	0.002610	0.001655	0.006733	0.006262	0.011444	0.007594	0.007594	0.007594	0.011972	0.010166	0.010166	0.011431	0.011431	0.011431	0.012750	0.012750	0.011469	0.024349	0.024349	0.010192	0.010192	0.019158	0.019158	0.013996	0.014116	0.017906	0.017906	0.016635	0.015324	0.020408	0.020408	0.010177	0.013978	0.013978	0.006419	0.007621	0.005966	0.003794	0.015303	0.004537	0.011909	0.011440	0.007614	0.038996	0.002528	0.017877	0.017850	0.000000	0.000000	0.079790	0.074776	0.071072	0.000000	0.024304	0.038477	0.036659
Mazankova_primerB_14.20151201	Mazankova primer B sample 14 20151201	20151201	48.9744694	14.4743417	Czech_Republic	0.018330	0.007963	0.012297	0.044508	0.009098	0.000000	0.000000	0.001293	0.002586	0.001293	0.001291	0.001292	0.001290	0.001289	0.001290	0.001290	0.001290	0.002585	0.002582	0.005168	0.002581	0.001299	0.001293	0.002598	0.007764	0.007764	0.006469	0.006469	0.009083	0.006476	0.009682	0.011728	0.009727	0.003900	0.001301	0.001303	0.000000	0.003891	0.002610	0.000000	0.001671	0.000000	0.003136	0.016955	0.012984	0.012984	0.012984	0.014148	0.014324	0.014324	0.011727	0.011727	0.010395	0.011740	0.011740	0.014372	0.019629	0.019629	0.014390	0.014390	0.022310	0.022310	0.019599	0.020361	0.013004	0.013004	0.014394	0.022362	0.014314	0.014314	0.013045	0.014353	0.014353	0.003940	0.002579	0.007641	0.005167	0.018247	0.006208	0.015276	0.010345	0.009092	0.042530	0.009092	0.016948	0.009072	0.000000	0.003931	0.081698	0.077356	0.073414	0.002655	0.026173	0.037765	0.034351
Mazankova_primerB_5.20151201	Mazankova primer B sample 5 20151201	20151201	49.8346453	18.2820442	Czech_Republic	0.025045	0.007892	0.017639	0.009855	0.009871	0.000000	0.002053	0.003295	0.001642	0.001642	0.000000	0.000000	0.001641	0.000000	0.000000	0.000000	0.001641	0.003290	0.003281	0.004921	0.001642	0.000000	0.000000	0.000000	0.014902	0.014902	0.008242	0.008242	0.013243	0.011564	0.016208	0.018343	0.009059	0.003292	0.001657	0.001662	0.004976	0.006620	0.001655	0.001671	0.000000	0.000000	0.003118	0.013221	0.006560	0.006560	0.006560	0.012360	0.008207	0.008207	0.009867	0.009867	0.008219	0.011548	0.011548	0.014899	0.026696	0.026696	0.013258	0.013258	0.018210	0.018210	0.016540	0.017083	0.019957	0.019957	0.016648	0.026852	0.024984	0.024984	0.011547	0.018170	0.018170	0.003341	0.008244	0.008194	0.004928	0.021666	0.008371	0.018430	0.014883	0.013260	0.049453	0.006590	0.008214	0.016566	0.000000	0.001670	0.084174	0.079405	0.073735	0.001677	0.033560	0.059102	0.054319
Mazankova_primerB_18.20151201	Mazankova primer B sample 18 20151201	20151201	49.8346453	18.2820442	Czech_Republic	0.000000	0.010110	0.010052	0.010025	0.006725	0.000000	0.000000	0.003360	0.006716	0.000000	0.003349	0.003341	0.003341	0.003340	0.003340	0.003341	0.003346	0.003343	0.003335	0.006676	0.003335	0.000000	0.003342	0.003338	0.010088	0.010088	0.006718	0.006718	0.006718	0.010088	0.013548	0.013548	0.006717	0.000000	0.000000	0.000000	0.000000	0.006749	0.006733	0.000000	0.000000	0.000000	0.006719	0.006716	0.006716	0.006716	0.006716	0.021066	0.010022	0.010022	0.016897	0.016897	0.016892	0.016935	0.016935	0.023906	0.020349	0.020349	0.023978	0.023978	0.020297	0.020297	0.023766	0.023005	0.013452	0.013452	0.006772	0.038068	0.013416	0.013416	0.023760	0.023758	0.023758	0.000000	0.000000	0.005534	0.003335	0.027107	0.005845	0.021980	0.013412	0.016993	0.082295	0.003335	0.003335	0.006720	0.000000	0.006757	0.101584	0.135487	0.101168	0.003372	0.055612	0.104474	0.142258
Mazankova_primerB_16.20151201	Mazankova primer B sample 16 20151201	20151201	50.5583072	14.8217867	Czech_Republic	0.009353	0.018931	0.021954	0.018758	0.003099	0.003160	0.006248	0.006247	0.006221	0.003117	0.006251	0.009394	0.009394	0.009393	0.009393	0.009394	0.009409	0.006232	0.009380	0.012447	0.009365	0.003149	0.006265	0.006233	0.015615	0.015615	0.009328	0.009328	0.012484	0.012448	0.015664	0.015664	0.006221	0.009434	0.006327	0.003167	0.006254	0.009348	0.006262	0.003136	0.003118	0.006719	0.000000	0.009326	0.009326	0.009326	0.009326	0.025989	0.021899	0.021899	0.012449	0.012449	0.009301	0.031797	0.031797	0.028512	0.035027	0.035027	0.028592	0.028592	0.021969	0.021969	0.025116	0.024889	0.022015	0.022015	0.015816	0.038348	0.028362	0.028362	0.025109	0.028348	0.028348	0.006380	0.009353	0.014933	0.009326	0.034971	0.015682	0.029667	0.021948	0.018806	0.090642	0.012482	0.009326	0.009330	0.003149	0.006240	0.100899	0.101380	0.083375	0.009394	0.051124	0.090527	0.114067
crAssphage_B	crAssphage Primer B	20140724	0.0	0.0	crAssphage B	0.037148	0.013213	0.030523	0.064541	0.026547	0.011441	0.014480	0.011307	0.015089	0.015131	0.011317	0.012602	0.013874	0.012579	0.012592	0.011333	0.013867	0.012576	0.016388	0.023992	0.015085	0.011442	0.010089	0.012665	0.023964	0.023964	0.027868	0.027868	0.026538	0.025265	0.031025	0.031816	0.022981	0.012610	0.015347	0.015265	0.011377	0.018972	0.011444	0.016955	0.013221	0.006716	0.009326	0.000000	0.014997	0.014997	0.014997	0.025407	0.021400	0.021400	0.025238	0.025238	0.026473	0.027901	0.027901	0.026593	0.030455	0.030455	0.025348	0.025348	0.023914	0.023914	0.021355	0.022274	0.035700	0.035700	0.026683	0.038413	0.043541	0.043541	0.023962	0.026443	0.026443	0.019296	0.022723	0.020739	0.020139	0.026577	0.017992	0.025090	0.025257	0.022674	0.051733	0.024037	0.038240	0.027807	0.011234	0.016586	0.103069	0.106048	0.100027	0.012933	0.048744	0.071449	0.055530
Decewicz_Dziewit_Warsaw_Bseq1.20160126	Decewicz Dziewit Primer B Warsaw 20160126	20160126	52.351351	20.959269	Poland	0.031835	0.013179	0.030482	0.061708	0.021365	0.008861	0.006157	0.011292	0.011256	0.010017	0.010032	0.011311	0.012579	0.011291	0.011302	0.010047	0.012573	0.011289	0.016384	0.018832	0.013791	0.008852	0.008804	0.010099	0.025255	0.025255	0.025231	0.025231	0.025260	0.023988	0.029658	0.030526	0.022950	0.011318	0.010159	0.012673	0.012659	0.017660	0.007594	0.012984	0.006560	0.006716	0.009326	0.014997	0.000000	0.000000	0.000000	0.018459	0.016270	0.016270	0.017533	0.017533	0.021307	0.024015	0.024015	0.022717	0.035613	0.035613	0.021473	0.021473	0.026445	0.026445	0.026439	0.027912	0.033048	0.033048	0.026677	0.037110	0.038232	0.038232	0.021353	0.025144	0.025144	0.014066	0.020137	0.020709	0.017569	0.026543	0.017965	0.022060	0.022662	0.023962	0.048993	0.020173	0.036905	0.030381	0.007995	0.011415	0.102919	0.107790	0.101654	0.011595	0.045988	0.065097	0.052090
Decewicz_Dziewit_Warsaw_Bseq1.20160303	Decewicz Dziewit Primer B Warsaw 20160126	20160126	52.351351	20.959269	Poland	0.031835	0.013179	0.030482	0.061708	0.021365	0.008861	0.006157	0.011292	0.011256	0.010017	0.010032	0.011311	0.012579	0.011291	0.011302	0.010047	0.012573	0.011289	0.016384	0.018832	0.013791	0.008852	0.008804	0.010099	0.025255	0.025255	0.025231	0.025231	0.025260	0.023988	0.029658	0.030526	0.022950	0.011318	0.010159	0.012673	0.012659	0.017660	0.007594	0.012984	0.006560	0.006716	0.009326	0.014997	0.000000	0.000000	0.000000	0.018459	0.016270	0.016270	0.017533	0.017533	0.021307	0.024015	0.024015	0.022717	0.035613	0.035613	0.021473	0.021473	0.026445	0.026445	0.026439	0.027912	0.033048	0.033048	0.026677	0.037110	0.038232	0.038232	0.021353	0.025144	0.025144	0.014066	0.020137	0.020709	0.017569	0.026543	0.017965	0.022060	0.022662	0.023962	0.048993	0.020173	0.036905	0.030381	0.007995	0.011415	0.102919	0.107790	0.101654	0.011595	0.045988	0.065097	0.052090
Decewicz_Dziewit_Warsaw_Bseq2.20160303	Decewicz Dziewit Primer B Warsaw 20160126	20160126	52.351351	20.959269	Poland	0.031835	0.013179	0.030482	0.061708	0.021365	0.008861	0.006157	0.011292	0.011256	0.010017	0.010032	0.011311	0.012579	0.011291	0.011302	0.010047	0.012573	0.011289	0.016384	0.018832	0.013791	0.008852	0.008804	0.010099	0.025255	0.025255	0.025231	0.025231	0.025260	0.023988	0.029658	0.030526	0.022950	0.011318	0.010159	0.012673	0.012659	0.017660	0.007594	0.012984	0.006560	0.006716	0.009326	0.014997	0.000000	0.000000	0.000000	0.018459	0.016270	0.016270	0.017533	0.017533	0.021307	0.024015	0.024015	0.022717	0.035613	0.035613	0.021473	0.021473	0.026445	0.026445	0.026439	0.027912	0.033048	0.033048	0.026677	0.037110	0.038232	0.038232	0.021353	0.025144	0.025144	0.014066	0.020137	0.020709	0.017569	0.026543	0.017965	0.022060	0.022662	0.023962	0.048993	0.020173	0.036905	0.030381	0.007995	0.011415	0.102919	0.107790	0.101654	0.011595	0.045988	0.065097	0.052090
Cinek_bin13_primerB.20151120	Cinek lab sample bin13 primer B 20151120	20151120	61.505	23.815	Finland	0.041363	0.022667	0.032703	0.078978	0.027123	0.011905	0.014196	0.015235	0.015182	0.015188	0.011805	0.011828	0.013533	0.011800	0.011815	0.010128	0.013513	0.013517	0.018656	0.022007	0.016889	0.011918	0.010160	0.011920	0.030757	0.030757	0.028955	0.028955	0.028995	0.023848	0.029689	0.030856	0.026201	0.013516	0.013662	0.015351	0.013682	0.020417	0.011972	0.014148	0.012360	0.021066	0.025989	0.025407	0.018459	0.018459	0.018459	0.000000	0.015160	0.015160	0.020246	0.020246	0.021907	0.020334	0.020334	0.025487	0.035821	0.035821	0.020334	0.020334	0.027160	0.027160	0.030579	0.032293	0.028998	0.028998	0.037888	0.032639	0.039579	0.039579	0.018549	0.030535	0.030535	0.020666	0.023777	0.023781	0.018602	0.020327	0.016903	0.016875	0.020330	0.025484	0.021994	0.022090	0.042998	0.037712	0.014226	0.015423	0.100489	0.106408	0.100489	0.015754	0.030659	0.057443	0.041100
Decewicz_Dziewit_Wyszkow_Bseq3.20160126	Decewicz Dziewit Primer B Wyszkow 20160126	20160126	52.577948	21.429024	Poland	0.035771	0.021128	0.029147	0.060375	0.025248	0.007603	0.012339	0.013874	0.013827	0.011314	0.008788	0.008792	0.010057	0.010044	0.010054	0.007531	0.010052	0.011304	0.013855	0.017570	0.013806	0.007595	0.008826	0.006300	0.026590	0.026590	0.023992	0.023992	0.021453	0.022747	0.028338	0.029282	0.025764	0.010058	0.007615	0.011417	0.016533	0.017702	0.010166	0.014324	0.008207	0.010022	0.021899	0.021400	0.016270	0.016270	0.016270	0.015160	0.000000	0.000000	0.023968	0.023968	0.022644	0.022743	0.022743	0.029240	0.034329	0.034329	0.027993	0.027993	0.027808	0.027808	0.030384	0.032295	0.029173	0.029173	0.026686	0.033243	0.039564	0.039564	0.022694	0.029074	0.029074	0.014069	0.021427	0.023747	0.016308	0.026572	0.017988	0.022088	0.023956	0.025318	0.049048	0.016357	0.035621	0.031734	0.009599	0.011454	0.101670	0.100123	0.098360	0.014231	0.044754	0.057452	0.050647
Decewicz_Dziewit_Wyszkow_Bseq3.20160303	Decewicz Dziewit Primer B Wyszkow 20160303	20160303	52.577948	21.429024	Poland	0.035771	0.021128	0.029147	0.060375	0.025248	0.007603	0.012339	0.013874	0.013827	0.011314	0.008788	0.008792	0.010057	0.010044	0.010054	0.007531	0.010052	0.011304	0.013855	0.017570	0.013806	0.007595	0.008826	0.006300	0.026590	0.026590	0.023992	0.023992	0.021453	0.022747	0.028338	0.029282	0.025764	0.010058	0.007615	0.011417	0.016533	0.017702	0.010166	0.014324	0.008207	0.010022	0.021899	0.021400	0.016270	0.016270	0.016270	0.015160	0.000000	0.000000	0.023968	0.023968	0.022644	0.022743	0.022743	0.029240	0.034329	0.034329	0.027993	0.027993	0.027808	0.027808	0.030384	0.032295	0.029173	0.029173	0.026686	0.033243	0.039564	0.039564	0.022694	0.029074	0.029074	0.014069	0.021427	0.023747	0.016308	0.026572	0.017988	0.022088	0.023956	0.025318	0.049048	0.016357	0.035621	0.031734	0.009599	0.011454	0.101670	0.100123	0.098360	0.014231	0.044754	0.057452	0.050647
Decewicz_Dziewit_Oswiecim_Bseq2.20160126	Decewicz Dziewit Primer B Oswiecim 20160126	20160126	50.038062	19.321854	Poland	0.033205	0.015830	0.022467	0.059058	0.011261	0.010155	0.010295	0.016411	0.016358	0.015118	0.011331	0.015152	0.013893	0.013859	0.012609	0.011348	0.015152	0.015121	0.017716	0.021436	0.018922	0.008874	0.010103	0.011407	0.030495	0.030495	0.027877	0.027877	0.030500	0.026631	0.032508	0.033218	0.023043	0.010082	0.011476	0.015273	0.013964	0.020270	0.011431	0.011727	0.009867	0.016897	0.012449	0.025238	0.017533	0.017533	0.017533	0.020246	0.023968	0.023968	0.000000	0.000000	0.013750	0.024078	0.024078	0.025352	0.030497	0.030497	0.024105	0.024105	0.021389	0.021389	0.029086	0.029440	0.035749	0.035749	0.025463	0.039849	0.027911	0.027911	0.018857	0.020097	0.020097	0.015407	0.025328	0.025319	0.022728	0.031796	0.022612	0.026653	0.027870	0.029187	0.054497	0.020226	0.034390	0.027874	0.011237	0.017872	0.103220	0.104270	0.100208	0.016854	0.046112	0.057460	0.045790
Decewicz_Dziewit_Oswiecim_Bseq3.20160303	Decewicz Dziewit Primer B 20160303	20160303	50.038062	19.321854	Poland	0.033205	0.015830	0.022467	0.059058	0.011261	0.010155	0.010295	0.016411	0.016358	0.015118	0.011331	0.015152	0.013893	0.013859	0.012609	0.011348	0.015152	0.015121	0.017716	0.021436	0.018922	0.008874	0.010103	0.011407	0.030495	0.030495	0.027877	0.027877	0.030500	0.026631	0.032508	0.033218	0.023043	0.010082	0.011476	0.015273	0.013964	0.020270	0.011431	0.011727	0.009867	0.016897	0.012449	0.025238	0.017533	0.017533	0.017533	0.020246	0.023968	0.023968	0.000000	0.000000	0.013750	0.024078	0.024078	0.025352	0.030497	0.030497	0.024105	0.024105	0.021389	0.021389	0.029086	0.029440	0.035749	0.035749	0.025463	0.039849	0.027911	0.027911	0.018857	0.020097	0.020097	0.015407	0.025328	0.025319	0.022728	0.031796	0.022612	0.026653	0.027870	0.029187	0.054497	0.020226	0.034390	0.027874	0.011237	0.017872	0.103220	0.104270	0.100208	0.016854	0.046112	0.057460	0.045790
Decewicz_Dziewit_Oswiecim_Bseq2.20160303	Decewicz Dziewit Primer B 20160303	20160303	50.038062	19.321854	Poland	0.037027	0.018485	0.026453	0.057593	0.020106	0.010155	0.008232	0.015125	0.012528	0.012562	0.010045	0.012588	0.011332	0.011305	0.010056	0.008800	0.013852	0.013838	0.012580	0.017556	0.015071	0.008864	0.007554	0.007571	0.026534	0.026534	0.021384	0.021384	0.023969	0.020142	0.024153	0.026631	0.017490	0.015160	0.010186	0.012691	0.015238	0.017644	0.011431	0.010395	0.008219	0.016892	0.009301	0.026473	0.021307	0.021307	0.021307	0.021907	0.022644	0.022644	0.013750	0.013750	0.000000	0.025294	0.025294	0.026566	0.031703	0.031703	0.025323	0.025323	0.025183	0.025183	0.032905	0.035090	0.031740	0.031740	0.026684	0.035788	0.034307	0.034307	0.020095	0.021332	0.021332	0.015389	0.021409	0.026745	0.016295	0.031752	0.024091	0.028101	0.026502	0.022675	0.052984	0.016343	0.030399	0.026506	0.009614	0.012690	0.107256	0.108036	0.103702	0.014200	0.042031	0.059296	0.044057
Decewicz_Dziewit_Lodz_Bseq1.20160126	Decewicz Dziewit Primer B Lodz 20160126	20160126	51.727940	19.347618	Poland	0.031947	0.021279	0.032011	0.065967	0.025391	0.008904	0.014509	0.015210	0.016429	0.013902	0.011357	0.011362	0.012636	0.011342	0.011354	0.011357	0.012630	0.015171	0.012594	0.017632	0.016403	0.008884	0.010113	0.010126	0.024075	0.024075	0.024102	0.024102	0.024079	0.020234	0.022914	0.024163	0.025861	0.015207	0.011485	0.012735	0.013979	0.017762	0.012750	0.011740	0.011548	0.016935	0.031797	0.027901	0.024015	0.024015	0.024015	0.020334	0.022743	0.022743	0.024078	0.024078	0.025294	0.000000	0.000000	0.011305	0.027874	0.027874	0.010057	0.010057	0.031781	0.031781	0.029180	0.030965	0.034493	0.034493	0.033250	0.035956	0.034460	0.034460	0.025376	0.023968	0.023968	0.014118	0.021503	0.017765	0.018917	0.030574	0.018040	0.025156	0.026619	0.025355	0.050478	0.018934	0.033066	0.030530	0.011270	0.015358	0.102197	0.100322	0.100540	0.016907	0.047620	0.053582	0.057476
Decewicz_Dziewit_Lodz_Bseq2.20160303	Decewicz Dziewit Primer B Lodz 20160303	20160303	51.727940	19.347618	Poland	0.031947	0.021279	0.032011	0.065967	0.025391	0.008904	0.014509	0.015210	0.016429	0.013902	0.011357	0.011362	0.012636	0.011342	0.011354	0.011357	0.012630	0.015171	0.012594	0.017632	0.016403	0.008884	0.010113	0.010126	0.024075	0.024075	0.024102	0.024102	0.024079	0.020234	0.022914	0.024163	0.025861	0.015207	0.011485	0.012735	0.013979	0.017762	0.012750	0.011740	0.011548	0.016935	0.031797	0.027901	0.024015	0.024015	0.024015	0.020334	0.022743	0.022743	0.024078	0.024078	0.025294	0.000000	0.000000	0.011305	0.027874	0.027874	0.010057	0.010057	0.031781	0.031781	0.029180	0.030965	0.034493	0.034493	0.033250	0.035956	0.034460	0.034460	0.025376	0.023968	0.023968	0.014118	0.021503	0.017765	0.018917	0.030574	0.018040	0.025156	0.026619	0.025355	0.050478	0.018934	0.033066	0.030530	0.011270	0.015358	0.102197	0.100322	0.100540	0.016907	0.047620	0.053582	0.057476
Decewicz_Dziewit_Lodz_Bseq1.20160303	Decewicz Dziewit Primer B Lodz 20160303	20160303	51.727940	19.347618	Poland	0.034643	0.029461	0.038931	0.067469	0.024060	0.012758	0.014529	0.016482	0.016411	0.016456	0.013917	0.015216	0.016498	0.015189	0.015204	0.015209	0.016490	0.016473	0.016426	0.018940	0.018983	0.010166	0.012662	0.013966	0.022749	0.022749	0.025378	0.025378	0.025353	0.021504	0.021507	0.022832	0.024460	0.020372	0.015381	0.016624	0.014008	0.019036	0.011469	0.014372	0.014899	0.023906	0.028512	0.026593	0.022717	0.022717	0.022717	0.025487	0.029240	0.029240	0.025352	0.025352	0.026566	0.011305	0.011305	0.000000	0.034421	0.034421	0.006259	0.006259	0.030463	0.030463	0.025264	0.026614	0.035826	0.035826	0.035904	0.039892	0.041095	0.041095	0.024071	0.022672	0.022672	0.016729	0.022802	0.016279	0.022799	0.034547	0.022666	0.026683	0.030555	0.024050	0.054604	0.022819	0.037043	0.029183	0.012917	0.017929	0.103587	0.108614	0.102370	0.019542	0.048920	0.057555	0.055772
Decewicz_Dziewit_Oswiecim_Bseq3.20160126	Decewicz Dziewit Primer B Oswiecim 20160126	20160126	50.038062	19.321854	Poland	0.042328	0.029401	0.038790	0.062974	0.034433	0.019153	0.029246	0.028014	0.029224	0.024073	0.022836	0.024126	0.021555	0.022807	0.021556	0.020289	0.024094	0.026657	0.021482	0.029052	0.026565	0.019173	0.020354	0.020380	0.034300	0.034300	0.035624	0.035624	0.036912	0.035627	0.039346	0.039668	0.031311	0.024184	0.016592	0.021695	0.021656	0.031832	0.024349	0.019629	0.026696	0.020349	0.035027	0.030455	0.035613	0.035613	0.035613	0.035821	0.034329	0.034329	0.030497	0.030497	0.031703	0.027874	0.027874	0.034421	0.000000	0.000000	0.033175	0.033175	0.036952	0.036952	0.036945	0.039590	0.035619	0.035619	0.024049	0.046350	0.035585	0.035585	0.037028	0.029082	0.029082	0.024511	0.033017	0.034278	0.032978	0.044845	0.034812	0.041711	0.036810	0.032987	0.067818	0.023958	0.040770	0.027808	0.020984	0.029643	0.100169	0.103511	0.101516	0.026102	0.054016	0.059080	0.055457
Decewicz_Dziewit_Oswiecim_Bseq4.20160303	Decewicz Dziewit Primer B 20160303	20160303	50.038062	19.321854	Poland	0.042328	0.029401	0.038790	0.062974	0.034433	0.019153	0.029246	0.028014	0.029224	0.024073	0.022836	0.024126	0.021555	0.022807	0.021556	0.020289	0.024094	0.026657	0.021482	0.029052	0.026565	0.019173	0.020354	0.020380	0.034300	0.034300	0.035624	0.035624	0.036912	0.035627	0.039346	0.039668	0.031311	0.024184	0.016592	0.021695	0.021656	0.031832	0.024349	0.019629	0.026696	0.020349	0.035027	0.030455	0.035613	0.035613	0.035613	0.035821	0.034329	0.034329	0.030497	0.030497	0.031703	0.027874	0.027874	0.034421	0.000000	0.000000	0.033175	0.033175	0.036952	0.036952	0.036945	0.039590	0.035619	0.035619	0.024049	0.046350	0.035585	0.035585	0.037028	0.029082	0.029082	0.024511	0.033017	0.034278	0.032978	0.044845	0.034812	0.041711	0.036810	0.032987	0.067818	0.023958	0.040770	0.027808	0.020984	0.029643	0.100169	0.103511	0.101516	0.026102	0.054016	0.059080	0.055457
Decewicz_Dziewit_Wyszkow_Bseq5.20160126	Decewicz Dziewit Primer B Wyszkow 20160126	20160126	52.577948	21.429024	Poland	0.033389	0.026832	0.037624	0.068985	0.022813	0.011492	0.012470	0.015227	0.015161	0.015203	0.013934	0.015234	0.016518	0.015207	0.015222	0.015227	0.016510	0.016493	0.015175	0.020256	0.017733	0.010178	0.011406	0.012707	0.021504	0.021504	0.024129	0.024129	0.024106	0.020256	0.020181	0.021582	0.023123	0.019115	0.015400	0.016644	0.015304	0.017782	0.010192	0.014390	0.013258	0.023978	0.028592	0.025348	0.021473	0.021473	0.021473	0.020334	0.027993	0.027993	0.024105	0.024105	0.025323	0.010057	0.010057	0.006259	0.033175	0.033175	0.000000	0.000000	0.031817	0.031817	0.026597	0.026652	0.034577	0.034577	0.034652	0.035959	0.039846	0.039846	0.025405	0.023995	0.023995	0.015456	0.021554	0.011811	0.021551	0.030648	0.018089	0.022183	0.029307	0.025383	0.051919	0.021570	0.035798	0.027938	0.012937	0.016663	0.102326	0.102478	0.096704	0.018256	0.047675	0.055616	0.055780
Decewicz_Dziewit_Wyszkow_Bseq5.20160303	Decewicz Dziewit Primer B Wyszkow 20160303	20160303	52.577948	21.429024	Poland	0.033389	0.026832	0.037624	0.068985	0.022813	0.011492	0.012470	0.015227	0.015161	0.015203	0.013934	0.015234	0.016518	0.015207	0.015222	0.015227	0.016510	0.016493	0.015175	0.020256	0.017733	0.010178	0.011406	0.012707	0.021504	0.021504	0.024129	0.024129	0.024106	0.020256	0.020181	0.021582	0.023123	0.019115	0.015400	0.016644	0.015304	0.017782	0.010192	0.014390	0.013258	0.023978	0.028592	0.025348	0.021473	0.021473	0.021473	0.020334	0.027993	0.027993	0.024105	0.024105	0.025323	0.010057	0.010057	0.006259	0.033175	0.033175	0.000000	0.000000	0.031817	0.031817	0.026597	0.026652	0.034577	0.034577	0.034652	0.035959	0.039846	0.039846	0.025405	0.023995	0.023995	0.015456	0.021554	0.011811	0.021551	0.030648	0.018089	0.022183	0.029307	0.025383	0.051919	0.021570	0.035798	0.027938	0.012937	0.016663	0.102326	0.102478	0.096704	0.018256	0.047675	0.055616	0.055780
Decewicz_Dziewit_Wyszkow_Bseq4.20160126	Decewicz Dziewit Primer B Wyszkow 20160126	20160126	52.577948	21.429024	Poland	0.043736	0.026654	0.036013	0.067232	0.025252	0.019170	0.020799	0.025418	0.024033	0.024099	0.017711	0.021569	0.020306	0.020257	0.019005	0.017739	0.021570	0.021526	0.024109	0.025270	0.026629	0.016586	0.017772	0.016520	0.038237	0.038237	0.034343	0.034343	0.035631	0.031745	0.036610	0.038379	0.028570	0.020307	0.017960	0.021746	0.019108	0.026705	0.019158	0.022310	0.018210	0.020297	0.021969	0.023914	0.026445	0.026445	0.026445	0.027160	0.027808	0.027808	0.021389	0.021389	0.025183	0.031781	0.031781	0.030463	0.036952	0.036952	0.031817	0.031817	0.000000	0.000000	0.027749	0.027958	0.044939	0.044939	0.029277	0.045051	0.042253	0.042253	0.025238	0.022599	0.022599	0.024562	0.034384	0.034467	0.029151	0.039634	0.031855	0.035755	0.036943	0.031710	0.062617	0.025316	0.039537	0.031705	0.021039	0.023060	0.117927	0.119006	0.114021	0.026077	0.050055	0.063501	0.057314
Decewicz_Dziewit_Wyszkow_Bseq4.20160303	Decewicz Dziewit Primer B Wyszkow 20160303	20160303	52.577948	21.429024	Poland	0.043736	0.026654	0.036013	0.067232	0.025252	0.019170	0.020799	0.025418	0.024033	0.024099	0.017711	0.021569	0.020306	0.020257	0.019005	0.017739	0.021570	0.021526	0.024109	0.025270	0.026629	0.016586	0.017772	0.016520	0.038237	0.038237	0.034343	0.034343	0.035631	0.031745	0.036610	0.038379	0.028570	0.020307	0.017960	0.021746	0.019108	0.026705	0.019158	0.022310	0.018210	0.020297	0.021969	0.023914	0.026445	0.026445	0.026445	0.027160	0.027808	0.027808	0.021389	0.021389	0.025183	0.031781	0.031781	0.030463	0.036952	0.036952	0.031817	0.031817	0.000000	0.000000	0.027749	0.027958	0.044939	0.044939	0.029277	0.045051	0.042253	0.042253	0.025238	0.022599	0.022599	0.024562	0.034384	0.034467	0.029151	0.039634	0.031855	0.035755	0.036943	0.031710	0.062617	0.025316	0.039537	0.031705	0.021039	0.023060	0.117927	0.119006	0.114021	0.026077	0.050055	0.063501	0.057314
Cinek_bin15_primerB.20151120	Cinek lab sample bin15 primer B 20151120	20151120	61.505	23.815	Finland	0.038439	0.015829	0.037352	0.065883	0.022659	0.015285	0.018668	0.018965	0.017615	0.016400	0.015136	0.016434	0.017713	0.016404	0.016421	0.016426	0.017705	0.016401	0.020213	0.022697	0.017632	0.012702	0.015170	0.017771	0.022671	0.022671	0.031735	0.031735	0.033019	0.031738	0.035152	0.035711	0.029898	0.018985	0.017914	0.017847	0.016509	0.022839	0.013996	0.019599	0.016540	0.023766	0.025116	0.021355	0.026439	0.026439	0.026439	0.030579	0.030384	0.030384	0.029086	0.029086	0.032905	0.029180	0.029180	0.025264	0.036945	0.036945	0.026597	0.026597	0.027749	0.027749	0.000000	0.001370	0.034375	0.034375	0.035774	0.039749	0.044885	0.044885	0.025232	0.027712	0.027712	0.023202	0.026567	0.022233	0.026563	0.035675	0.022577	0.026580	0.034327	0.031703	0.055793	0.027892	0.042155	0.031666	0.014497	0.021741	0.106101	0.102070	0.098350	0.018151	0.052706	0.061331	0.057227
Cinek_bin16_primerB.20151120	Cinek lab sample bin16 primer B 20151120	20151120	61.505	23.815	Finland	0.041266	0.019962	0.040183	0.070432	0.023712	0.015523	0.017300	0.019630	0.018131	0.016785	0.015373	0.016823	0.018243	0.016790	0.016809	0.016815	0.018220	0.016786	0.021014	0.023766	0.018151	0.012685	0.015414	0.018308	0.023735	0.023735	0.033800	0.033800	0.035226	0.033804	0.037768	0.038223	0.031909	0.019640	0.018472	0.018385	0.016909	0.023915	0.014116	0.020361	0.017083	0.023005	0.024889	0.022274	0.027912	0.027912	0.027912	0.032293	0.032295	0.032295	0.029440	0.029440	0.035090	0.030965	0.030965	0.026614	0.039590	0.039590	0.026652	0.026652	0.027958	0.027958	0.001370	0.000000	0.036740	0.036740	0.038272	0.036840	0.046984	0.046984	0.023736	0.027919	0.027919	0.024308	0.028061	0.023724	0.028057	0.033783	0.024092	0.028068	0.033839	0.032261	0.042465	0.029534	0.045380	0.033718	0.012884	0.022721	0.107304	0.104047	0.100185	0.018744	0.043913	0.063279	0.058841
Decewicz_Dziewit_Oswiecim_Bseq1.20160126	Decewicz Dziewit Primer B Oswiecim 20160126	20160126	50.038062	19.321854	Poland	0.037103	0.029321	0.041548	0.063203	0.029230	0.012721	0.018681	0.016433	0.018944	0.012579	0.015145	0.015153	0.015141	0.015126	0.015141	0.015146	0.015133	0.016405	0.015106	0.021384	0.012538	0.016568	0.012628	0.013939	0.020120	0.020120	0.020142	0.020142	0.022703	0.021434	0.024158	0.025331	0.025738	0.021579	0.012723	0.013959	0.013964	0.022814	0.017906	0.013004	0.019957	0.013452	0.022015	0.035700	0.033048	0.033048	0.033048	0.028998	0.029173	0.029173	0.035749	0.035749	0.031740	0.034493	0.034493	0.035826	0.035619	0.035619	0.034577	0.034577	0.044939	0.044939	0.034375	0.036740	0.000000	0.000000	0.027942	0.034503	0.038198	0.038198	0.034453	0.038314	0.038314	0.017991	0.015022	0.019181	0.017554	0.033033	0.022577	0.023549	0.023882	0.023972	0.052924	0.022739	0.035668	0.025213	0.016121	0.021791	0.091426	0.089378	0.086581	0.018172	0.048754	0.055328	0.060633
Decewicz_Dziewit_Oswiecim_Bseq1.20160303	Decewicz Dziewit Primer B Oswiecim 20160303	20160303	50.038062	19.321854	Poland	0.037103	0.029321	0.041548	0.063203	0.029230	0.012721	0.018681	0.016433	0.018944	0.012579	0.015145	0.015153	0.015141	0.015126	0.015141	0.015146	0.015133	0.016405	0.015106	0.021384	0.012538	0.016568	0.012628	0.013939	0.020120	0.020120	0.020142	0.020142	0.022703	0.021434	0.024158	0.025331	0.025738	0.021579	0.012723	0.013959	0.013964	0.022814	0.017906	0.013004	0.019957	0.013452	0.022015	0.035700	0.033048	0.033048	0.033048	0.028998	0.029173	0.029173	0.035749	0.035749	0.031740	0.034493	0.034493	0.035826	0.035619	0.035619	0.034577	0.034577	0.044939	0.044939	0.034375	0.036740	0.000000	0.000000	0.027942	0.034503	0.038198	0.038198	0.034453	0.038314	0.038314	0.017991	0.015022	0.019181	0.017554	0.033033	0.022577	0.023549	0.023882	0.023972	0.052924	0.022739	0.035668	0.025213	0.016121	0.021791	0.091426	0.089378	0.086581	0.018172	0.048754	0.055328	0.060633
Desnues_sewage27_primerB.20151217	Desnues lab sewage 27 primer B 20151217	20151217	43.2888	5.4005	France	0.038579	0.021425	0.030748	0.057828	0.024139	0.011472	0.016694	0.015199	0.020305	0.016469	0.015215	0.016501	0.013943	0.016488	0.015231	0.012676	0.016469	0.017766	0.013895	0.022753	0.016408	0.015361	0.012722	0.010155	0.020166	0.020166	0.024051	0.024051	0.020170	0.021461	0.025601	0.027979	0.020340	0.013909	0.008925	0.015301	0.014011	0.024187	0.016635	0.014394	0.016648	0.006772	0.015816	0.026683	0.026677	0.026677	0.026677	0.037888	0.026686	0.026686	0.025463	0.025463	0.026684	0.033250	0.033250	0.035904	0.024049	0.024049	0.034652	0.034652	0.029277	0.029277	0.035774	0.038272	0.027942	0.027942	0.000000	0.030606	0.030504	0.030504	0.033273	0.024068	0.024068	0.012849	0.020214	0.025292	0.020190	0.031867	0.027279	0.031219	0.023994	0.024027	0.055875	0.017667	0.037043	0.017594	0.017845	0.021891	0.087081	0.084872	0.082568	0.018253	0.046207	0.059223	0.049191
Decewicz_Dziewit_Lodz_Bseq4.20160303	Decewicz Dziewit Primer B Lodz 20160303	20160303	51.727940	19.347618	Poland	0.050652	0.054848	0.046008	0.070330	0.038523	0.017975	0.031646	0.020363	0.022887	0.020344	0.020380	0.021702	0.021684	0.022969	0.022992	0.021692	0.021673	0.021651	0.020310	0.025383	0.021579	0.023187	0.020447	0.013973	0.021437	0.021437	0.026633	0.026633	0.018884	0.020172	0.022839	0.024089	0.031395	0.028234	0.017981	0.019211	0.023107	0.026799	0.015324	0.022362	0.026852	0.038068	0.038348	0.038413	0.037110	0.037110	0.037110	0.032639	0.033243	0.033243	0.039849	0.039849	0.035788	0.035956	0.035956	0.039892	0.046350	0.046350	0.035959	0.035959	0.045051	0.045051	0.039749	0.036840	0.034503	0.034503	0.030606	0.000000	0.039760	0.039760	0.038541	0.042341	0.042341	0.021993	0.026692	0.025359	0.021506	0.035808	0.025787	0.029759	0.033093	0.027883	0.059977	0.024125	0.046357	0.033032	0.027844	0.023188	0.090084	0.081491	0.081196	0.024874	0.044920	0.055435	0.055801
Decewicz_Dziewit_Wyszkow_Bseq1.20160126	Decewicz Dziewit Primer B Wyszkow 20160126	20160126	52.577948	21.429024	Poland	0.043629	0.023796	0.025042	0.072668	0.031831	0.013966	0.022819	0.026708	0.027918	0.022777	0.020267	0.022829	0.018992	0.021514	0.018992	0.020270	0.020253	0.024083	0.020239	0.026483	0.025270	0.020461	0.017784	0.019053	0.033023	0.033023	0.033025	0.033025	0.035633	0.031747	0.033793	0.035758	0.029873	0.022883	0.016554	0.021692	0.021663	0.031872	0.020408	0.014314	0.024984	0.013416	0.028362	0.043541	0.038232	0.038232	0.038232	0.039579	0.039564	0.039564	0.027911	0.027911	0.034307	0.034460	0.034460	0.041095	0.035585	0.035585	0.039846	0.039846	0.042253	0.042253	0.044885	0.046984	0.038198	0.038198	0.030504	0.039760	0.000000	0.000000	0.042295	0.038277	0.038277	0.020581	0.030397	0.034331	0.027781	0.044805	0.034867	0.041776	0.036778	0.034310	0.066439	0.027864	0.036875	0.030396	0.020985	0.028315	0.098235	0.091206	0.091887	0.027388	0.044620	0.061345	0.065595
Decewicz_Dziewit_Wyszkow_Bseq1.20160303	Decewicz Dziewit Primer B Wyszkow 20160303	20160303	52.577948	21.429024	Poland	0.043629	0.023796	0.025042	0.072668	0.031831	0.013966	0.022819	0.026708	0.027918	0.022777	0.020267	0.022829	0.018992	0.021514	0.018992	0.020270	0.020253	0.024083	0.020239	0.026483	0.025270	0.020461	0.017784	0.019053	0.033023	0.033023	0.033025	0.033025	0.035633	0.031747	0.033793	0.035758	0.029873	0.022883	0.016554	0.021692	0.021663	0.031872	0.020408	0.014314	0.024984	0.013416	0.028362	0.043541	0.038232	0.038232	0.038232	0.039579	0.039564	0.039564	0.027911	0.027911	0.034307	0.034460	0.034460	0.041095	0.035585	0.035585	0.039846	0.039846	0.042253	0.042253	0.044885	0.046984	0.038198	0.038198	0.030504	0.039760	0.000000	0.000000	0.042295	0.038277	0.038277	0.020581	0.030397	0.034331	0.027781	0.044805	0.034867	0.041776	0.036778	0.034310	0.066439	0.027864	0.036875	0.030396	0.020985	0.028315	0.098235	0.091206	0.091887	0.027388	0.044620	0.061345	0.065595
Mazankova_primerB_3.20151201	Mazankova primer B sample 3 20151201	20151201	50.6604875	14.0406928	Czech_Republic	0.034524	0.023899	0.029220	0.056387	0.022709	0.010164	0.014476	0.015157	0.015107	0.015149	0.010066	0.011349	0.012621	0.011329	0.011340	0.010081	0.012615	0.011326	0.017710	0.017612	0.016384	0.008882	0.010099	0.011403	0.029207	0.029207	0.024019	0.024019	0.029212	0.025348	0.031134	0.031921	0.021648	0.015175	0.012780	0.011442	0.013976	0.017700	0.010177	0.013045	0.011547	0.023760	0.025109	0.023962	0.021353	0.021353	0.021353	0.018549	0.022694	0.022694	0.018857	0.018857	0.020095	0.025376	0.025376	0.024071	0.037028	0.037028	0.025405	0.025405	0.025238	0.025238	0.025232	0.023736	0.034453	0.034453	0.033273	0.038541	0.042295	0.042295	0.000000	0.016291	0.016291	0.018002	0.024048	0.020796	0.021453	0.027914	0.016510	0.025158	0.026588	0.022748	0.051852	0.021516	0.033098	0.031770	0.009625	0.016586	0.104722	0.104271	0.098372	0.015548	0.039543	0.051550	0.045783
Decewicz_Dziewit_Oswiecim_Bseq4.20160126	Decewicz Dziewit Primer B Oswiecim 20160126	20160126	50.038062	19.321854	Poland	0.037105	0.023898	0.029182	0.058909	0.018841	0.012713	0.018661	0.018964	0.017616	0.017665	0.012589	0.015146	0.013887	0.013854	0.012604	0.012608	0.016414	0.015115	0.015105	0.021405	0.018895	0.012700	0.012631	0.012662	0.027804	0.027804	0.027836	0.027836	0.030391	0.026536	0.031023	0.033098	0.024398	0.016424	0.014061	0.015287	0.016506	0.024087	0.013978	0.014353	0.018170	0.023758	0.028348	0.026443	0.025144	0.025144	0.025144	0.030535	0.029074	0.029074	0.020097	0.020097	0.021332	0.023968	0.023968	0.022672	0.029082	0.029082	0.023995	0.023995	0.022599	0.022599	0.027712	0.027919	0.038314	0.038314	0.024068	0.042341	0.038277	0.038277	0.016291	0.000000	0.000000	0.018001	0.027869	0.026778	0.025261	0.036960	0.024092	0.034160	0.035608	0.026507	0.059811	0.022714	0.034267	0.026503	0.012861	0.020456	0.107491	0.106046	0.102022	0.018128	0.048687	0.053386	0.047310
Decewicz_Dziewit_Oswiecim_Bseq5.20160303	Decewicz Dziewit Primer B 20160303	20160303	50.038062	19.321854	Poland	0.037105	0.023898	0.029182	0.058909	0.018841	0.012713	0.018661	0.018964	0.017616	0.017665	0.012589	0.015146	0.013887	0.013854	0.012604	0.012608	0.016414	0.015115	0.015105	0.021405	0.018895	0.012700	0.012631	0.012662	0.027804	0.027804	0.027836	0.027836	0.030391	0.026536	0.031023	0.033098	0.024398	0.016424	0.014061	0.015287	0.016506	0.024087	0.013978	0.014353	0.018170	0.023758	0.028348	0.026443	0.025144	0.025144	0.025144	0.030535	0.029074	0.029074	0.020097	0.020097	0.021332	0.023968	0.023968	0.022672	0.029082	0.029082	0.023995	0.023995	0.022599	0.022599	0.027712	0.027919	0.038314	0.038314	0.024068	0.042341	0.038277	0.038277	0.016291	0.000000	0.000000	0.018001	0.027869	0.026778	0.025261	0.036960	0.024092	0.034160	0.035608	0.026507	0.059811	0.022714	0.034267	0.026503	0.012861	0.020456	0.107491	0.106046	0.102022	0.018128	0.048687	0.053386	0.047310
Mazankova_primerB_1.20151201	Mazankova primer B sample 1 20151201	20151201	49.7477831	13.3783489	Czech_Republic	0.024592	0.010754	0.021623	0.052019	0.011535	0.002557	0.000000	0.002552	0.006378	0.005106	0.005113	0.005117	0.005105	0.006389	0.006392	0.005108	0.005108	0.006392	0.006386	0.007639	0.006377	0.002559	0.005124	0.005108	0.010224	0.010224	0.008933	0.008933	0.008934	0.008944	0.012261	0.014139	0.010947	0.005109	0.003838	0.005138	0.003852	0.006407	0.006419	0.003940	0.003341	0.000000	0.006380	0.019296	0.014066	0.014066	0.014066	0.020666	0.014069	0.014069	0.015407	0.015407	0.015389	0.014118	0.014118	0.016729	0.024511	0.024511	0.015456	0.015456	0.024562	0.024562	0.023202	0.024308	0.017991	0.017991	0.012849	0.021993	0.020581	0.020581	0.018002	0.018001	0.018001	0.000000	0.006378	0.012004	0.007647	0.020597	0.010643	0.019501	0.012772	0.018012	0.043179	0.008951	0.024547	0.012804	0.001621	0.006467	0.080145	0.080830	0.076678	0.006581	0.032375	0.044405	0.041751
Edwards_B.20151012.S1	Edwards Primer B Site 1 20151026	20151026	33.105788	-117.114064	USA	0.026649	0.021184	0.030563	0.053546	0.021468	0.002526	0.002049	0.002502	0.006254	0.002495	0.005013	0.005016	0.005012	0.005007	0.005012	0.005014	0.005009	0.006266	0.005001	0.011242	0.002488	0.005056	0.001252	0.003775	0.009990	0.009990	0.012523	0.012523	0.012525	0.011268	0.013321	0.015092	0.016140	0.010070	0.003796	0.003781	0.001258	0.010063	0.007621	0.002579	0.008244	0.000000	0.009353	0.022723	0.020137	0.020137	0.020137	0.023777	0.021427	0.021427	0.025328	0.025328	0.021409	0.021503	0.021503	0.022802	0.033017	0.033017	0.021554	0.021554	0.034384	0.034384	0.026567	0.028061	0.015022	0.015022	0.020214	0.026692	0.030397	0.030397	0.024048	0.027869	0.027869	0.006378	0.000000	0.007308	0.004967	0.017581	0.010434	0.014609	0.009966	0.016316	0.040953	0.015080	0.029121	0.015022	0.004797	0.008884	0.091428	0.087421	0.084764	0.006427	0.040837	0.053388	0.050716
Edwards_B.20151209.S3	Edwards Primer B Site 3 20151209	20151209	33.116202	-117.321597	USA	0.028378	0.015328	0.033120	0.065149	0.022267	0.004456	0.005428	0.007374	0.008826	0.005877	0.005884	0.005892	0.005887	0.005880	0.005887	0.005889	0.005879	0.007360	0.007351	0.011748	0.004384	0.005955	0.002944	0.002959	0.014717	0.014717	0.019228	0.019228	0.019230	0.017744	0.019063	0.020775	0.016022	0.008871	0.004466	0.004442	0.005927	0.013339	0.005966	0.007641	0.008194	0.005534	0.014933	0.020739	0.020709	0.020709	0.020709	0.023781	0.023747	0.023747	0.025319	0.025319	0.026745	0.017765	0.017765	0.016279	0.034278	0.034278	0.011811	0.011811	0.034467	0.034467	0.022233	0.023724	0.019181	0.019181	0.025292	0.025359	0.034331	0.034331	0.020796	0.026778	0.026778	0.012004	0.007308	0.000000	0.007307	0.014690	0.008929	0.011716	0.011749	0.016195	0.019116	0.016269	0.032826	0.022176	0.005929	0.010467	0.095199	0.087433	0.084775	0.007598	0.029767	0.053395	0.052323
Edwards_B.20151012.S4	Edwards Primer B Site 4 20151026	20151026	33.144526	-117.178849	USA	0.027894	0.018481	0.027818	0.053480	0.024033	0.002526	0.004099	0.003755	0.003741	0.001246	0.002499	0.002501	0.002499	0.002496	0.002499	0.002499	0.002498	0.003749	0.003745	0.006217	0.001242	0.006328	0.001252	0.000000	0.012508	0.012508	0.012509	0.012509	0.009990	0.008739	0.013319	0.015090	0.014771	0.008799	0.001262	0.002517	0.003776	0.010051	0.003794	0.005167	0.004928	0.003335	0.009326	0.020139	0.017569	0.017569	0.017569	0.018602	0.016308	0.016308	0.022728	0.022728	0.016295	0.018917	0.018917	0.022799	0.032978	0.032978	0.021551	0.021551	0.029151	0.029151	0.026563	0.028057	0.017554	0.017554	0.020190	0.021506	0.027781	0.027781	0.021453	0.025261	0.025261	0.007647	0.004967	0.007307	0.000000	0.017561	0.007427	0.011662	0.012465	0.013765	0.038279	0.010007	0.026510	0.020097	0.004797	0.003790	0.091311	0.085335	0.082831	0.003845	0.038171	0.051370	0.047371
Edwards_B.20151012.S3	Edwards Primer B Site 3 20151012	20151012	33.116202	-117.321597	USA	0.039706	0.034832	0.033219	0.067321	0.033127	0.013998	0.016540	0.013862	0.018921	0.016382	0.015126	0.013838	0.015122	0.015107	0.015122	0.013862	0.015114	0.015103	0.018938	0.023976	0.015051	0.016588	0.011347	0.013962	0.024003	0.024003	0.025304	0.025304	0.025306	0.024032	0.028290	0.030583	0.025719	0.016455	0.015311	0.016554	0.013940	0.018999	0.015303	0.018247	0.021666	0.027107	0.034971	0.026577	0.026543	0.026543	0.026543	0.020327	0.026572	0.026572	0.031796	0.031796	0.031752	0.030574	0.030574	0.034547	0.044845	0.044845	0.030648	0.030648	0.039634	0.039634	0.035675	0.033783	0.033033	0.033033	0.031867	0.035808	0.044805	0.044805	0.027914	0.036960	0.036960	0.020597	0.017581	0.014690	0.017561	0.000000	0.008877	0.011641	0.017557	0.026580	0.035646	0.025347	0.039585	0.033033	0.019364	0.020489	0.104396	0.093539	0.090438	0.015538	0.050126	0.059271	0.052219
Edwards_B.20151209.S2	Edwards Primer B Site 2 20151209	20151209	33.016467	-117.273686	USA	0.030351	0.011878	0.025422	0.064611	0.022613	0.001505	0.002777	0.004483	0.005961	0.004473	0.001488	0.000000	0.001489	0.001487	0.001489	0.001489	0.001487	0.001487	0.005968	0.011929	0.002966	0.006055	0.001494	0.003008	0.018014	0.018014	0.019550	0.019550	0.019552	0.016530	0.021032	0.024222	0.017902	0.004487	0.004541	0.003006	0.004510	0.010513	0.004537	0.006208	0.008371	0.005845	0.015682	0.017992	0.017965	0.017965	0.017965	0.016903	0.017988	0.017988	0.022612	0.022612	0.024091	0.018040	0.018040	0.022666	0.034812	0.034812	0.018089	0.018089	0.031855	0.031855	0.022577	0.024092	0.022577	0.022577	0.027279	0.025787	0.034867	0.034867	0.016510	0.024092	0.024092	0.010643	0.010434	0.008929	0.007427	0.008877	0.000000	0.011910	0.010433	0.019499	0.016411	0.016521	0.033338	0.027193	0.004026	0.007578	0.096774	0.089648	0.086824	0.004622	0.030231	0.051364	0.045771
Edwards_B.20151209.S4	Edwards Primer B Site 4 20151209	20151209	33.144526	-117.178849	USA	0.038898	0.026673	0.034484	0.071299	0.026621	0.011880	0.013515	0.013245	0.013187	0.008780	0.011744	0.011759	0.011748	0.011735	0.011749	0.010281	0.011733	0.011732	0.014695	0.019083	0.008747	0.013412	0.007343	0.008871	0.019084	0.019084	0.026612	0.026612	0.023609	0.022124	0.023766	0.025163	0.027285	0.013276	0.010413	0.013343	0.013332	0.020741	0.011909	0.015276	0.018430	0.021980	0.029667	0.025090	0.022060	0.022060	0.022060	0.016875	0.022088	0.022088	0.026653	0.026653	0.028101	0.025156	0.025156	0.026683	0.041711	0.041711	0.022183	0.022183	0.035755	0.035755	0.026580	0.028068	0.023549	0.023549	0.031219	0.029759	0.041776	0.041776	0.025158	0.034160	0.034160	0.019501	0.014609	0.011716	0.011662	0.011641	0.011910	0.000000	0.016114	0.023546	0.014579	0.020654	0.040267	0.032578	0.017788	0.014915	0.106498	0.095495	0.094220	0.012127	0.037192	0.061315	0.052226
Edwards_B.20151012.S2	Edwards Primer B Site 2 20151026	20151026	33.016467	-117.273686	USA	0.033076	0.031999	0.033232	0.058897	0.029189	0.008854	0.012365	0.008769	0.015088	0.011274	0.011294	0.011300	0.011291	0.011280	0.011291	0.010037	0.011285	0.012547	0.013806	0.017511	0.009988	0.010144	0.007531	0.008817	0.018809	0.018809	0.018810	0.018810	0.018812	0.017552	0.022745	0.023995	0.020166	0.013872	0.008865	0.010094	0.006299	0.012555	0.011440	0.010345	0.014883	0.013412	0.021948	0.025257	0.022662	0.022662	0.022662	0.020330	0.023956	0.023956	0.027870	0.027870	0.026502	0.026619	0.026619	0.030555	0.036810	0.036810	0.029307	0.029307	0.036943	0.036943	0.034327	0.033839	0.023882	0.023882	0.023994	0.033093	0.036778	0.036778	0.026588	0.035608	0.035608	0.012772	0.009966	0.011749	0.012465	0.017557	0.010433	0.016114	0.000000	0.020072	0.038180	0.018842	0.034257	0.023883	0.012832	0.015268	0.098284	0.089201	0.086422	0.012901	0.044644	0.055219	0.048968
Zambrano_B.20160412.s1	Maria Zambrano Primer B 20160412	20160412	4.6500014	-74.0589398	Colombia	0.037108	0.032251	0.031978	0.058993	0.030511	0.008896	0.016625	0.011325	0.013830	0.010055	0.007540	0.008815	0.008808	0.008800	0.008809	0.007551	0.008804	0.010055	0.008770	0.015039	0.011281	0.011468	0.006295	0.006304	0.016262	0.016262	0.016297	0.016297	0.016264	0.012485	0.017316	0.018864	0.013409	0.017779	0.008919	0.008871	0.010120	0.016377	0.007614	0.009092	0.013260	0.016993	0.018806	0.022674	0.023962	0.023962	0.023962	0.025484	0.025318	0.025318	0.029187	0.029187	0.022675	0.025355	0.025355	0.024050	0.032987	0.032987	0.025383	0.025383	0.031710	0.031710	0.031703	0.032261	0.023972	0.023972	0.024027	0.027883	0.034310	0.034310	0.022748	0.026507	0.026507	0.018012	0.016316	0.016195	0.013765	0.026580	0.019499	0.023546	0.020072	0.000000	0.048836	0.016328	0.030401	0.022603	0.011286	0.014010	0.098443	0.093254	0.090042	0.012919	0.039459	0.051282	0.048900
Edwards_B.20151209.S1	Edwards Primer B Site 1 20151209	20151209	33.105788	-117.114064	USA	0.063987	0.084107	0.058503	0.088685	0.055898	0.038974	0.053504	0.038586	0.042413	0.038516	0.039879	0.039900	0.039864	0.039826	0.039866	0.038583	0.039845	0.039868	0.042465	0.044933	0.038386	0.040327	0.036027	0.036176	0.044983	0.044983	0.049004	0.049004	0.046345	0.045041	0.050828	0.050491	0.049774	0.041393	0.037667	0.038933	0.038807	0.042605	0.038996	0.042530	0.049453	0.082295	0.090642	0.051733	0.048993	0.048993	0.048993	0.021994	0.049048	0.049048	0.054497	0.054497	0.052984	0.050478	0.050478	0.054604	0.067818	0.067818	0.051919	0.051919	0.062617	0.062617	0.055793	0.042465	0.052924	0.052924	0.055875	0.059977	0.066439	0.066439	0.051852	0.059811	0.059811	0.043179	0.040953	0.019116	0.038279	0.035646	0.016411	0.014579	0.038180	0.048836	0.000000	0.046419	0.063783	0.056983	0.049676	0.040385	0.126871	0.095142	0.091937	0.039651	0.074783	0.065082	0.057104
Qimron_Salfit_B_20151202	Qimron lab primer B 20151202	20151202	32.08	35.18	Israel	0.030576	0.021189	0.030653	0.048122	0.024104	0.005071	0.008250	0.011369	0.008786	0.006270	0.007547	0.007551	0.006286	0.007537	0.006286	0.005029	0.007541	0.008803	0.005005	0.006229	0.007509	0.006347	0.005045	0.000000	0.017606	0.017606	0.017626	0.017626	0.012534	0.013806	0.018754	0.020230	0.013467	0.010099	0.001265	0.005054	0.010135	0.013875	0.002528	0.009092	0.006590	0.003335	0.012482	0.024037	0.020173	0.020173	0.020173	0.022090	0.016357	0.016357	0.020226	0.020226	0.016343	0.018934	0.018934	0.022819	0.023958	0.023958	0.021570	0.021570	0.025316	0.025316	0.027892	0.029534	0.022739	0.022739	0.017667	0.024125	0.027864	0.027864	0.021516	0.022714	0.022714	0.008951	0.015080	0.016269	0.010007	0.025347	0.016521	0.020654	0.018842	0.016328	0.046419	0.000000	0.020116	0.021424	0.006422	0.008900	0.094575	0.091849	0.088861	0.009032	0.035631	0.049497	0.044221
Qimron_Ramallah_B_20151202	Qimron lab primer B 20151202	20151202	31.9	35.19	Israel	0.042286	0.015793	0.037362	0.060048	0.035729	0.017877	0.006149	0.026767	0.024061	0.022804	0.021541	0.021552	0.018991	0.021513	0.018991	0.018997	0.020252	0.021532	0.017640	0.025214	0.022727	0.019182	0.016509	0.017786	0.034305	0.034305	0.026571	0.026571	0.034312	0.030434	0.033797	0.034432	0.028540	0.025477	0.017900	0.021704	0.024241	0.027990	0.017877	0.016948	0.008214	0.003335	0.009326	0.038240	0.036905	0.036905	0.036905	0.042998	0.035621	0.035621	0.034390	0.034390	0.030399	0.033066	0.033066	0.037043	0.040770	0.040770	0.035798	0.035798	0.039537	0.039537	0.042155	0.045380	0.035668	0.035668	0.037043	0.046357	0.036875	0.036875	0.033098	0.034267	0.034267	0.024547	0.029121	0.032826	0.026510	0.039585	0.033338	0.040267	0.034257	0.030401	0.063783	0.020116	0.000000	0.032988	0.007996	0.025669	0.110325	0.112211	0.107733	0.016821	0.042085	0.069386	0.065587
Raya_B.20160414	Raul Raya Primer B	20160414	-34.6043888	-58.4404233	Argentina	0.035814	0.032173	0.038794	0.063048	0.021418	0.010146	0.012386	0.012573	0.018904	0.015101	0.013861	0.016423	0.012612	0.016410	0.013892	0.013881	0.015136	0.015120	0.011297	0.021384	0.016333	0.011430	0.008820	0.011374	0.016226	0.016226	0.015005	0.015005	0.018778	0.012470	0.014591	0.016284	0.017471	0.019008	0.012739	0.013956	0.008842	0.018909	0.017850	0.009072	0.016566	0.006720	0.009330	0.027807	0.030381	0.030381	0.030381	0.037712	0.031734	0.031734	0.027874	0.027874	0.026506	0.030530	0.030530	0.029183	0.027808	0.027808	0.027938	0.027938	0.031705	0.031705	0.031666	0.033718	0.025213	0.025213	0.017594	0.033032	0.030396	0.030396	0.031770	0.026503	0.026503	0.012804	0.015022	0.022176	0.020097	0.033033	0.027193	0.032578	0.023883	0.022603	0.056983	0.021424	0.032988	0.000000	0.016118	0.020457	0.096819	0.095197	0.090036	0.019453	0.040697	0.057153	0.052172
Mazankova_primerB_12.20151201	Mazankova primer B sample 12 20151201	20151201	49.1278897	16.6144122	Czech_Republic	0.022701	0.007983	0.008508	0.019392	0.009632	0.000000	0.000000	0.001598	0.000000	0.000000	0.000000	0.000000	0.000000	0.000000	0.000000	0.000000	0.000000	0.000000	0.001596	0.003192	0.000000	0.000000	0.000000	0.000000	0.012886	0.012886	0.008009	0.008009	0.011271	0.011271	0.017205	0.017871	0.008495	0.001598	0.000000	0.000000	0.001603	0.003204	0.000000	0.000000	0.000000	0.000000	0.003149	0.011234	0.007995	0.007995	0.007995	0.014226	0.009599	0.009599	0.011237	0.011237	0.009614	0.011270	0.011270	0.012917	0.020984	0.020984	0.012937	0.012937	0.021039	0.021039	0.014497	0.012884	0.016121	0.016121	0.017845	0.027844	0.020985	0.020985	0.009625	0.012861	0.012861	0.001621	0.004797	0.005929	0.004797	0.019364	0.004026	0.017788	0.012832	0.011286	0.049676	0.006422	0.007996	0.016118	0.000000	0.001624	0.079926	0.075554	0.070510	0.000000	0.030856	0.050308	0.049978
Nigro_B.20161212.SandIsland	Hawaii B Sand Island Waste Water Treatment Plant Dec 12 2016	20161212	21.307735	-157.8824584	USA	0.023080	0.016042	0.026987	0.053074	0.019183	0.001281	0.002099	0.003811	0.000000	0.000000	0.001267	0.002540	0.002538	0.002535	0.002538	0.002538	0.002536	0.002535	0.003809	0.005055	0.002531	0.002564	0.001271	0.000000	0.014008	0.014008	0.010157	0.010157	0.011442	0.010167	0.014934	0.016645	0.012280	0.008952	0.001281	0.001276	0.005120	0.005081	0.000000	0.003931	0.001670	0.006757	0.006240	0.016586	0.011415	0.011415	0.011415	0.015423	0.011454	0.011454	0.017872	0.017872	0.012690	0.015358	0.015358	0.017929	0.029643	0.029643	0.016663	0.016663	0.023060	0.023060	0.021741	0.022721	0.021791	0.021791	0.021891	0.023188	0.028315	0.028315	0.016586	0.020456	0.020456	0.006467	0.008884	0.010467	0.003790	0.020489	0.007578	0.014915	0.015268	0.014010	0.040385	0.008900	0.025669	0.020457	0.001624	0.000000	0.092942	0.089254	0.084560	0.002595	0.034786	0.046406	0.043250
Cinek_bin11_primerB.20151120	Cinek lab sample bin11 primer B 20151120	20151120	61.505	23.815	Finland	0.112382	0.102126	0.090058	0.134756	0.097463	0.076791	0.078564	0.083259	0.090290	0.086110	0.086284	0.086361	0.087753	0.089151	0.089241	0.087792	0.087709	0.087613	0.089016	0.092799	0.087305	0.087025	0.086583	0.080748	0.091201	0.091201	0.091212	0.091212	0.091218	0.092704	0.088366	0.097328	0.086037	0.089130	0.076938	0.083907	0.085448	0.093149	0.079790	0.081698	0.084174	0.101584	0.100899	0.103069	0.102919	0.102919	0.102919	0.100489	0.101670	0.101670	0.103220	0.103220	0.107256	0.102197	0.102197	0.103587	0.100169	0.100169	0.102326	0.102326	0.117927	0.117927	0.106101	0.107304	0.091426	0.091426	0.087081	0.090084	0.098235	0.098235	0.104722	0.107491	0.107491	0.080145	0.091428	0.095199	0.091311	0.104396	0.096774	0.106498	0.098284	0.098443	0.126871	0.094575	0.110325	0.096819	0.079926	0.092942	0.000000	0.000000	0.000000	0.087067	0.105301	0.115394	0.134579
Cinek_bin14_primerB.20151120	Cinek lab sample bin14 primer B 20151120	20151120	61.505	23.815	Finland	0.119163	0.102127	0.083116	0.149504	0.098005	0.072218	0.066641	0.079770	0.087830	0.083708	0.081995	0.080097	0.082062	0.084032	0.084153	0.082113	0.081930	0.084025	0.083854	0.087424	0.081543	0.086872	0.082412	0.074252	0.087272	0.087272	0.087286	0.087286	0.089225	0.087444	0.082618	0.095727	0.079359	0.087763	0.072374	0.080089	0.082876	0.089864	0.074776	0.077356	0.079405	0.135487	0.101380	0.106048	0.107790	0.107790	0.107790	0.106408	0.100123	0.100123	0.104270	0.104270	0.108036	0.100322	0.100322	0.108614	0.103511	0.103511	0.102478	0.102478	0.119006	0.119006	0.102070	0.104047	0.089378	0.089378	0.084872	0.081491	0.091206	0.091206	0.104271	0.106046	0.106046	0.080830	0.087421	0.087433	0.085335	0.093539	0.089648	0.095495	0.089201	0.093254	0.095142	0.091849	0.112211	0.095197	0.075554	0.089254	0.000000	0.000000	0.000000	0.084840	0.089045	0.115394	0.105440
Cinek_bin57_primerB.20151120	Cinek lab sample bin57 primer B 20151120	20151120	61.505	23.815	Finland	0.114140	0.090554	0.082534	0.142061	0.094417	0.068795	0.060442	0.075735	0.083190	0.079459	0.077859	0.078015	0.079840	0.081670	0.081779	0.079886	0.079721	0.079672	0.081510	0.084767	0.079306	0.082335	0.078227	0.070678	0.082700	0.082700	0.082712	0.082712	0.084509	0.082851	0.078035	0.090498	0.074988	0.085142	0.070835	0.076273	0.078570	0.085070	0.071072	0.073414	0.073735	0.101168	0.083375	0.100027	0.101654	0.101654	0.101654	0.100489	0.098360	0.098360	0.100208	0.100208	0.103702	0.100540	0.100540	0.102370	0.101516	0.101516	0.096704	0.096704	0.114021	0.114021	0.098350	0.100185	0.086581	0.086581	0.082568	0.081196	0.091887	0.091887	0.098372	0.102022	0.102022	0.076678	0.084764	0.084775	0.082831	0.090438	0.086824	0.094220	0.086422	0.090042	0.091937	0.088861	0.107733	0.090036	0.070510	0.084560	0.000000	0.000000	0.000000	0.080400	0.084351	0.115394	0.107285
Nigro_B.20161212.Waianae	Hawaii B Waianae Waste Water Treatment Plant Dec 12 2016	20161212	21.4467837	-158.1928871	USA	0.022134	0.013338	0.021823	0.049731	0.016859	0.000000	0.002089	0.002580	0.000000	0.000000	0.000000	0.000000	0.000000	0.000000	0.000000	0.000000	0.000000	0.000000	0.001287	0.006420	0.000000	0.002604	0.000000	0.001295	0.010314	0.010314	0.010304	0.010304	0.012918	0.011622	0.016536	0.018215	0.012461	0.005180	0.000000	0.001300	0.003899	0.006461	0.000000	0.002655	0.001677	0.003372	0.009394	0.012933	0.011595	0.011595	0.011595	0.015754	0.014231	0.014231	0.016854	0.016854	0.014200	0.016907	0.016907	0.019542	0.026102	0.026102	0.018256	0.018256	0.026077	0.026077	0.018151	0.018744	0.018172	0.018172	0.018253	0.024874	0.027388	0.027388	0.015548	0.018128	0.018128	0.006581	0.006427	0.007598	0.003845	0.015538	0.004622	0.012127	0.012901	0.012919	0.039651	0.009032	0.016821	0.019453	0.000000	0.002595	0.087067	0.084840	0.080400	0.000000	0.032665	0.047354	0.039049
Santos_B13.20160225	Santos Primer B13	20160225	38.7348396	-9.1863262	Portugal	0.054251	0.062855	0.046953	0.082451	0.044786	0.022997	0.037867	0.033177	0.033051	0.031826	0.029244	0.030584	0.029277	0.031844	0.030593	0.029288	0.029263	0.029232	0.030522	0.034211	0.033040	0.028235	0.026805	0.025487	0.040742	0.040742	0.032895	0.032895	0.040749	0.036850	0.040645	0.040893	0.035330	0.038537	0.025635	0.030789	0.032096	0.034346	0.024304	0.026173	0.033560	0.055612	0.051124	0.048744	0.045988	0.045988	0.045988	0.030659	0.044754	0.044754	0.046112	0.046112	0.042031	0.047620	0.047620	0.048920	0.054016	0.054016	0.047675	0.047675	0.050055	0.050055	0.052706	0.043913	0.048754	0.048754	0.046207	0.044920	0.044620	0.044620	0.039543	0.048687	0.048687	0.032375	0.040837	0.029767	0.038171	0.050126	0.030231	0.037192	0.044644	0.039459	0.074783	0.035631	0.042085	0.040697	0.030856	0.034786	0.105301	0.089045	0.084351	0.032665	0.000000	0.047270	0.052089
Santos_B24.20160225	Santos Primer B24	20160225	38.7348396	-9.1863262	Portugal	0.071678	0.104796	0.071984	0.111198	0.055431	0.036286	0.075988	0.045727	0.045587	0.043620	0.037909	0.037875	0.037945	0.039866	0.039925	0.037965	0.037882	0.039867	0.041702	0.041490	0.043571	0.040293	0.040094	0.040148	0.053298	0.053298	0.045379	0.045379	0.055235	0.049454	0.054196	0.057464	0.046464	0.051646	0.038231	0.038104	0.040365	0.047586	0.038477	0.037765	0.059102	0.104474	0.090527	0.071449	0.065097	0.065097	0.065097	0.057443	0.057452	0.057452	0.057460	0.057460	0.059296	0.053582	0.053582	0.057555	0.059080	0.059080	0.055616	0.055616	0.063501	0.063501	0.061331	0.063279	0.055328	0.055328	0.059223	0.055435	0.061345	0.061345	0.051550	0.053386	0.053386	0.044405	0.053388	0.053395	0.051370	0.059271	0.051364	0.061315	0.055219	0.051282	0.065082	0.049497	0.069386	0.057153	0.050308	0.046406	0.115394	0.115394	0.115394	0.047354	0.047270	0.000000	0.056949
Santos_B21.20160225	Santos Primer B21	20160225	38.7348396	-9.1863262	Portugal	0.072595	0.107137	0.060844	0.094773	0.048993	0.035035	0.065121	0.039466	0.039280	0.037776	0.034575	0.037868	0.034649	0.037830	0.036287	0.033079	0.037775	0.036121	0.037852	0.044064	0.039263	0.038403	0.033203	0.033389	0.047305	0.047305	0.047249	0.047249	0.050580	0.047379	0.056523	0.055707	0.048199	0.039676	0.035174	0.038208	0.039870	0.044234	0.036659	0.034351	0.054319	0.142258	0.114067	0.055530	0.052090	0.052090	0.052090	0.041100	0.050647	0.050647	0.045790	0.045790	0.044057	0.057476	0.057476	0.055772	0.055457	0.055457	0.055780	0.055780	0.057314	0.057314	0.057227	0.058841	0.060633	0.060633	0.049191	0.055801	0.065595	0.065595	0.045783	0.047310	0.047310	0.041751	0.050716	0.052323	0.047371	0.052219	0.045771	0.052226	0.048968	0.048900	0.057104	0.044221	0.065587	0.052172	0.049978	0.043250	0.134579	0.105440	0.107285	0.039049	0.052089	0.056949	0.000000
