Run ID	Country	Date	Lat Lon
SRR2107212	Argentina	12-Apr-13	34.82 S 58.17 W
ERR414233	Denmark	2008/2010	
ERR321297	Denmark	2008-2010	
ERR481039	Germany	2011/2013	
ERR209769	Spain	2008-2010	
ERR209593	Spain	2008-2010	
ERR210122	Denmark	2008-2010	
SRR1624844	USA	2012-04-11	38.984652 N 77.094709 W
SRR2565535	Canada	2009-11-20	45.50 N 73.63 W
SRR2183684	USA	04-25-2014	
ERR479247	France	2004/2006	
ERR748397	Germany	2011/2014	
ERR209616	Spain	2008-2010	
ERR480844	France	2004/2006	
SRR3501855	Singapore	2015-06-26	1.33 N 103.75 E
SRR3183613	USA	2014-01-16	38.984652 N 77.094709 W
ERR528734	China	2011	
ERR318676	USA	01/05/2006	
SRR2297849	Finland	2004-08-31	
ERR1190914	China	2014	
ERR748270	Germany	2011/2014	
ERR589509	China	2012	
ERR1018188	China	2012	
ERR414320	Denmark	2008/2010	
ERR1190693	China	2014	
ERR414342	Denmark	2008/2010	
SRR2566030	Canada	2010-02-22	45.50 N 73.63 W
SRR2043631	Hong_Kong	Apr-2014	22.15 N 114.10 E
ERR479385	France	2004/2006	
ERR479414	France	2004/2006	
ERR209563	Spain	2008-2010	
ERR748162	Germany	2011/2014	
ERR480590	France	2004/2006	
ERR209567	Spain	2008-2010	
ERR528322	China	2011	
ERR748386	Germany	2011/2014	
ERR479503	Germany	2011/2013	
ERR589585	China	2012	
SRR4481704	USA	2014-06-03	39.288462639338995 N 76.62594594061375 W
ERR480742	France	2004/2006	
ERR1018301	China	2012	
ERR209948	Denmark	2008-2010	
ERR209079	Denmark	2008-2010	
ERR209724	Spain	2008-2010	
ERR480916	Germany	2011/2013	
ERR1190609	China	2014	
ERR480592	France	2004/2006	
ERR480684	France	2004/2006	
ERR748297	Germany	2011/2014	
ERR748110	Germany	2011/2014	
ERR481023	Germany	2011/2013	
ERR479553	Germany	2011/2013	
ERR748425	Germany	2011/2014	
ERR1018206	China	2012	
ERR210373	Denmark	2008-2010	
ERR414766	Spain	2008/2010	
SRR3993050	China	Oct-2010	43.95 N 116.30 E
ERR748355	Germany	2011/2014	
ERR209108	Denmark	2008-2010	
SRR2183680	USA	05-28-2014	
ERR480692	France	2004/2006	
SRR2566062	Canada	2010-04-16	45.50 N 73.63 W
ERR527156	China	2011	
ERR209304	Denmark	2008-2010	
ERR321603	Denmark	2008-2010	
SRR3191666	USA	2014-02-27	38.984652 N 77.094709 W
ERR414325	Denmark	2008/2010	
ERR321115	Denmark	2008-2010	
SRR2566018	Canada	2010-02-05	45.50 N 73.63 W
ERR414351	Denmark	2008/2010	
ERR209855	Spain	2008-2010	
ERR748434	Germany	2011/2014	
ERR1578626	China	2013	
ERR210681	Spain	2008-2010	
ERR488521	USA	6/4/2009	
SRR3100151	Israel	2013-03-21	30.942444 N 35.367059 E
ERR481017	Germany	2011/2013	
ERR1018203	China	2012	
ERR321311	Denmark	2008-2010	
SRR2566057	Canada	2010-03-27	45.50 N 73.63 W
ERR210180	Denmark	2008-2010	
ERR478973	France	2004/2006	
ERR478971	France	2004/2006	
ERR414646	Spain	2008/2010	
ERR527189	China	2011	
ERR589770	China	2012	
SRR3501858	Singapore	2015-07-16	1.33 N 103.75 E
ERR321249	Denmark	2008-2010	
ERR589532	China	2012	
ERR527108	China	2011	
SRR2565836	Canada	2010-09-08	45.50 N 73.63 W
ERR210361	Denmark	2008-2010	
ERR589823	China	2012	
ERR480714	France	2004/2006	
ERR480719	France	2004/2006	
ERR1190623	China	2014	
SRR2940966	USA	2011-08-23	Not applicable
ERR1190650	China	2014	
ERR748380	Germany	2011/2014	
ERR527112	China	2011	
ERR589853	China	2012	
SRR1535312	China	2011	22.55 N 113.24 E
ERR1190687	China	2014	
ERR209293	Denmark	2008-2010	
SRR1624851	USA	2012-04-11	38.984652 N 77.094709 W
ERR210707	Spain	2008-2010	
ERR480710	France	2004/2006	
SRR4074264	Italy	2013	
ERR210267	Denmark	2008-2010	
SRR2043636	Hong_Kong	Apr-2014	22.15 N 114.10 E
ERR321553	Denmark	2008-2010	
ERR748155	Germany	2011/2014	
ERR480938	Germany	2011/2013	
ERR1190545	China	2014	
ERR589834	China	2012	
ERR480956	Germany	2011/2013	
ERR1578704	China	2013	
SRR2938481	El Salvador	14-Jan-2014	
ERR1578628	China	2013	
ERR748384	Germany	2011/2014	
SRR2298557	Finland	2000-04-12	
ERR209366	Denmark	2008-2010	
SRR2938426	El Salvador	07-Jan-2013	
ERR748443	Germany	2011/2014	
ERR321262	Denmark	2008-2010	
SRR2565949	Canada	2011-02-16	45.50 N 73.63 W
SRR2183670	USA	04-20-2014	
ERR748439	Germany	2011/2014	
ERR527081	China	2011	
SRR2938613	Peru	15-Jan-2013	
ERR210116	Denmark	2008-2010	
SRR4032582	USA	2013	29.77152983140313 N 95.22124444140628 W
ERR209904	Spain	2008-2010	
ERR748440	Germany	2011/2014	
ERR479155	France	2004/2006	
ERR480852	France	2004/2006	
ERR321248	Denmark	2008-2010	
ERR321590	Denmark	2008-2010	
ERR414529	Denmark	2008/2010	
ERR589443	China	2012	
ERR1190578	China	2014	
ERR414664	Spain	2008/2010	
SRR4074263	Italy	2013	
ERR1190588	China	2014	
ERR321278	Denmark	2008-2010	
ERR589806	China	2012	
ERR480862	France	2004/2006	
ERR527046	China	2011	
ERR480864	France	2004/2006	
ERR210010	Denmark	2008-2010	
ERR209419	Denmark	2008-2010	
ERR1018201	China	2012	
SRR961841	USA	2001	47.66142, -122.26837
ERR479596	Germany	2011/2013	
ERR480667	France	2004/2006	
SRR4444847	USA	2014-06-03	39.288462639338995 N 76.62594594061375 W
ERR1190536	China	2014	
ERR321164	Denmark	2008-2010	
ERR481077	Germany	2011/2013	
ERR1578685	China	2013	
ERR321301	Denmark	2008-2010	
ERR321208	Denmark	2008-2010	
ERR479311	France	2004/2006	
ERR210244	Denmark	2008-2010	
SRR2940942	USA	2012-08-23	Not applicable
ERR479444	Germany	2011/2013	
ERR480516	France	2004/2006	
ERR480608	France	2004/2006	
ERR209420	Denmark	2008-2010	
ERR209336	Denmark	2008-2010	
ERR414315	Denmark	2008/2010	
ERR748452	Germany	2011/2014	
ERR748483	Germany	2011/2014	
ERR209428	Denmark	2008-2010	
ERR414665	Spain	2008/2010	
ERR479389	France	2004/2006	
ERR748208	Germany	2011/2014	
SRR3737026	USA	2012-10-05	40.829 N 96.667 W
ERR479556	Germany	2011/2013	
SRR1535303	China	2011	22.55 N 113.24 E
ERR209176	Denmark	2008-2010	
SRR545726	Canada	2004	53.520710 -113.524239
SRR1624824	USA	2012-04-11	38.984652 N 77.094709 W
ERR480913	France	2004/2006	
ERR210108	Denmark	2008-2010	
SRR3067150	USA	29-Nov-2013	not collected
ERR479156	France	2004/2006	
ERR526011	Denmark	2008/2010	
SRR2566034	Canada	2010-02-24	45.50 N 73.63 W
ERR1190742	China	2014	
ERR748150	Germany	2011/2014	
SRR1427728	Luxembourg	2010-10-04	49.5134139 N 0.006.0179250 E
ERR748178	Germany	2011/2014	
ERR318704	USA	01/05/2006	
SRR3992964	China	Oct-2010	43.95 N 116.21 E
SRR2940974	USA	2013-01-14	Not applicable
ERR748163	Germany	2011/2014	
ERR527106	China	2011	
ERR479230	France	2004/2006	
ERR1190665	China	2014	
SRR4236664	USA	2014-12-10	41.5300 N 90.4300 W
ERR480566	France	2004/2006	
ERR480612	France	2004/2006	
ERR748464	Germany	2011/2014	
ERR209150	Denmark	2008-2010	
ERR210117	Denmark	2008-2010	
SRR4236649	USA	2014-11-24	39.8400 N 89.0000 W
ERR414256	Denmark	2008/2010	
ERR478968	France	2004/2006	
ERR210345	Denmark	2008-2010	
ERR210465	Spain	2008-2010	
ERR321434	Denmark	2008-2010	
SRR3182130	USA	2014-01-24	38.984652 N 77.094709 W
ERR480748	France	2004/2006	
ERR479305	France	2004/2006	
SRR1616987	Germany	15-Nov-2012	48 N 8 E
ERR527056	China	2011	
ERR479191	France	2004/2006	
SRR2566052	Canada	2010-03-15	45.50 N 73.63 W
ERR480766	France	2004/2006	
ERR321318	Denmark	2008-2010	
ERR321321	Denmark	2008-2010	
ERR1190645	China	2014	
ERR414388	Spain	2008/2010	
ERR209495	Denmark	2008-2010	
ERR479498	Germany	2011/2013	
SRR1145888	China	2013-1-7	31.3N 121.5E
ERR209690	Spain	2008-2010	
ERR209511	Denmark	2008-2010	
ERR321630	Denmark	2008-2010	
ERR479227	France	2004/2006	
ERR414519	Denmark	2008/2010	
SRR3313074	Luxembourg	2012-09-20	49.5 N 6.2 E
SRR3182133	USA	2014-01-24	38.984652 N 77.094709 W
SRR2298544	Finland	1999-06-09	
SRR2097329	Spain	25-Nov-2014	42.025312 N 2.831897 E
SRR3182006	USA	2013-12-18	38.984652 N 77.094709 W
SRR2938311	Peru	21-May-2012	
ERR210312	Denmark	2008-2010	
ERR480988	Germany	2011/2013	
SRR3313069	Luxembourg	2012-09-20	49.5 N 6.2 E
ERR209979	Denmark	2008-2010	
ERR321085	Denmark	2008-2010	
SRR2566033	Canada	2010-03-01	45.50 N 73.63 W
SRR4032583	USA	2013	29.77152983140312 N 95.22124444140627 W
ERR209185	Denmark	2008-2010	
SRR545724	Canada	2004	53.520710 -113.524239
ERR321199	Denmark	2008-2010	
SRR2583972	Canada	2010-07-15	45.50 N 73.63 W
ERR210152	Denmark	2008-2010	
ERR589820	China	2012	
ERR318690	USA	01/05/2006	
SRR2565986	Canada	2010-01-07	45.50 N 73.63 W
SRR3184339	USA	2014-01-28	38.984652 N 77.094709 W
SRR2857686	USA	2011	42.3601 N 71.0589 W
ERR414778	Spain	2008/2010	
ERR414657	Spain	2008/2010	
SRR3184936	USA	2014-04-14	38.984652 N 77.094709 W
ERR748477	Germany	2011/2014	
SRR4032563	USA	2013	29.77152983140312 N 95.22124444140627 W
ERR525819	Denmark	2008/2010	
ERR527071	China	2011	
ERR525891	Denmark	2008/2010	
ERR209613	Spain	2008-2010	
ERR748107	Germany	2011/2014	
SRR2566028	Canada	2010-02-22	45.50 N 73.63 W
SRR4074296	Italy	2013	
ERR321198	Denmark	2008-2010	
ERR209568	Spain	2008-2010	
SRR3182140	USA	2014-01-24	38.984652 N 77.094709 W
ERR1018282	China	2012	
SRR789046	United Kingdom	07-Sep-2010	50.9047 N 3.5233 W
SRR3182005	USA	2013-12-18	38.984652 N 77.094709 W
SRR3993002	Mongolia	Jun-2013	47.19 N 110.39 E
ERR210411	Spain	2008-2010	
ERR209602	Spain	2008-2010	
ERR209562	Spain	2008-2010	
ERR210336	Denmark	2008-2010	
SRR3313047	Luxembourg	2012-08-30	49.5 N 6.2 E
ERR480929	Germany	2011/2013	
ERR480472	France	2004/2006	
ERR209487	Denmark	2008-2010	
ERR480638	France	2004/2006	
ERR479339	France	2004/2006	
ERR321086	Denmark	2008-2010	
ERR209273	Denmark	2008-2010	
ERR260493	Germany	2011	
ERR210143	Denmark	2008-2010	
SRR3182141	USA	2014-01-24	38.984652 N 77.094709 W
ERR414269	Denmark	2008/2010	
ERR209374	Denmark	2008-2010	
ERR748458	Germany	2011/2014	
ERR210121	Denmark	2008-2010	
SRR2183688	USA	06-09-2014	
SRR2583985	Canada	2010-07-21	45.50 N 73.63 W
ERR321601	Denmark	2008-2010	
ERR414536	Denmark	2008/2010	
ERR525944	Denmark	2008/2010	
ERR479007	France	2004/2006	
ERR209322	Denmark	2008-2010	
ERR210367	Denmark	2008-2010	
ERR209479	Denmark	2008-2010	
ERR480996	Germany	2011/2013	
ERR1578620	China	2013	
ERR479032	France	2004/2006	
ERR414497	Spain	2008/2010	
ERR414786	Spain	2008/2010	
SRR1621000	USA	2011-09-30	38.984652 N 77.094709 W
ERR479326	France	2004/2006	
ERR1018255	China	2012	
ERR488476	USA	5/7/2009	
ERR525863	Denmark	2008/2010	
SRR2940965	USA	2011-08-23	Not applicable
ERR318680	USA	01/05/2006	
ERR414521	Denmark	2008/2010	
ERR1190555	China	2014	
ERR321132	Denmark	2008-2010	
ERR480915	Germany	2011/2013	
ERR321258	Denmark	2008-2010	
SRR2297847	Finland	2004-03-29	
ERR209109	Denmark	2008-2010	
ERR589858	China	2012	
ERR479462	Germany	2011/2013	
SRR3993053	China	Oct-2010	43.95 N 116.33 E
SRR1237780	Germany	07.03.2013	48_8
ERR1190758	China	2014	
ERR527017	China	2011	
SRR3993055	China	Oct-2010	43.95 N 116.34 E
ERR210046	Denmark	2008-2010	
ERR479520	Germany	2011/2013	
ERR479163	France	2004/2006	
ERR209903	Spain	2008-2010	
ERR209267	Denmark	2008-2010	
SRR3993052	China	Oct-2010	43.95 N 116.32 E
ERR1190532	China	2014	
ERR480827	France	2004/2006	
ERR1190624	China	2014	
ERR209599	Spain	2008-2010	
ERR414324	Denmark	2008/2010	
ERR209825	Spain	2008-2010	
ERR210539	Spain	2008-2010	
ERR748365	Germany	2011/2014	
ERR525967	Denmark	2008/2010	
ERR209372	Denmark	2008-2010	
ERR479474	Germany	2011/2013	
ERR480872	France	2004/2006	
SRR2565542	Canada	2010-04-28	45.50 N 73.63 W
SRR1702231	India	13-Aug-2013	21.15 N 79.09 E
ERR589814	China	2012	
ERR479527	Germany	2011/2013	
ERR481034	Germany	2011/2013	
ERR209631	Spain	2008-2010	
SRR2938332	Peru	15-Jan-2013	
ERR748166	Germany	2011/2014	
SRR2297850	Finland	2004-08-06	
ERR209244	Denmark	2008-2010	
SRR2308827	China	2012-12	34.64 N 119.17 E
ERR748438	Germany	2011/2014	
ERR209437	Denmark	2008-2010	
SRR3992987	Mongolia	Jun-2013	47.55 N 106.82 E
SRR1535329	China	2012	22.55 N 113.24 E
ERR209538	Spain	2008-2010	
ERR209981	Denmark	2008-2010	
SRR1931173	Italy	Apr-2013	44.4950537 N 11.3427401 E
ERR1578622	China	2013	
ERR210623	Spain	2008-2010	
ERR209520	Denmark	2008-2010	
ERR321593	Denmark	2008-2010	
ERR479356	France	2004/2006	
SRR1624850	USA	2012-04-11	38.984652 N 77.094709 W
ERR748388	Germany	2011/2014	
ERR1190809	China	2014	
ERR480568	France	2004/2006	
SRR2183711	USA	07-25-2014	
ERR748106	Germany	2011/2014	
ERR748204	Germany	2011/2014	
ERR321508	Denmark	2008-2010	
ERR321232	Denmark	2008-2010	
SRR2583979	Canada	2010-01-29	45.50 N 73.63 W
SRR2565988	Canada	2010-01-13	45.50 N 73.63 W
ERR525801	Denmark	2008/2010	
ERR589786	China	2012	
ERR210509	Spain	2008-2010	
SRR2940941	USA	2012-08-23	Not applicable
ERR1190615	China	2014	
ERR414414	Spain	2008/2010	
SRR4236669	Japan	2015-05-15	36.2900 N 139.3800 E
ERR748433	Germany	2011/2014	
ERR748455	Germany	2011/2014	
SRR1920163	Croatia	2014	
ERR479167	France	2004/2006	
ERR210154	Denmark	2008-2010	
ERR209389	Denmark	2008-2010	
ERR321465	Denmark	2008-2010	
ERR1190859	China	2014	
SRR1106873	China	2012.11-2.13.5	32056.10""-11336'35.96
SRR4032514	USA	2013	29.77152983140313 N 95.22124444140628 W
ERR209326	Denmark	2008-2010	
ERR453545	Germany	2010-08	
SRR3182042	USA	2014-01-24	38.984652 N 77.094709 W
ERR481086	Germany	2011/2013	
ERR209324	Denmark	2008-2010	
SRR961848	USA	2001	47.66142, -122.26837
ERR209367	Denmark	2008-2010	
SRR3536850	USA	2014-05-01	31.5343 N 89.10706 W
ERR480548	France	2004/2006	
ERR414554	Denmark	2008/2010	
ERR414287	Denmark	2008/2010	
ERR525928	Denmark	2008/2010	
ERR479593	Germany	2011/2013	
ERR210322	Denmark	2008-2010	
SRR2566035	Canada	2010-03-01	45.50 N 73.63 W
ERR481010	Germany	2011/2013	
ERR525764	Denmark	2008/2010	
ERR479223	France	2004/2006	
ERR414505	Spain	2008/2010	
SRR4032471	USA	2013	29.77152983140312 N 95.22124444140627 W
ERR209714	Spain	2008-2010	
ERR209592	Spain	2008-2010	
ERR479224	France	2004/2006	
ERR209792	Spain	2008-2010	
ERR321458	Denmark	2008-2010	
SRR1616988	Germany	03-Apr-2013	48 N 8 E
SRR1144841	China	2013-1-7	31.3N 121.5E
SRR2938606	Peru	21-Aug-2012	
ERR408149	Spain	2012-10-03	
ERR321623	Denmark	2008-2010	
ERR1190931	China	2014	
SRR1624846	USA	2012-04-11	38.984652 N 77.094709 W
ERR1018292	China	2012	
ERR321344	Denmark	2008-2010	
ERR414605	Denmark	2008/2010	
ERR589787	China	2012	
ERR209632	Spain	2008-2010	
ERR321574	Denmark	2008-2010	
ERR480910	France	2004/2006	
ERR479006	France	2004/2006	
ERR479349	France	2004/2006	
ERR1190929	China	2014	
ERR480709	France	2004/2006	
ERR479475	Germany	2011/2013	
ERR1190753	China	2014	
ERR480660	France	2004/2006	
ERR527047	China	2011	
ERR210648	Spain	2008-2010	
ERR527052	China	2011	
ERR1190876	China	2014	
SRR2938115	Peru	26-Jul-2012	
ERR481037	Germany	2011/2013	
ERR321327	Denmark	2008-2010	
ERR321530	Denmark	2008-2010	
ERR527041	China	2011	
ERR1018244	China	2012	
ERR210376	Denmark	2008-2010	
ERR209258	Denmark	2008-2010	
ERR321270	Denmark	2008-2010	
SRR1719985	Luxembourg	11-Jan-2013	
ERR480830	France	2004/2006	
ERR210485	Spain	2008-2010	
ERR479550	Germany	2011/2013	
SRR4423662	USA	2014-06-05	39.288462639338995 N 76.62594594061375 W
ERR1578695	China	2013	
SRR3992985	Mongolia	Jun-2013	47.55 N 106.80 E
ERR209425	Denmark	2008-2010	
SRR4236660	USA	2014-12-22	41.8400 N 87.6800 W
SRR2938609	Peru	15-Jan-2013	
ERR209376	Denmark	2008-2010	
ERR210363	Denmark	2008-2010	
ERR414741	Spain	2008/2010	
ERR321296	Denmark	2008-2010	
SRR4423581	USA	2014-06-03	39.288462639338995 N 76.62594594061375 W
ERR1190654	China	2014	
ERR210107	Denmark	2008-2010	
ERR527130	China	2011	
SRR2183705	USA	07-09-2014	
SRR4074356	Italy	2013	
SRR3100150	Israel	2013-03-21	30.942444 N 35.367059 E
ERR210499	Spain	2008-2010	
SRR2043630	Hong_Kong	Apr-2014	22.15 N 114.10 E
ERR414537	Denmark	2008/2010	
SRR2183694	USA	06-18-2014	
ERR209255	Denmark	2008-2010	
ERR479492	Germany	2011/2013	
ERR321544	Denmark	2008-2010	
ERR1190537	China	2014	
ERR321304	Denmark	2008-2010	
SRR4032584	USA	2013	29.77152983140313 N 95.22124444140628 W
ERR414787	Spain	2008/2010	
ERR209510	Denmark	2008-2010	
ERR748269	Germany	2011/2014	
ERR209430	Denmark	2008-2010	
ERR589753	China	2012	
ERR210172	Denmark	2008-2010	
ERR209628	Spain	2008-2010	
SRR2155330	Germany	May-2011	not applicable
ERR210141	Denmark	2008-2010	
ERR210307	Denmark	2008-2010	
SRR4032508	USA	2013	29.77152983140312 N 95.22124444140627 W
ERR209194	Denmark	2008-2010	
ERR528331	China	2011	
ERR1018277	China	2012	
SRR3313061	Luxembourg	2012-08-17	49.5 N 6.2 E
ERR1190598	China	2014	
SRR2565987	Canada	2010-01-11	45.50 N 73.63 W
ERR748484	Germany	2011/2014	
ERR321614	Denmark	2008-2010	
SRR2297855	Finland	2005-05-29	
SRR2938229	Peru	15-Jan-2012	
ERR748289	Germany	2011/2014	
ERR210675	Spain	2008-2010	
ERR748432	Germany	2011/2014	
ERR321240	Denmark	2008-2010	
ERR748385	Germany	2011/2014	
ERR321305	Denmark	2008-2010	
ERR479592	Germany	2011/2013	
ERR589824	China	2012	
ERR414747	Spain	2008/2010	
ERR479196	France	2004/2006	
SRR2082446	Canada	2013	53.520710 N 113.524239 W
ERR479192	France	2004/2006	
SRR2183690	USA	06-12-2014	
SRR3183619	USA	2014-01-16	38.984652 N 77.094709 W
ERR210047	Denmark	2008-2010	
ERR1018210	China	2012	
ERR321436	Denmark	2008-2010	
ERR748430	Germany	2011/2014	
ERR210299	Denmark	2008-2010	
ERR321597	Denmark	2008-2010	
SRR2155377	Germany	May-2010	not applicable
SRR3313076	Luxembourg	2012-09-20	49.5 N 6.2 E
SRR3313045	Luxembourg	2012-10-18	49.5 N 6.2 E
ERR480668	France	2004/2006	
SRR2183713	USA	07-23-2014	
SRR4435736	USA	2014-06-30	39.288462639338995 N 76.62594594061375 W
ERR479248	France	2004/2006	
ERR480523	France	2004/2006	
ERR479502	Germany	2011/2013	
ERR748461	Germany	2011/2014	
SRR2043633	Hong_Kong	Apr-2014	22.15 N 114.10 E
SRR1554402	Canada	Oct-2010	missing
ERR209642	Spain	2008-2010	
ERR527025	China	2011	
ERR748197	Germany	2011/2014	
SRR2005663	Italy	17-Dec-2013	46.0667 N 11.1167 E
ERR589782	China	2012	
ERR210164	Denmark	2008-2010	
ERR321509	Denmark	2008-2010	
ERR480799	France	2004/2006	
ERR480817	France	2004/2006	
SRR2566015	Canada	2010-02-04	45.50 N 73.63 W
ERR1190976	China	2014	
SRR3993036	China	Oct-2010	43.95 N 116.17 E
SRR2565547	Canada	2010-05-17	45.50 N 73.63 W
ERR321538	Denmark	2008-2010	
ERR209415	Denmark	2008-2010	
ERR210482	Spain	2008-2010	
ERR210156	Denmark	2008-2010	
SRR1750104	USA	30-Jun-2014	40.67 N 73.99 W
ERR479309	France	2004/2006	
ERR210533	Spain	2008-2010	
ERR1018196	China	2012	
ERR321498	Denmark	2008-2010	
SRR1631545	USA	2013-02-14	38.984652 N 77.094709 W
ERR321525	Denmark	2008-2010	
ERR748453	Germany	2011/2014	
ERR321484	Denmark	2008-2010	
SRR3536848	USA	2014-04-09	31.1705 N 90.3748 W
ERR209225	Denmark	2008-2010	
SRR3184338	USA	2014-01-28	38.984652 N 77.094709 W
ERR480971	Germany	2011/2013	
ERR527009	China	2011	
ERR209062	Denmark	2008-2010	
ERR748318	Germany	2011/2014	
SRR2565544	Canada	2010-05-11	45.50 N 73.63 W
ERR420364	Pacific Ocean	2011/2012	
ERR414685	Spain	2008/2010	
SRR2565925	Canada	2010-11-18	45.50 N 73.63 W
ERR209271	Denmark	2008-2010	
ERR527024	China	2011	
ERR480596	France	2004/2006	
ERR527143	China	2011	
ERR414745	Spain	2008/2010	
ERR748476	Germany	2011/2014	
ERR1190689	China	2014	
SRR2939040	Canada	Aug-2009	45.4619517 N 75.5908728 W
ERR480851	France	2004/2006	
ERR480779	France	2004/2006	
SRR3992984	Mongolia	Jun-2013	47.55 N 106.79 E
ERR479495	Germany	2011/2013	
SRR1237781	Germany	07.03.2013	48_8
ERR1190968	China	2014	
ERR480798	France	2004/2006	
ERR1190823	China	2014	
ERR479234	France	2004/2006	
ERR321440	Denmark	2008-2010	
ERR321618	Denmark	2008-2010	
ERR210493	Spain	2008-2010	
SRR2566070	Canada	2010-04-26	45.50 N 73.63 W
ERR479169	France	2004/2006	
ERR414678	Spain	2008/2010	
SRR3501849	Singapore	2015-05-29	1.33 N 103.75 E
ERR209591	Spain	2008-2010	
ERR321494	Denmark	2008-2010	
ERR209854	Spain	2008-2010	
ERR210139	Denmark	2008-2010	
ERR748466	Germany	2011/2014	
SRR1761696	USA	2013	35.21 N 97.43 W
ERR479162	France	2004/2006	
SRR3993015	Mongolia	Oct-2010	47.30 N 106.15 E
ERR479538	Germany	2011/2013	
SRR4481730	USA	2014-06-06	39.288462639338995 N 76.62594594061375 W
SRR4435761	USA	2014-06-01	39.288462639338995 N 76.62594594061375 W
ERR209110	Denmark	2008-2010	
ERR1190605	China	2014	
ERR479570	Germany	2011/2013	
SRR2155308	Germany	Nov-2010	not applicable
SRR3993054	Mongolia	Jun-2013	47.55 N 106.62 E
SRR2155390	Germany	May-2010	not applicable
SRR1621003	USA	2011-09-30	38.984652 N 77.094709 W
ERR505106	Australia	2012	
SRR2566051	Canada	2010-03-11	45.50 N 73.63 W
ERR321294	Denmark	2008-2010	
ERR210045	Denmark	2008-2010	
SRR2565950	Canada	2009-11-09	45.50 N 73.63 W
SRR4481765	USA	2014-06-07	39.288462639338995 N 76.62594594061375 W
ERR479564	Germany	2011/2013	
ERR209545	Spain	2008-2010	
ERR526035	Denmark	2008/2010	
ERR527092	China	2011	
ERR748442	Germany	2011/2014	
SRR3917563	USA	2013-05-03	40.829 N 96.667 W
ERR414708	Spain	2008/2010	
ERR589548	China	2012	
ERR209261	Denmark	2008-2010	
ERR209329	Denmark	2008-2010	
ERR532389	China	2011	
ERR414711	Spain	2008/2010	
ERR481067	Germany	2011/2013	
ERR210089	Denmark	2008-2010	
ERR748460	Germany	2011/2014	
SRR1930253	Italy	Apr-2013	44.4950537 N 11.3427401 E
ERR748072	Germany	2011/2014	
ERR528740	China	2011	
ERR480551	France	2004/2006	
SRR2043624	Hong_Kong	Apr-2014	22.15 N 114.10 E
ERR210271	Denmark	2008-2010	
ERR504978	China	2008/2010	
ERR321415	Denmark	2008-2010	
ERR527209	China	2011	
ERR528728	China	2011	
SRR2190826	China	2014-03-01	32.12 N 118.95 E
ERR480911	France	2004/2006	
ERR209896	Spain	2008-2010	
SRR1544596	Luxembourg	12-Oct-2011	49.5135 N 6.01799 E
ERR1578694	China	2013	
ERR748470	Germany	2011/2014	
ERR589821	China	2012	
ERR414271	Denmark	2008/2010	
ERR209295	Denmark	2008-2010	
ERR748418	Germany	2011/2014	
ERR479577	Germany	2011/2013	
ERR210645	Spain	2008-2010	
ERR479381	France	2004/2006	
ERR527073	China	2011	
ERR479333	France	2004/2006	
ERR479045	France	2004/2006	
ERR321459	Denmark	2008-2010	
SRR2062049	USA	28-Jun-2013	43.727094 N 72.425964 W
ERR480622	France	2004/2006	
ERR210543	Spain	2008-2010	
ERR479320	France	2004/2006	
ERR209287	Denmark	2008-2010	
ERR480939	Germany	2011/2013	
SRR3182135	USA	2014-01-24	38.984652 N 77.094709 W
SRR2043638	Hong_Kong	Apr-2014	22.15 N 114.10 E
ERR321306	Denmark	2008-2010	
ERR589578	China	2012	
SRR2940955	USA	2011-10-10	Not applicable
ERR479351	France	2004/2006	
ERR321425	Denmark	2008-2010	
ERR480570	France	2004/2006	
ERR210391	Spain	2008-2010	
SRR1750103	USA	30-Jun-2014	40.67 N 73.99 W
ERR321178	Denmark	2008-2010	
SRR1621001	USA	2011-09-30	38.984652 N 77.094709 W
ERR210215	Denmark	2008-2010	
ERR480711	France	2004/2006	
ERR480468	France	2004/2006	
ERR414330	Denmark	2008/2010	
ERR210175	Denmark	2008-2010	
ERR480546	France	2004/2006	
ERR321628	Denmark	2008-2010	
ERR1190861	China	2014	
ERR478969	France	2004/2006	
ERR480885	France	2004/2006	
ERR479526	Germany	2011/2013	
ERR504984	China	2008/2010	
ERR210420	Spain	2008-2010	
SRR2043627	Hong_Kong	Apr-2014	22.15 N 114.10 E
ERR1018285	China	2012	
ERR748047	Germany	2011/2014	
ERR748358	Germany	2011/2014	
ERR528292	China	2011	
ERR210649	Spain	2008-2010	
SRR1168487	Starkville, MS, USA	Dec-2013	33.43047, -88.82785
ERR209264	Denmark	2008-2010	
ERR589822	China	2012	
ERR321246	Denmark	2008-2010	
SRR2566040	Canada	2010-03-02	45.50 N 73.63 W
ERR260484	Germany	2011	
ERR479168	France	2004/2006	
SRR2938328	Peru	15-Jan-2013	
ERR525844	Denmark	2008/2010	
ERR480528	France	2004/2006	
ERR480543	France	2004/2006	
ERR210166	Denmark	2008-2010	
SRR2082449	Canada	2013	53.520710 N 113.524239 W
ERR480917	Germany	2011/2013	
ERR532377	China	2011	
ERR209158	Denmark	2008-2010	
SRR3100152	Israel	2013-03-21	30.871124 N 34.78456 E
ERR414623	Denmark	2008/2010	
ERR209786	Spain	2008-2010	
ERR321565	Denmark	2008-2010	
ERR748379	Germany	2011/2014	
SRR1535349	China	2012	22.55 N 113.24 E
SRR2155368	Germany	Feb-2010	not applicable
ERR414386	Spain	2008/2010	
SRR3100153	Israel	2013-03-21	30.871124 N 34.78456 E
ERR210706	Spain	2008-2010	
ERR505092	Australia	2012	
ERR321191	Denmark	2008-2010	
ERR414302	Denmark	2008/2010	
ERR589801	China	2012	
ERR480552	France	2004/2006	
ERR532385	China	2011	
ERR209335	Denmark	2008-2010	
ERR479533	Germany	2011/2013	
SRR2938329	Peru	15-Jan-2013	
ERR481018	Germany	2011/2013	
SRR3313075	Luxembourg	2012-12-07	49.5 N 6.2 E
ERR480685	France	2004/2006	
ERR748144	Germany	2011/2014	
ERR481045	Germany	2011/2013	
ERR480803	France	2004/2006	
ERR1190618	China	2014	
SRR2565985	Canada	2010-01-11	45.50 N 73.63 W
ERR420363	Pacific Ocean	2011/2012	
SRR2566027	Canada	2010-02-18	45.50 N 73.63 W
ERR210423	Spain	2008-2010	
ERR1018267	China	2012	
ERR479375	France	2004/2006	
ERR318679	USA	01/05/2006	
SRR2566061	Canada	2010-04-15	45.50 N 73.63 W
ERR480691	France	2004/2006	
SRR3313053	Luxembourg	2012-09-06	49.5 N 6.2 E
ERR321309	Denmark	2008-2010	
ERR748190	Germany	2011/2014	
SRR3182100	USA	2014-01-24	38.984652 N 77.094709 W
ERR479529	Germany	2011/2013	
ERR209767	Spain	2008-2010	
ERR481075	Germany	2011/2013	
SRR2155307	Germany	Nov-2010	not applicable
ERR479374	France	2004/2006	
ERR479460	Germany	2011/2013	
SRR1719982	Luxembourg	18-Dec-2013	
ERR1190619	China	2014	
ERR414614	Denmark	2008/2010	
ERR480560	France	2004/2006	
ERR209566	Spain	2008-2010	
SRR2297954	Finland	2005-12-21	
ERR1190952	China	2014	
ERR414230	Denmark	2008/2010	
ERR479211	France	2004/2006	
ERR1190643	China	2014	
ERR526073	Denmark	2008/2010	
ERR209263	Denmark	2008-2010	
ERR748189	Germany	2011/2014	
ERR479251	France	2004/2006	
SRR2938333	Peru	29-Jan-2013	
ERR480778	France	2004/2006	
ERR414625	Denmark	2008/2010	
ERR209455	Denmark	2008-2010	
ERR209471	Denmark	2008-2010	
SRR961849	USA	2001	47.66142, -122.26837
ERR414480	Spain	2008/2010	
ERR321483	Denmark	2008-2010	
ERR321317	Denmark	2008-2010	
SRR3181916	USA	2013-12-18	38.984652 N 77.094709 W
ERR1018194	China	2012	
ERR527048	China	2011	
ERR321439	Denmark	2008-2010	
ERR527180	China	2011	
ERR525770	Denmark	2008/2010	
ERR414306	Denmark	2008/2010	
SRR545928	Canada	2004	53.520710 -113.524239
ERR589750	China	2012	
SRR2298570	Finland	2004-06-03	
SRR2566043	Canada	2010-03-09	45.50 N 73.63 W
SRR2566026	Canada	2009-11-11	45.50 N 73.63 W
ERR210371	Denmark	2008-2010	
ERR1190923	China	2014	
ERR414272	Denmark	2008/2010	
ERR480582	France	2004/2006	
SRR1145916	China	2013-1-7	31.3N 121.5E
ERR748287	Germany	2011/2014	
SRR1631550	USA	2013-02-14	38.984652 N 77.094709 W
ERR479198	France	2004/2006	
ERR480522	France	2004/2006	
ERR1190855	China	2014	
ERR321343	Denmark	2008-2010	
ERR321539	Denmark	2008-2010	
ERR480673	France	2004/2006	
ERR321295	Denmark	2008-2010	
ERR527080	China	2011	
ERR209206	Denmark	2008-2010	
ERR479525	Germany	2011/2013	
ERR481087	Germany	2011/2013	
ERR209373	Denmark	2008-2010	
ERR321414	Denmark	2008-2010	
SRR3536231	USA	2014-04-18	31.1705 N 90.3748 W
ERR210486	Spain	2008-2010	
SRR2155310	Germany	Nov-2010	not applicable
ERR589741	China	2012	
ERR480777	France	2004/2006	
ERR479134	France	2004/2006	
ERR209856	Spain	2008-2010	
ERR1578687	China	2013	
ERR479325	France	2004/2006	
SRR4451615	USA	2014-06-30	39.288462639338995 N 76.62594594061375 W
ERR748320	Germany	2011/2014	
ERR480659	France	2004/2006	
ERR748096	Germany	2011/2014	
SRR2298542	Finland	1999-10-05	
ERR210519	Spain	2008-2010	
ERR420342	Pacific Ocean	2011/2012	
SRR2565932	Canada	2010-12-21	45.50 N 73.63 W
SRR1237783	Germany	09.11.2012	48_8
ERR479531	Germany	2011/2013	
ERR748132	Germany	2011/2014	
SRR2155315	Germany	Nov-2010	not applicable
SRR2155358	Germany	Feb-2010	not applicable
ERR748495	Germany	2011/2014	
ERR479127	France	2004/2006	
ERR414550	Denmark	2008/2010	
ERR321511	Denmark	2008-2010	
SRR2583975	Canada	2011-05-06	45.50 N 73.63 W
ERR1190683	China	2014	
ERR210242	Denmark	2008-2010	
ERR481066	Germany	2011/2013	
ERR210028	Denmark	2008-2010	
ERR1190709	China	2014	
ERR748366	Germany	2011/2014	
ERR748105	Germany	2011/2014	
ERR589857	China	2012	
ERR209233	Denmark	2008-2010	
ERR748463	Germany	2011/2014	
ERR414551	Denmark	2008/2010	
SRR2940972	USA	2012-06-29	Not applicable
SRR2297913	Finland	2005-09-28	
ERR480666	France	2004/2006	
ERR210566	Spain	2008-2010	
SRR2938323	Peru	15-Jan-2013	
ERR321591	Denmark	2008-2010	
ERR225951	Germany	28-08-2009	
SRR3191674	USA	2014-04-04	38.984652 N 77.094709 W
ERR321559	Denmark	2008-2010	
ERR480765	France	2004/2006	
ERR209252	Denmark	2008-2010	
ERR209862	Spain	2008-2010	
ERR1578717	China	2013	
ERR481024	Germany	2011/2013	
ERR480881	France	2004/2006	
ERR1190613	China	2014	
ERR748056	Germany	2011/2014	
ERR1578683	China	2013	
ERR748377	Germany	2011/2014	
ERR479554	Germany	2011/2013	
ERR479442	Germany	2011/2013	
ERR480815	France	2004/2006	
ERR1190570	China	2014	
ERR481015	Germany	2011/2013	
ERR321289	Denmark	2008-2010	
ERR589807	China	2012	
ERR748235	Germany	2011/2014	
ERR748075	Germany	2011/2014	
ERR210708	Spain	2008-2010	
ERR528316	China	2011	
ERR210148	Denmark	2008-2010	
SRR2088993	Canada	2013-01-21	49 N 123 W
ERR210532	Spain	2008-2010	
ERR479352	France	2004/2006	
ERR527173	China	2011	
ERR209184	Denmark	2008-2010	
ERR1018195	China	2012	
SRR4032581	USA	2013	29.77152983140312 N 95.22124444140627 W
ERR209177	Denmark	2008-2010	
ERR209450	Denmark	2008-2010	
ERR210531	Spain	2008-2010	
ERR1190862	China	2014	
ERR748203	Germany	2011/2014	
ERR481053	Germany	2011/2013	
ERR748154	Germany	2011/2014	
ERR209499	Denmark	2008-2010	
SRR2298548	Finland	2004-03-02	
ERR589556	China	2012	
ERR209323	Denmark	2008-2010	
ERR210682	Spain	2008-2010	
SRR3992986	Mongolia	Jun-2013	47.55 N 106.81 E
ERR209789	Spain	2008-2010	
ERR1190897	China	2014	
ERR209268	Denmark	2008-2010	
ERR210339	Denmark	2008-2010	
SRR1624847	USA	2012-04-11	38.984652 N 77.094709 W
ERR748147	Germany	2011/2014	
SRR3183614	USA	2014-01-16	38.984652 N 77.094709 W
ERR479541	Germany	2011/2013	
SRR2938617	Peru	15-Jan-2013	
ERR209794	Spain	2008-2010	
ERR480968	Germany	2011/2013	
ERR748481	Germany	2011/2014	
ERR210621	Spain	2008-2010	
ERR527077	China	2011	
ERR210094	Denmark	2008-2010	
ERR414542	Denmark	2008/2010	
ERR414428	Spain	2008/2010	
ERR748478	Germany	2011/2014	
ERR414568	Denmark	2008/2010	
ERR1190602	China	2014	
SRR2298526	Finland	2006-01-17	
ERR480970	Germany	2011/2013	
ERR209195	Denmark	2008-2010	
SRR2297852	Finland	2004-10-12	
ERR321521	Denmark	2008-2010	
SRR1622875	USA	2011-11-08	38.984652 N 77.094709 W
SRR3182143	USA	2014-01-24	38.984652 N 77.094709 W
ERR209155	Denmark	2008-2010	
ERR480628	France	2004/2006	
ERR479221	France	2004/2006	
ERR414746	Spain	2008/2010	
ERR414387	Spain	2008/2010	
ERR480525	France	2004/2006	
ERR479245	France	2004/2006	
ERR748480	Germany	2011/2014	
SRR4435733	USA	2014-06-02	39.288462639338995 N 76.62594594061375 W
ERR748290	Germany	2011/2014	
ERR209421	Denmark	2008-2010	
ERR480780	France	2004/2006	
ERR481074	Germany	2011/2013	
ERR414397	Spain	2008/2010	
ERR1190732	China	2014	
ERR525708	Denmark	2008/2010	
ERR1018220	China	2012	
ERR414767	Spain	2008/2010	
ERR1190604	China	2014	
SRR3182292	USA	2014-01-24	38.984652 N 77.094709 W
SRR4435767	USA	2014-06-09	39.288462639338995 N 76.62594594061375 W
ERR748169	Germany	2011/2014	
ERR210178	Denmark	2008-2010	
ERR479266	France	2004/2006	
ERR479222	France	2004/2006	
ERR481035	Germany	2011/2013	
ERR527148	China	2011	
SRR2565816	Canada	2010-06-18	45.50 N 73.63 W
SRR3182088	USA	2014-01-24	38.984652 N 77.094709 W
ERR414344	Denmark	2008/2010	
ERR748381	Germany	2011/2014	
ERR321633	Denmark	2008-2010	
SRR3313080	Luxembourg	2012-11-08	49.5 N 6.2 E
SRR3191654	USA	2014-02-27	38.984652 N 77.094709 W
ERR478980	France	2004/2006	
ERR525864	Denmark	2008/2010	
ERR321627	Denmark	2008-2010	
ERR527107	China	2011	
SRR2565539	Canada	2010-04-29	45.50 N 73.63 W
SRR1624867	USA	2012-04-11	38.984652 N 77.094709 W
ERR1190684	China	2014	
ERR453546	Germany	2010-08	
ERR321264	Denmark	2008-2010	
ERR480609	France	2004/2006	
ERR527050	China	2011	
SRR2938605	Peru	07-Aug-2012	
ERR414707	Spain	2008/2010	
ERR1018213	China	2012	
ERR480524	France	2004/2006	
SRR2155334	Germany	May-2011	not applicable
ERR527065	China	2011	
SRR3184508	USA	2014-04-04	38.984652 N 77.094709 W
ERR525964	Denmark	2008/2010	
ERR479125	France	2004/2006	
ERR321540	Denmark	2008-2010	
ERR414415	Spain	2008/2010	
SRR3182117	USA	2014-01-24	38.984652 N 77.094709 W
SRR2565558	Canada	2010-06-15	45.50 N 73.63 W
ERR209723	Spain	2008-2010	
SRR2155383	Germany	May-2010	not applicable
ERR210332	Denmark	2008-2010	
ERR1190617	China	2014	
ERR748104	Germany	2011/2014	
ERR479043	France	2004/2006	
ERR525966	Denmark	2008/2010	
SRR3737005	USA	2012-10-18	40.829 N 96.667 W
ERR527053	China	2011	
SRR1106700	China	2012.07-2012.08	32056.10""-1184343.14
ERR589563	China	2012	
SRR3182096	USA	2014-01-24	38.984652 N 77.094709 W
SRR2940954	USA	2011-10-10	Not applicable
ERR748065	Germany	2011/2014	
SRR2082443	Canada	2013	53.520710 N 113.524239 W
ERR321277	Denmark	2008-2010	
ERR748156	Germany	2011/2014	
ERR480891	France	2004/2006	
ERR748391	Germany	2011/2014	
ERR209539	Spain	2008-2010	
SRR1750093	USA	30-Jun-2014	40.68 N 73.98 W
ERR480969	Germany	2011/2013	
SRR3160438	USA	2014-06-16	32.8094 N 96.8365 W
SRR1624866	USA	2012-04-11	38.984652 N 77.094709 W
ERR414261	Denmark	2008/2010	
ERR479132	France	2004/2006	
ERR748152	Germany	2011/2014	
ERR210151	Denmark	2008-2010	
ERR414319	Denmark	2008/2010	
ERR1018256	China	2012	
ERR527109	China	2011	
ERR479189	France	2004/2006	
SRR4435814	USA	2014-06-08	39.288462639338995 N 76.62594594061375 W
SRR3313077	Luxembourg	2012-11-08	49.5 N 6.2 E
ERR414743	Spain	2008/2010	
ERR479164	France	2004/2006	
SRR2043628	Hong_Kong	Apr-2014	22.15 N 114.10 E
SRR2938618	Peru	29-Jan-2013	
ERR321430	Denmark	2008-2010	
ERR479563	Germany	2011/2013	
ERR527036	China	2011	
ERR589511	China	2012	
SRR3993011	Mongolia	Jun-2013	47.30 N 106.15 E
ERR414372	Spain	2008/2010	
ERR479500	Germany	2011/2013	
ERR210375	Denmark	2008-2010	
SRR3184252	USA	2014-01-28	38.984652 N 77.094709 W
ERR209695	Spain	2008-2010	
ERR414281	Denmark	2008/2010	
ERR209830	Spain	2008-2010	
ERR480892	France	2004/2006	
SRR3191665	USA	2014-02-27	38.984652 N 77.094709 W
ERR1190711	China	2014	
SRR3313064	Luxembourg	2012-08-17	49.5 N 6.2 E
ERR210140	Denmark	2008-2010	
ERR479135	France	2004/2006	
ERR748175	Germany	2011/2014	
SRR3992999	Mongolia	Jun-2013	47.55 N 106.57 E
SRR2297845	Finland	2001-07-02	
SRR3737004	USA	2012-09-06	40.829 N 96.667 W
SRR2938428	El Salvador	14-Jan-2014	
ERR414544	Denmark	2008/2010	
ERR209659	Spain	2008-2010	
ERR479195	France	2004/2006	
SRR2565961	Canada	2011-04-15	45.50 N 73.63 W
ERR209895	Spain	2008-2010	
ERR414268	Denmark	2008/2010	
ERR528333	China	2011	
ERR479565	Germany	2011/2013	
SRR3737021	USA	2012-08-24	40.829 N 96.667 W
ERR210618	Spain	2008-2010	
ERR479253	France	2004/2006	
ERR1190785	China	2014	
SRR2183698	USA	06-23-2014	
SRR2601761	Russia	2014	55.45 N 37.37 E
ERR321275	Denmark	2008-2010	
SRR2583967	Canada	2010-01-29	45.50 N 73.63 W
ERR209296	Denmark	2008-2010	
ERR209977	Denmark	2008-2010	
SRR2155338	Germany	May-2011	not applicable
ERR480676	France	2004/2006	
SRR1237782	Germany	09.11.2012	48_8
ERR164445	Spain	2010-06-30	
ERR748168	Germany	2011/2014	
ERR1190884	China	2014	
SRR2938172	El Salvador	07-Jan-2013	
ERR480936	Germany	2011/2013	
ERR480515	France	2004/2006	
SRR3182118	USA	2014-01-24	38.984652 N 77.094709 W
SRR1761738	USA	2013	35.21 N 97.43 W
ERR480769	France	2004/2006	
ERR321556	Denmark	2008-2010	
SRR3182142	USA	2014-01-24	38.984652 N 77.094709 W
SRR3536851	USA	2014-05-01	31.5343 N 89.10706 W
SRR4032485	USA	2013	29.77152983140313 N 95.22124444140628 W
ERR318693	USA	01/05/2006	
ERR321330	Denmark	2008-2010	
ERR209630	Spain	2008-2010	
SRR2062635	USA	01-Jul-2013	43.727094 N 72.425964 W
ERR479194	France	2004/2006	
ERR480539	France	2004/2006	
ERR318678	USA	01/05/2006	
ERR525939	Denmark	2008/2010	
SRR3100149	Israel	2013-03-22	31.843883 N 35.513255 E
ERR480731	France	2004/2006	
ERR479446	Germany	2011/2013	
SRR3182138	USA	2014-01-24	38.984652 N 77.094709 W
ERR1190546	China	2014	
ERR527117	China	2011	
SRR2565540	Canada	2010-04-28	45.50 N 73.63 W
SRR2565536	Canada	2010-04-29	45.50 N 73.63 W
ERR210713	Spain	2008-2010	
ERR1190792	China	2014	
ERR589442	China	2012	
ERR748233	Germany	2011/2014	
ERR480587	France	2004/2006	
ERR209302	Denmark	2008-2010	
ERR414494	Spain	2008/2010	
SRR2938324	Peru	15-Jan-2013	
ERR480931	Germany	2011/2013	
ERR480797	France	2004/2006	
ERR748350	Germany	2011/2014	
ERR479530	Germany	2011/2013	
ERR525843	Denmark	2008/2010	
ERR210165	Denmark	2008-2010	
ERR748437	Germany	2011/2014	
ERR481090	Germany	2011/2013	
ERR525795	Denmark	2008/2010	
ERR321612	Denmark	2008-2010	
ERR479044	France	2004/2006	
SRR546397	Canada	2004	53.520710 -113.524239
SRR2043635	Hong_Kong	Apr-2014	22.15 N 114.10 E
ERR479484	Germany	2011/2013	
ERR1190672	China	2014	
ERR321535	Denmark	2008-2010	
ERR479092	France	2004/2006	
ERR589779	China	2012	
ERR527028	China	2011	
SRR4236648	USA	2014-11-24	39.8400 N 89.0000 W
ERR480594	France	2004/2006	
ERR748010	Germany	2011/2014	
ERR1190547	China	2014	
SRR961742	USA	2001	47.66142, -122.26837
ERR479494	Germany	2011/2013	
ERR589538	China	2012	
SRR3917687	USA	2013-04-03	40.829 N 96.667 W
ERR480807	France	2004/2006	
ERR210275	Denmark	2008-2010	
ERR1190909	China	2014	
ERR209512	Denmark	2008-2010	
ERR209159	Denmark	2008-2010	
ERR321649	Denmark	2008-2010	
SRR2155323	Germany	May-2011	not applicable
ERR589772	China	2012	
ERR209655	Spain	2008-2010	
ERR225946	Germany	13-08-2009	
ERR209325	Denmark	2008-2010	
SRR3536852	USA	2014-05-02	31.6733 N 89.5875 W
ERR480822	France	2004/2006	
ERR1018242	China	2012	
ERR210337	Denmark	2008-2010	
ERR414464	Spain	2008/2010	
ERR210344	Denmark	2008-2010	
ERR209582	Spain	2008-2010	
SRR4032628	USA	2013	29.77152983140313 N 95.22124444140628 W
ERR318689	USA	01/05/2006	
SRR2565554	Canada	2010-05-21	45.50 N 73.63 W
ERR210418	Spain	2008-2010	
ERR414527	Denmark	2008/2010	
ERR748344	Germany	2011/2014	
SRR3183611	USA	2014-01-16	38.984652 N 77.094709 W
ERR748035	Germany	2011/2014	
SRR3501884	Singapore	2015-06-26	1.33 N 103.75 E
ERR414627	Denmark	2008/2010	
ERR481076	Germany	2011/2013	
ERR527033	China	2011	
ERR748417	Germany	2011/2014	
ERR321579	Denmark	2008-2010	
ERR480607	France	2004/2006	
SRR2565556	Canada	2010-06-07	45.50 N 73.63 W
SRR2155309	Germany	Nov-2010	not applicable
ERR748086	Germany	2011/2014	
ERR525889	Denmark	2008/2010	
ERR480847	France	2004/2006	
ERR414684	Spain	2008/2010	
ERR480631	France	2004/2006	
ERR209558	Spain	2008-2010	
ERR318707	USA	01/05/2006	
SRR3313042	Luxembourg	2012-10-05	49.5 N 6.2 E
ERR1190577	China	2014	
ERR414596	Denmark	2008/2010	
SRR2183699	USA	06-23-2014	
ERR414452	Spain	2008/2010	
ERR321497	Denmark	2008-2010	
ERR480674	France	2004/2006	
ERR209559	Spain	2008-2010	
ERR480882	France	2004/2006	
ERR481050	Germany	2011/2013	
ERR321244	Denmark	2008-2010	
ERR209404	Denmark	2008-2010	
ERR748034	Germany	2011/2014	
ERR748367	Germany	2011/2014	
ERR481019	Germany	2011/2013	
ERR480930	Germany	2011/2013	
ERR210576	Spain	2008-2010	
ERR318706	USA	01/05/2006	
ERR414454	Spain	2008/2010	
ERR210512	Spain	2008-2010	
ERR1190649	China	2014	
ERR321499	Denmark	2008-2010	
ERR1190786	China	2014	
SRR3501853	Singapore	2015-06-12	1.33 N 103.75 E
ERR210492	Spain	2008-2010	
ERR748141	Germany	2011/2014	
SRR2565996	Canada	2010-01-26	45.50 N 73.63 W
ERR748426	Germany	2011/2014	
SRR3993026	China	Oct-2010	43.95 N 116.08 E
SRR2938601	Peru	07-Aug-2012	
SRR3501851	Singapore	2015-05-29	1.33 N 103.75 E
ERR210338	Denmark	2008-2010	
ERR480640	France	2004/2006	
ERR479376	France	2004/2006	
ERR1190953	China	2014	
SRR2155339	Germany	Nov-2011	not applicable
ERR209648	Spain	2008-2010	
ERR479180	France	2004/2006	
ERR748182	Germany	2011/2014	
SRR2566047	Canada	2010-03-11	45.50 N 73.63 W
ERR528334	China	2011	
ERR589809	China	2012	
SRR2583987	Canada	2011-05-06	45.50 N 73.63 W
SRR3501852	Singapore	2015-06-05	1.33 N 103.75 E
ERR748160	Germany	2011/2014	
ERR481088	Germany	2011/2013	
ERR209768	Spain	2008-2010	
SRR2565984	Canada	2010-01-07	45.50 N 73.63 W
ERR748032	Germany	2011/2014	
ERR532382	China	2011	
ERR209546	Spain	2008-2010	
ERR209509	Denmark	2008-2010	
ERR321332	Denmark	2008-2010	
SRR2566063	Canada	2010-04-19	45.50 N 73.63 W
ERR748356	Germany	2011/2014	
ERR479267	France	2004/2006	
ERR210179	Denmark	2008-2010	
ERR210123	Denmark	2008-2010	
ERR209838	Spain	2008-2010	
ERR479307	France	2004/2006	
SRR1750096	USA	30-Jun-2014	40.67 N 73.98 W
ERR481025	Germany	2011/2013	
ERR414260	Denmark	2008/2010	
ERR210494	Spain	2008-2010	
SRR1616982	Germany	06-Dec-2012	48 N 8 E
ERR209265	Denmark	2008-2010	
SRR2297856	Finland	2005-09-21	
ERR527082	China	2011	
ERR414695	Spain	2008/2010	
ERR527122	China	2011	
ERR480749	France	2004/2006	
ERR479552	Germany	2011/2013	
SRR2155393	Germany	May-2010	not applicable
SRR3182095	USA	2014-01-24	38.984652 N 77.094709 W
ERR209484	Denmark	2008-2010	
ERR321331	Denmark	2008-2010	
ERR209791	Spain	2008-2010	
ERR589737	China	2012	
ERR414608	Denmark	2008/2010	
SRR3182129	USA	2014-01-24	38.984652 N 77.094709 W
ERR164449	Spain	2010-07-02	
ERR1190791	China	2014	
ERR479052	France	2004/2006	
ERR480952	Germany	2011/2013	
ERR1190637	China	2014	
ERR527135	China	2011	
ERR209522	Denmark	2008-2010	
ERR527119	China	2011	
ERR209823	Spain	2008-2010	
ERR210278	Denmark	2008-2010	
ERR414430	Spain	2008/2010	
SRR2565924	Canada	2010-12-02	45.50 N 73.63 W
ERR525751	Denmark	2008/2010	
ERR589733	China	2012	
ERR748288	Germany	2011/2014	
ERR321183	Denmark	2008-2010	
SRR3182139	USA	2014-01-24	38.984652 N 77.094709 W
ERR527124	China	2011	
SRR1750095	USA	30-Jun-2014	40.67 N 73.98 W
ERR748446	Germany	2011/2014	
SRR2937619	El Salvador	07-Jan-2013	
ERR209640	Spain	2008-2010	
ERR505085	Australia	2012	
ERR209205	Denmark	2008-2010	
SRR3182131	USA	2014-01-24	38.984652 N 77.094709 W
ERR209729	Spain	2008-2010	
SRR3501856	Singapore	2015-07-03	1.33 N 103.75 E
ERR481093	Germany	2011/2013	
ERR480835	France	2004/2006	
SRR1631521	USA	2013-02-14	38.984652 N 77.094709 W
ERR420357	Pacific Ocean	2011/2012	
ERR479190	France	2004/2006	
ERR748471	Germany	2011/2014	
ERR748131	Germany	2011/2014	
ERR748098	Germany	2011/2014	
ERR478966	France	2004/2006	
ERR321429	Denmark	2008-2010	
SRR3183615	USA	2014-01-16	38.984652 N 77.094709 W
ERR210270	Denmark	2008-2010	
SRR4032482	USA	2013	29.77152983140312 N 95.22124444140627 W
SRR2938427	El Salvador	14-Jan-2013	
SRR2938316	Peru	07-Aug-2012	
ERR479473	Germany	2011/2013	
ERR748202	Germany	2011/2014	
ERR748487	Germany	2011/2014	
SRR2565842	Canada	2010-10-06	45.50 N 73.63 W
ERR209802	Spain	2008-2010	
ERR479237	France	2004/2006	
ERR480564	France	2004/2006	
ERR321460	Denmark	2008-2010	
SRR2298540	Finland	1998-07-27	
ERR532383	China	2011	
ERR414744	Spain	2008/2010	
SRR4236674	Japan	2015-04-20	43.7700 N 142.3700 E
SRR2043640	Hong_Kong	Apr-2014	22.15 N 114.10 E
ERR480795	France	2004/2006	
SRR3993063	China	Oct-2010	43.95 N 116.12 E
SRR4444875	USA	2014-06-02	39.288462639338995 N 76.62594594061375 W
ERR479235	France	2004/2006	
ERR504979	China	2008/2010	
ERR1190541	China	2014	
ERR527054	China	2011	
ERR321067	Denmark	2008-2010	
ERR209405	Denmark	2008-2010	
ERR748491	Germany	2011/2014	
ERR321374	Denmark	2008-2010	
SRR1106705	China	2013.08	32056.10""-118412.95
ERR748490	Germany	2011/2014	
SRR3182087	USA	2014-01-24	38.984652 N 77.094709 W
ERR748394	Germany	2011/2014	
ERR210301	Denmark	2008-2010	
ERR209732	Spain	2008-2010	
SRR1631543	USA	2013-02-14	38.984652 N 77.094709 W
SRR3993039	China	Oct-2010	43.95 N 116.20 E
SRR2566012	Canada	2010-02-03	45.50 N 73.63 W
ERR479578	Germany	2011/2013	
ERR210218	Denmark	2008-2010	
SRR2565843	Canada	2010-10-19	45.50 N 73.63 W
ERR210755	Spain	2008-2010	
ERR748063	Germany	2011/2014	
ERR479522	Germany	2011/2013	
SRR2183672	USA	04-25-2014	
SRR2938331	Peru	15-Jan-2013	
SRR4032537	USA	2013	29.77152983140312 N 95.22124444140627 W
ERR209262	Denmark	2008-2010	
ERR748187	Germany	2011/2014	
ERR1018295	China	2012	
ERR480473	France	2004/2006	
ERR1190877	China	2014	
ERR480886	France	2004/2006	
ERR209383	Denmark	2008-2010	
ERR321554	Denmark	2008-2010	
ERR210481	Spain	2008-2010	
ERR321197	Denmark	2008-2010	
ERR321202	Denmark	2008-2010	
ERR1190621	China	2014	
SRR4236668	Japan	2015-05-15	36.2900 N 139.3800 E
ERR481021	Germany	2011/2013	
SRR2565990	Canada	2010-01-08	45.50 N 73.63 W
SRR3546373	USA	2013	
SRR3182089	USA	2014-01-24	38.984652 N 77.094709 W
ERR527010	China	2011	
ERR209816	Spain	2008-2010	
ERR748108	Germany	2011/2014	
ERR210542	Spain	2008-2010	
ERR480805	France	2004/2006	
ERR1578665	China	2013	
ERR1018283	China	2012	
SRR2082407	Canada	2012	53.520710 N 113.524239 W
ERR414735	Spain	2008/2010	
ERR480821	France	2004/2006	
SRR4236672	Hong_Kong	2014-12-17	22.2800 N 114.1700 E
ERR748074	Germany	2011/2014	
ERR209282	Denmark	2008-2010	
ERR748064	Germany	2011/2014	
ERR210302	Denmark	2008-2010	
ERR479111	France	2004/2006	
ERR414365	Spain	2008/2010	
ERR527137	China	2011	
SRR2566003	Canada	2009-10-29	45.50 N 73.63 W
ERR210433	Spain	2008-2010	
ERR1578638	China	2013	
ERR210009	Denmark	2008-2010	
ERR210417	Spain	2008-2010	
ERR748371	Germany	2011/2014	
ERR480733	France	2004/2006	
ERR480565	France	2004/2006	
ERR209795	Spain	2008-2010	
SRR1624869	USA	2012-04-11	38.984652 N 77.094709 W
ERR480688	France	2004/2006	
ERR1190591	China	2014	
ERR321319	Denmark	2008-2010	
SRR3184254	USA	2014-01-28	38.984652 N 77.094709 W
ERR414448	Spain	2008/2010	
SRR3182097	USA	2014-01-24	38.984652 N 77.094709 W
SRR2938614	Peru	15-Jan-2013	
ERR479340	France	2004/2006	
ERR321329	Denmark	2008-2010	
ERR1018304	China	2012	
SRR2155175	Germany	Nov-2009	not applicable
ERR1018190	China	2012	
ERR480517	France	2004/2006	
ERR414588	Denmark	2008/2010	
SRR3313071	Luxembourg	2012-12-05	49.5 N 6.2 E
ERR210575	Spain	2008-2010	
SRR3182126	USA	2014-01-24	38.984652 N 77.094709 W
ERR479210	France	2004/2006	
ERR527034	China	2011	
SRR1761754	USA	2013	35.21 N 97.43 W
SRR2155392	Germany	May-2010	not applicable
ERR480461	France	2004/2006	
ERR479302	France	2004/2006	
SRR2938514	Peru	15-Jan-2012	
ERR210416	Spain	2008-2010	
SRR1761694	USA	2013	35.21 N 97.43 W
ERR209416	Denmark	2008-2010	
SRR2938241	Peru	15-Jan-2012	
SRR2043626	Hong_Kong	Apr-2014	22.15 N 114.10 E
SRR3181999	USA	2013-12-18	38.984652 N 77.094709 W
ERR408161	Spain	2012-11-06	
ERR209454	Denmark	2008-2010	
ERR210698	Spain	2008-2010	
ERR1190565	China	2014	
ERR321308	Denmark	2008-2010	
ERR1190678	China	2014	
ERR589852	China	2012	
ERR209646	Spain	2008-2010	
SRR2938185	El Salvador	14-Jan-2013	
ERR209585	Spain	2008-2010	
ERR321448	Denmark	2008-2010	
SRR1535348	China	2012	22.55 N 113.24 E
ERR209418	Denmark	2008-2010	
SRR3182105	USA	2014-01-24	38.984652 N 77.094709 W
ERR209597	Spain	2008-2010	
ERR321177	Denmark	2008-2010	
SRR1706175	Singapore	2012-01-15	1.3356 N 103.7491 E
ERR414440	Spain	2008/2010	
ERR480652	France	2004/2006	
ERR321595	Denmark	2008-2010	
SRR2938319	Peru	07-Aug-2012	
SRR1719984	Luxembourg	18-Dec-2013	
ERR209557	Spain	2008-2010	
SRR4000975	USA	06-Oct-2013	42.011882 N 87.710406 W
ERR209171	Denmark	2008-2010	
SRR4032600	USA	2013	29.77152983140312 N 95.22124444140627 W
SRR2938602	Peru	07-Aug-2012	
ERR209861	Spain	2008-2010	
ERR414624	Denmark	2008/2010	
ERR209793	Spain	2008-2010	
SRR2183737	USA	05-09-2014	
ERR525771	Denmark	2008/2010	
SRR1535326	China	2012	22.55 N 113.24 E
ERR1578693	China	2013	
ERR748172	Germany	2011/2014	
ERR480687	France	2004/2006	
ERR480690	France	2004/2006	
ERR321648	Denmark	2008-2010	
ERR1190585	China	2014	
ERR480991	Germany	2011/2013	
ERR748479	Germany	2011/2014	
ERR321310	Denmark	2008-2010	
ERR321342	Denmark	2008-2010	
ERR321596	Denmark	2008-2010	
ERR479236	France	2004/2006	
SRR2155337	Germany	May-2011	not applicable
ERR748101	Germany	2011/2014	
ERR479396	France	2004/2006	
ERR209193	Denmark	2008-2010	
SRR2565971	Canada	2011-03-18	45.50 N 73.63 W
ERR480588	France	2004/2006	
ERR1190838	China	2014	
ERR480940	Germany	2011/2013	
ERR481027	Germany	2011/2013	
ERR414777	Spain	2008/2010	
ERR480990	Germany	2011/2013	
ERR414715	Spain	2008/2010	
ERR479413	France	2004/2006	
SRR4481820	USA	2014-06-04	39.288462639338995 N 76.62594594061375 W
ERR414402	Spain	2008/2010	
ERR209238	Denmark	2008-2010	
ERR210374	Denmark	2008-2010	
ERR414759	Spain	2008/2010	
ERR527091	China	2011	
ERR480914	France	2004/2006	
SRR4032468	USA	2013	29.77152983140313 N 95.22124444140628 W
ERR209688	Spain	2008-2010	
ERR527126	China	2011	
ERR748462	Germany	2011/2014	
ERR209241	Denmark	2008-2010	
ERR748194	Germany	2011/2014	
SRR1631519	USA	2013-02-14	38.984652 N 77.094709 W
ERR528749	China	2011	
ERR1018286	China	2012	
ERR414370	Spain	2008/2010	
ERR209581	Spain	2008-2010	
SRR2565819	Canada	2010-06-22	45.50 N 73.63 W
SRR2183683	USA	06-06-2014	
ERR210526	Spain	2008-2010	
ERR528315	China	2011	
ERR209930	Denmark	2008-2010	
ERR528313	China	2011	
ERR210538	Spain	2008-2010	
SRR4481725	USA	2014-06-30	39.288462639338995 N 76.62594594061375 W
SRR2183733	USA	09-26-2014	
ERR527008	China	2011	
ERR210268	Denmark	2008-2010	
ERR414709	Spain	2008/2010	
ERR414616	Denmark	2008/2010	
ERR414587	Denmark	2008/2010	
ERR1018268	China	2012	
SRR4074259	Italy	2013	
SRR4032495	USA	2013	29.77152983140312 N 95.22124444140627 W
ERR525747	Denmark	2008/2010	
ERR210633	Spain	2008-2010	
ERR1018229	China	2012	
ERR1190835	China	2014	
ERR748376	Germany	2011/2014	
ERR748296	Germany	2011/2014	
SRR2155352	Germany	Nov-2011	not applicable
ERR480901	France	2004/2006	
ERR210052	Denmark	2008-2010	
SRR3182109	USA	2014-01-24	38.984652 N 77.094709 W
ERR321416	Denmark	2008-2010	
ERR1190548	China	2014	
ERR209393	Denmark	2008-2010	
ERR209448	Denmark	2008-2010	
ERR1018215	China	2012	
ERR748135	Germany	2011/2014	
ERR209839	Spain	2008-2010	
ERR209061	Denmark	2008-2010	
ERR209251	Denmark	2008-2010	
ERR748317	Germany	2011/2014	
ERR321247	Denmark	2008-2010	
ERR414238	Denmark	2008/2010	
ERR748398	Germany	2011/2014	
ERR525810	Denmark	2008/2010	
SRR2566056	Canada	2010-03-25	45.50 N 73.63 W
ERR210650	Spain	2008-2010	
SRR545930	Canada	2004	53.520710 -113.524239
ERR414571	Denmark	2008/2010	
SRR3182104	USA	2014-01-24	38.984652 N 77.094709 W
ERR1190956	China	2014	
SRR4032538	USA	2013	29.77152983140313 N 95.22124444140628 W
ERR480833	France	2004/2006	
SRR3993056	China	Oct-2010	43.95 N 116.35 E
ERR480941	Germany	2011/2013	
ERR210362	Denmark	2008-2010	
ERR209961	Denmark	2008-2010	
ERR480650	France	2004/2006	
SRR3183599	USA	2014-01-16	38.984652 N 77.094709 W
SRR3917627	USA	2013-05-03	40.829 N 96.667 W
SRR2183719	USA	08-15-2014	
SRR2565844	Canada	2010-10-21	45.50 N 73.63 W
ERR210120	Denmark	2008-2010	
SRR4032470	USA	2013	29.77152983140313 N 95.22124444140628 W
ERR414296	Denmark	2008/2010	
SRR2043641	Hong_Kong	Apr-2014	22.15 N 114.10 E
SRR2183717	USA	08-15-2014	
SRR1624854	USA	2012-04-11	38.984652 N 77.094709 W
ERR589836	China	2012	
SRR2298541	Finland	1998-09-28	
ERR321307	Denmark	2008-2010	
ERR528298	China	2011	
ERR527176	China	2011	
ERR209513	Denmark	2008-2010	
ERR209299	Denmark	2008-2010	
SRR3501888	Singapore	2015-07-25	1.33 N 103.75 E
SRR1714192	USA	30-Oct-1990	38.98 N 77.11 W
ERR480997	Germany	2011/2013	
ERR414507	Spain	2008/2010	
ERR481046	Germany	2011/2013	
ERR210029	Denmark	2008-2010	
SRR1631309	USA	2013-01-17	38.984652 N 77.094709 W
SRR2565545	Canada	2010-05-14	45.50 N 73.63 W
ERR589790	China	2012	
ERR210142	Denmark	2008-2010	
ERR1018281	China	2012	
ERR414240	Denmark	2008/2010	
ERR210183	Denmark	2008-2010	
ERR414556	Denmark	2008/2010	
SRR1145849	China	2013-1-7	31.3N 121.5E
SRR2566064	Canada	2010-04-20	45.50 N 73.63 W
SRR3067121	Canada	22-Oct-2013	not collected
ERR748142	Germany	2011/2014	
ERR321271	Denmark	2008-2010	
ERR1190710	China	2014	
SRR1284492	Russia	2010-01-01	59.95183,30.246042
ERR414327	Denmark	2008/2010	
ERR1190863	China	2014	
ERR1190705	China	2014	
SRR2565838	Canada	2010-09-27	45.50 N 73.63 W
ERR527098	China	2011	
SRR3191667	USA	2014-02-27	38.984652 N 77.094709 W
ERR321299	Denmark	2008-2010	
SRR2565647	Canada	2009-12-02	45.50 N 73.63 W
ERR209300	Denmark	2008-2010	
ERR748383	Germany	2011/2014	
SRR1761677	USA	2013	35.21 N 97.43 W
ERR209931	Denmark	2008-2010	
SRR2565618	Canada	2010-06-07	45.50 N 73.63 W
ERR479246	France	2004/2006	
ERR321536	Denmark	2008-2010	
SRR4451579	USA	2014-06-09	39.288462639338995 N 76.62594594061375 W
ERR1190804	China	2014	
ERR209126	Denmark	2008-2010	
ERR479390	France	2004/2006	
ERR589773	China	2012	
ERR209096	Denmark	2008-2010	
ERR479591	Germany	2011/2013	
ERR209770	Spain	2008-2010	
ERR748465	Germany	2011/2014	
SRR3182110	USA	2014-01-24	38.984652 N 77.094709 W
ERR527097	China	2011	
ERR210109	Denmark	2008-2010	
ERR480880	France	2004/2006	
ERR210340	Denmark	2008-2010	
ERR748349	Germany	2011/2014	
SRR3546363	USA	2013	
SRR2155370	Germany	Nov-2009	not applicable
ERR1018293	China	2012	
SRR4481813	USA	2014-06-23	39.288462639338995 N 76.62594594061375 W
SRR1611149	Luxembourg	10/5/11	49.5134139 N 0.006.0179250 E
ERR480816	France	2004/2006	
ERR527095	China	2011	
SRR2183681	USA	06-02-2014	
SRR3182086	USA	2014-01-24	38.984652 N 77.094709 W
ERR408151	Spain	2012-06-20	
SRR2565818	Canada	2010-06-22	45.50 N 73.63 W
ERR321320	Denmark	2008-2010	
SRR2583986	Canada	2011-02-17	45.50 N 73.63 W
ERR209633	Spain	2008-2010	
ERR527045	China	2011	
ERR209204	Denmark	2008-2010	
SRR2565541	Canada	2010-04-30	45.50 N 73.63 W
ERR210584	Spain	2008-2010	
ERR479047	France	2004/2006	
ERR505086	Australia	2012	
SRR3993017	Mongolia	Oct-2010	47.30 N 106.15 E
ERR1578678	China	2013	
ERR210518	Spain	2008-2010	
ERR209524	Denmark	2008-2010	
ERR479557	Germany	2011/2013	
ERR1190620	China	2014	
ERR748298	Germany	2011/2014	
SRR2155318	Germany	Nov-2010	not applicable
ERR748369	Germany	2011/2014	
SRR1238402	Denmark	Nov-2012	55.68N 12.57E
ERR527149	China	2011	
ERR748103	Germany	2011/2014	
SRR2940947	USA	2012-07-05	Not applicable
ERR748097	Germany	2011/2014	
ERR505105	Australia	2012	
ERR480820	France	2004/2006	
ERR420359	Pacific Ocean	2011/2012	
SRR2565933	Canada	2010-12-09	45.50 N 73.63 W
SRR2155340	Germany	Nov-2011	not applicable
SRR4236650	USA	2015-01-08	41.5300 N 90.4300 W
ERR1190810	China	2014	
ERR209429	Denmark	2008-2010	
ERR527031	China	2011	
ERR321576	Denmark	2008-2010	
ERR527060	China	2011	
ERR1190680	China	2014	
SRR1930250	Italy	Apr-2013	44.4950537 N 11.3427401 E
ERR527099	China	2011	
ERR1190715	China	2014	
ERR209680	Spain	2008-2010	
SRR3501886	Singapore	2015-07-10	1.33 N 103.75 E
SRR2062623	USA	28-Jun-2013	43.727094 N 72.425964 W
SRR1624870	USA	2012-04-11	38.984652 N 77.094709 W
ERR479229	France	2004/2006	
SRR3917692	USA	2013-05-03	40.829 N 96.667 W
SRR2297859	Finland	2005-05-24	
ERR210042	Denmark	2008-2010	
SRR2565550	Canada	2010-05-13	45.50 N 73.63 W
ERR321293	Denmark	2008-2010	
SRR3501885	Singapore	2015-07-03	1.33 N 103.75 E
ERR209078	Denmark	2008-2010	
ERR748153	Germany	2011/2014	
ERR321477	Denmark	2008-2010	
SRR3182103	USA	2014-01-24	38.984652 N 77.094709 W
SRR3536232	USA	2012-04-08	31.6733 N 89.5875 W
ERR321433	Denmark	2008-2010	
ERR1190673	China	2014	
ERR414257	Denmark	2008/2010	
ERR414403	Spain	2008/2010	
ERR209272	Denmark	2008-2010	
ERR210434	Spain	2008-2010	
ERR210398	Spain	2008-2010	
ERR1190653	China	2014	
SRR2565742	Canada	2010-07-25	45.50 N 73.63 W
SRR3182107	USA	2014-01-24	38.984652 N 77.094709 W
ERR479319	France	2004/2006	
ERR479310	France	2004/2006	
ERR589813	China	2012	
SRR2565922	Canada	2010-11-26	45.50 N 73.63 W
ERR527210	China	2011	
ERR589810	China	2012	
ERR1190783	China	2014	
SRR3993033	China	Oct-2010	43.95 N 116.14 E
ERR209191	Denmark	2008-2010	
ERR479219	France	2004/2006	
SRR3992992	Mongolia	Jun-2013	47.19 N 110.39 E
ERR321268	Denmark	2008-2010	
SRR1025216	Singapore	7-Oct-10	120'1""N 10345'15""E
ERR589856	China	2012	
ERR748382	Germany	2011/2014	
ERR479179	France	2004/2006	
ERR209785	Spain	2008-2010	
SRR3992993	Mongolia	Jun-2013	47.19 N 110.39 E
SRR4444778	USA	2014-06-08	39.288462639338995 N 76.62594594061375 W
ERR420345	Pacific Ocean	2011/2012	
SRR2566059	Canada	2010-04-16	45.50 N 73.63 W
ERR318688	USA	01/05/2006	
ERR480909	France	2004/2006	
SRR3737022	USA	2012-10-18	40.829 N 96.667 W
SRR3992959	China	Oct-2010	43.95 N 116.16 E
SRR1616984	Germany	15-Nov-2012	48 N 8 E
ERR209913	Denmark	2008-2010	
SRR2155386	Germany	May-2010	not applicable
ERR1190552	China	2014	
SRR4444814	USA	2014-06-07	39.288462639338995 N 76.62594594061375 W
ERR480865	France	2004/2006	
SRR2297854	Finland	2005-01-10	
ERR1578710	China	2013	
ERR321589	Denmark	2008-2010	
ERR414680	Spain	2008/2010	
ERR420344	Pacific Ocean	2011/2012	
ERR748447	Germany	2011/2014	
SRR2183721	USA	08-22-2014	
ERR414406	Spain	2008/2010	
SRR2940957	USA	2011-09-28	Not applicable
ERR321069	Denmark	2008-2010	
ERR414669	Spain	2008/2010	
ERR210364	Denmark	2008-2010	
ERR479064	France	2004/2006	
SRR2857970	USA	2011	42.3601 N 71.0589 W
ERR209312	Denmark	2008-2010	
SRR3993049	China	Oct-2010	43.95 N 116.29 E
ERR1190864	China	2014	
ERR481094	Germany	2011/2013	
ERR210219	Denmark	2008-2010	
SRR1624826	USA	2012-04-11	38.984652 N 77.094709 W
ERR748109	Germany	2011/2014	
SRR2938616	Peru	15-Jan-2013	
ERR748353	Germany	2011/2014	
SRR2089018	Canada	2013-04-22	49 N 123 W
ERR479501	Germany	2011/2013	
SRR2565543	Canada	2010-04-30	45.50 N 73.63 W
SRR3182098	USA	2014-01-24	38.984652 N 77.094709 W
ERR479113	France	2004/2006	
ERR209364	Denmark	2008-2010	
SRR4032478	USA	2013	29.77152983140312 N 95.22124444140627 W
ERR414255	Denmark	2008/2010	
ERR209647	Spain	2008-2010	
ERR321102	Denmark	2008-2010	
SRR4236661	Japan	2015-05-17	35.9200 N 139.6300 E
ERR414516	Denmark	2008/2010	
ERR210419	Spain	2008-2010	
SRR2565845	Canada	2009-12-14	45.50 N 73.63 W
SRR4481706	USA	2014-06-03	39.288462639338995 N 76.62594594061375 W
ERR479441	Germany	2011/2013	
SRR3313081	Luxembourg	2012-12-05	49.5 N 6.2 E
ERR525867	Denmark	2008/2010	
ERR414326	Denmark	2008/2010	
ERR481044	Germany	2011/2013	
ERR210119	Denmark	2008-2010	
ERR479350	France	2004/2006	
ERR318681	USA	01/05/2006	
SRR4000971	USA	05-Oct-2013	42.011882 N 87.710406 W
ERR209192	Denmark	2008-2010	
SRR4000966	USA	05-Oct-2013	42.011882 N 87.710406 W
ERR525949	Denmark	2008/2010	
ERR480959	Germany	2011/2013	
ERR480743	France	2004/2006	
ERR527188	China	2011	
ERR479114	France	2004/2006	
ERR210241	Denmark	2008-2010	
SRR2155346	Germany	Nov-2011	not applicable
ERR321399	Denmark	2008-2010	
ERR479197	France	2004/2006	
SRR3993022	Mongolia	Oct-2010	47.30 N 106.15 E
ERR209736	Spain	2008-2010	
SRR4481747	USA	2014-06-02	39.288462639338995 N 76.62594594061375 W
ERR479269	France	2004/2006	
ERR748435	Germany	2011/2014	
ERR1190944	China	2014	
ERR321375	Denmark	2008-2010	
ERR210583	Spain	2008-2010	
SRR3501861	Singapore	2015-08-14	1.33 N 103.75 E
ERR321507	Denmark	2008-2010	
SRR2565620	Canada	2010-06-07	45.50 N 73.63 W
ERR321212	Denmark	2008-2010	
ERR589785	China	2012	
ERR748415	Germany	2011/2014	
ERR527175	China	2011	
ERR209286	Denmark	2008-2010	
ERR321273	Denmark	2008-2010	
ERR480526	France	2004/2006	
ERR480502	France	2004/2006	
SRR2183675	USA	05-19-2014	
SRR4032611	USA	2013	29.77152983140313 N 95.22124444140628 W
ERR589811	China	2012	
ERR480722	France	2004/2006	
ERR209766	Spain	2008-2010	
ERR209321	Denmark	2008-2010	
ERR321381	Denmark	2008-2010	
SRR4481761	USA	2014-06-05	39.288462639338995 N 76.62594594061375 W
SRR3737028	USA	2012-08-14	40.829 N 96.667 W
ERR321233	Denmark	2008-2010	
ERR210390	Spain	2008-2010	
ERR748467	Germany	2011/2014	
SRR2565937	Canada	2011-01-10	45.50 N 73.63 W
SRR1761778	Peru	2012	5.68 S 73.33 W
SRR4074354	Italy	2013	
ERR479154	France	2004/2006	
ERR589542	China	2012	
ERR480686	France	2004/2006	
ERR321251	Denmark	2008-2010	
ERR481026	Germany	2011/2013	
SRR2155348	Germany	Nov-2011	not applicable
ERR209422	Denmark	2008-2010	
SRR4236666	USA	2015-04-21	39.8800 N 75.2200 W
SRR2938620	Peru	29-Jan-2013	
SRR2938125	Peru	07-May-2012	
ERR164447	Spain	2010-07-02	
ERR210118	Denmark	2008-2010	
ERR321376	Denmark	2008-2010	
ERR479528	Germany	2011/2013	
ERR321335	Denmark	2008-2010	
ERR589788	China	2012	
SRR1631524	USA	2013-02-14	38.984652 N 77.094709 W
ERR210095	Denmark	2008-2010	
ERR748196	Germany	2011/2014	
ERR209223	Denmark	2008-2010	
ERR209666	Spain	2008-2010	
ERR505098	Australia	2012	
ERR527146	China	2011	
ERR209292	Denmark	2008-2010	
ERR479461	Germany	2011/2013	
ERR1190574	China	2014	
ERR1190589	China	2014	
ERR1190852	China	2014	
ERR414618	Denmark	2008/2010	
ERR527023	China	2011	
SRR1025192	Singapore	7-Oct-10	120'1""N 10345'15""E
SRR3993032	Mongolia	Jun-2013	47.55 N 106.60 E
ERR209331	Denmark	2008-2010	
SRR3184330	USA	2014-01-28	38.984652 N 77.094709 W
ERR321608	Denmark	2008-2010	
ERR480663	France	2004/2006	
ERR748191	Germany	2011/2014	
ERR414643	Spain	2008/2010	
ERR480541	France	2004/2006	
ERR321266	Denmark	2008-2010	
ERR480639	France	2004/2006	
ERR321461	Denmark	2008-2010	
ERR479447	Germany	2011/2013	
ERR480505	France	2004/2006	
ERR414549	Denmark	2008/2010	
SRR1624872	USA	2012-04-11	38.984652 N 77.094709 W
ERR209497	Denmark	2008-2010	
SRR1761735	USA	2013	35.21 N 97.43 W
ERR210181	Denmark	2008-2010	
SRR4423697	USA	2014-06-04	39.288462639338995 N 76.62594594061375 W
ERR209899	Spain	2008-2010	
SRR2183703	USA	07-07-2014	
SRR2566041	Canada	2010-03-05	45.50 N 73.63 W
ERR210468	Spain	2008-2010	
ERR1018191	China	2012	
ERR748456	Germany	2011/2014	
ERR505095	Australia	2012	
ERR479523	Germany	2011/2013	
ERR480720	France	2004/2006	
SRR2043625	Hong_Kong	Apr-2014	22.15 N 114.10 E
ERR414511	Denmark	2008/2010	
ERR209507	Denmark	2008-2010	
SRR3100147	Israel	2013-03-20	32.561428 N 34.909674 E
ERR414768	Spain	2008/2010	
ERR528330	China	2011	
SRR1535328	China	2012	22.55 N 113.24 E
ERR321634	Denmark	2008-2010	
SRR2565534	Canada	2009-11-04	45.50 N 73.63 W
SRR1106709	China	2013.08	32056.10""-118412.95
SRR2938416	El Salvador	14-Jan-2014	
ERR1018185	China	2012	
SRR2938604	Peru	07-Aug-2012	
ERR748145	Germany	2011/2014	
SRR2565597	Canada	2010-07-05	45.50 N 73.63 W
ERR528314	China	2011	
ERR321103	Denmark	2008-2010	
SRR3184253	USA	2014-01-28	38.984652 N 77.094709 W
SRR4435801	USA	2014-06-07	39.288462639338995 N 76.62594594061375 W
ERR209643	Spain	2008-2010	
ERR748389	Germany	2011/2014	
ERR321192	Denmark	2008-2010	
SRR1761680	USA	2013	35.21 N 97.43 W
ERR1190708	China	2014	
ERR210182	Denmark	2008-2010	
ERR1018294	China	2012	
ERR527079	China	2011	
ERR209156	Denmark	2008-2010	
ERR479233	France	2004/2006	
ERR527096	China	2011	
ERR748180	Germany	2011/2014	
ERR209801	Spain	2008-2010	
ERR209294	Denmark	2008-2010	
ERR480819	France	2004/2006	
SRR2940973	USA	2012-06-29	Not applicable
ERR480503	France	2004/2006	
ERR209519	Denmark	2008-2010	
ERR479348	France	2004/2006	
ERR414672	Spain	2008/2010	
SRR1761720	Peru	2012	5.68 S 73.33 W
ERR479355	France	2004/2006	
ERR748357	Germany	2011/2014	
ERR209124	Denmark	2008-2010	
ERR321570	Denmark	2008-2010	
ERR321385	Denmark	2008-2010	
ERR481073	Germany	2011/2013	
ERR210155	Denmark	2008-2010	
ERR480563	France	2004/2006	
ERR414541	Denmark	2008/2010	
ERR479377	France	2004/2006	
ERR527066	China	2011	
SRR1573583	Bangladesh	09-Nov-2012	
ERR527110	China	2011	
ERR210111	Denmark	2008-2010	
ERR1018224	China	2012	
SRR2583973	Canada	2010-07-21	45.50 N 73.63 W
SRR2155353	Germany	Nov-2011	not applicable
SRR4481801	USA	2014-06-04	39.288462639338995 N 76.62594594061375 W
ERR589843	China	2012	
ERR526003	Denmark	2008/2010	
ERR748396	Germany	2011/2014	
ERR209270	Denmark	2008-2010	
SRR1535360	China	2012	22.55 N 113.24 E
ERR479433	Germany	2011/2013	
ERR210452	Spain	2008-2010	
SRR3182093	USA	2014-01-24	38.984652 N 77.094709 W
ERR321534	Denmark	2008-2010	
SRR3100148	Israel	2013-03-22	31.843883 N 35.513255 E
SRR1025195	Singapore	7-Oct-10	120'1""N 10345'15""E
ERR1018187	China	2012	
ERR1190951	China	2014	
ERR209190	Denmark	2008-2010	
ERR480712	France	2004/2006	
ERR210483	Spain	2008-2010	
ERR209521	Denmark	2008-2010	
ERR525802	Denmark	2008/2010	
SRR2183704	USA	07-07-2014	
ERR209638	Spain	2008-2010	
SRR2043642	Hong_Kong	Apr-2014	22.15 N 114.10 E
SRR944616	USA	2011-1-31	47.661667, 122.433333
ERR210174	Denmark	2008-2010	
ERR525860	Denmark	2008/2010	
ERR210622	Spain	2008-2010	
SRR3182085	USA	2014-01-24	38.984652 N 77.094709 W
ERR748441	Germany	2011/2014	
SRR2297851	Finland	2004-06-02	
ERR321230	Denmark	2008-2010	
SRR1920165	Croatia	2014	
ERR321274	Denmark	2008-2010	
ERR479366	France	2004/2006	
SRR1624843	USA	2012-04-11	38.984652 N 77.094709 W
ERR481036	Germany	2011/2013	
ERR479435	Germany	2011/2013	
ERR210709	Spain	2008-2010	
ERR321500	Denmark	2008-2010	
ERR414733	Spain	2008/2010	
SRR2297857	Finland	1999-04-12	
ERR210365	Denmark	2008-2010	
SRR4481807	USA	2014-06-01	39.288462639338995 N 76.62594594061375 W
ERR209607	Spain	2008-2010	
ERR210691	Spain	2008-2010	
SRR4032479	USA	2013	29.77152983140313 N 95.22124444140628 W
ERR748193	Germany	2011/2014	
SRR3992981	Mongolia	Jun-2013	47.55 N 106.76 E
SRR2088929	Canada	2012-05-28	49 N 123 W
ERR748416	Germany	2011/2014	
SRR1616985	Germany	03-Apr-2013	48 N 8 E
SRR1438012	Germany	06. Jan 11	52529611; 13.401343
SRR4032496	USA	2013	29.77152983140313 N 95.22124444140628 W
ERR321428	Denmark	2008-2010	
ERR321405	Denmark	2008-2010	
SRR1630985	USA	2012-04-11	38.984652 N 77.094709 W
ERR528324	China	2011	
ERR209157	Denmark	2008-2010	
ERR414696	Spain	2008/2010	
ERR505097	Australia	2012	
ERR210008	Denmark	2008-2010	
ERR414413	Spain	2008/2010	
SRR2043643	Hong_Kong	Apr-2014	22.15 N 114.10 E
ERR321116	Denmark	2008-2010	
ERR480593	France	2004/2006	
ERR209460	Denmark	2008-2010	
ERR321638	Denmark	2008-2010	
SRR3184340	USA	2014-01-28	38.984652 N 77.094709 W
SRR1621006	USA	2011-09-30	38.984652 N 77.094709 W
ERR748000	Germany	2011/2014	
ERR210124	Denmark	2008-2010	
ERR1190587	China	2014	
ERR748112	Germany	2011/2014	
ERR318705	USA	01/05/2006	
ERR210149	Denmark	2008-2010	
ERR481089	Germany	2011/2013	
ERR480467	France	2004/2006	
ERR479581	Germany	2011/2013	
ERR480843	France	2004/2006	
ERR209636	Spain	2008-2010	
ERR210279	Denmark	2008-2010	
ERR525813	Denmark	2008/2010	
ERR210036	Denmark	2008-2010	
ERR527174	China	2011	
SRR2043634	Hong_Kong	Apr-2014	22.15 N 114.10 E
ERR321466	Denmark	2008-2010	
ERR1190694	China	2014	
ERR321526	Denmark	2008-2010	
ERR748205	Germany	2011/2014	
SRR3313072	Luxembourg	2012-09-20	49.5 N 6.2 E
ERR479126	France	2004/2006	
SRR1623192	USA	2012-04-11	38.984652 N 77.094709 W
SRR2583984	Canada	2010-07-15	45.50 N 73.63 W
ERR414463	Spain	2008/2010	
ERR209390	Denmark	2008-2010	
ERR209290	Denmark	2008-2010	
ERR589819	China	2012	
ERR209492	Denmark	2008-2010	
ERR209691	Spain	2008-2010	
ERR210498	Spain	2008-2010	
SRR1750101	USA	30-Jun-2014	40.67 N 73.99 W
ERR414275	Denmark	2008/2010	
ERR321338	Denmark	2008-2010	
ERR748102	Germany	2011/2014	
ERR748469	Germany	2011/2014	
SRR4074260	Italy	2013	
SRR2155367	Germany	Feb-2010	not applicable
ERR318691	USA	01/05/2006	
ERR1190581	China	2014	
ERR479463	Germany	2011/2013	
ERR209731	Spain	2008-2010	
ERR525851	Denmark	2008/2010	
ERR321432	Denmark	2008-2010	
ERR1018204	China	2012	
SRR4481774	USA	2014-06-01	39.288462639338995 N 76.62594594061375 W
ERR414496	Spain	2008/2010	
ERR479445	Germany	2011/2013	
ERR210162	Denmark	2008-2010	
ERR748295	Germany	2011/2014	
ERR479188	France	2004/2006	
ERR748174	Germany	2011/2014	
ERR209676	Spain	2008-2010	
SRR3191668	USA	2014-02-27	38.984652 N 77.094709 W
ERR748170	Germany	2011/2014	
ERR210507	Spain	2008-2010	
SRR3184378	USA	2014-03-20	38.984652 N 77.094709 W
ERR210751	Spain	2008-2010	
ERR479323	France	2004/2006	
ERR1190865	China	2014	
ERR210668	Spain	2008-2010	
SRR1624865	USA	2012-04-11	38.984652 N 77.094709 W
SRR2183708	USA	07-11-2014	
ERR589537	China	2012	
ERR748419	Germany	2011/2014	
ERR321131	Denmark	2008-2010	
ERR480928	Germany	2011/2013	
ERR414604	Denmark	2008/2010	
ERR321337	Denmark	2008-2010	
ERR414426	Spain	2008/2010	
SRR2097333	Spain	25-Nov-2014	42.025312 N 2.831897 E
SRR3501850	Singapore	2015-06-05	1.33 N 103.75 E
SRR4032484	USA	2013	29.77152983140312 N 95.22124444140627 W
ERR414683	Spain	2008/2010	
ERR321523	Denmark	2008-2010	
ERR480989	Germany	2011/2013	
ERR589570	China	2012	
ERR481092	Germany	2011/2013	
ERR209154	Denmark	2008-2010	
ERR414369	Spain	2008/2010	
SRR2082429	Canada	2013	53.520710 N 113.524239 W
SRR3992973	Mongolia	Jun-2013	47.55 N 106.69 E
ERR589440	China	2012	
ERR748444	Germany	2011/2014	
SRR3182136	USA	2014-01-24	38.984652 N 77.094709 W
ERR480781	France	2004/2006	
ERR479232	France	2004/2006	
ERR479124	France	2004/2006	
ERR210647	Spain	2008-2010	
SRR2566037	Canada	2009-11-17	45.50 N 73.63 W
ERR527171	China	2011	
ERR589534	China	2012	
ERR225950	Germany	2009-08-25	
SRR3501857	Singapore	2015-07-10	1.33 N 103.75 E
ERR321135	Denmark	2008-2010	
ERR1190834	China	2014	
ERR1190770	China	2014	
ERR480732	France	2004/2006	
ERR209798	Spain	2008-2010	
SRR2005716	Italy	18-Dec-2013	46.0667 N 11.1167 E
SRR3992965	China	Oct-2010	43.95 N 116.22 E
ERR480729	France	2004/2006	
ERR748468	Germany	2011/2014	
ERR505089	Australia	2012	
ERR209170	Denmark	2008-2010	
ERR480776	France	2004/2006	
ERR209728	Spain	2008-2010	
ERR414346	Denmark	2008/2010	
ERR525823	Denmark	2008/2010	
SRR1624853	USA	2012-04-11	38.984652 N 77.094709 W
SRR2938312	Peru	07-Aug-2012	
ERR480651	France	2004/2006	
SRR2298551	Finland	2006-01-10	
SRR3183512	USA	2013-12-06	38.984652 N 77.094709 W
ERR321403	Denmark	2008-2010	
ERR480802	France	2004/2006	
ERR414662	Spain	2008/2010	
ERR210125	Denmark	2008-2010	
ERR1578643	China	2013	
ERR479493	Germany	2011/2013	
ERR414506	Spain	2008/2010	
SRR2566002	Canada	2010-01-27	45.50 N 73.63 W
ERR479418	France	2004/2006	
SRR3183636	USA	2014-01-16	38.984652 N 77.094709 W
ERR479220	France	2004/2006	
ERR321582	Denmark	2008-2010	
ERR480870	France	2004/2006	
SRR2566044	Canada	2010-03-04	45.50 N 73.63 W
ERR1018221	China	2012	
ERR1018311	China	2012	
ERR321583	Denmark	2008-2010	
ERR1018189	China	2012	
ERR1578630	China	2013	
ERR480544	France	2004/2006	
ERR479421	Germany	2011/2013	
SRR3183513	USA	2013-12-06	38.984652 N 77.094709 W
ERR480474	France	2004/2006	
ERR414243	Denmark	2008/2010	
SRR1761761	Peru	2012	5.68 S 73.33 W
ERR321272	Denmark	2008-2010	
ERR209735	Spain	2008-2010	
ERR414333	Denmark	2008/2010	
ERR321527	Denmark	2008-2010	
ERR479252	France	2004/2006	
ERR1190633	China	2014	
ERR481022	Germany	2011/2013	
ERR210269	Denmark	2008-2010	
ERR480460	France	2004/2006	
SRR4423579	USA	2014-06-06	39.288462639338995 N 76.62594594061375 W
ERR748013	Germany	2011/2014	
ERR479440	Germany	2011/2013	
ERR748099	Germany	2011/2014	
ERR527058	China	2011	
ERR479422	Germany	2011/2013	
SRR1624864	USA	2012-04-11	38.984652 N 77.094709 W
SRR3182001	USA	2013-12-18	38.984652 N 77.094709 W
ERR414785	Spain	2008/2010	
ERR1190554	China	2014	
ERR321644	Denmark	2008-2010	
ERR525803	Denmark	2008/2010	
ERR1190664	China	2014	
ERR209314	Denmark	2008-2010	
ERR479367	France	2004/2006	
ERR1190706	China	2014	
SRR2583969	Canada	2010-02-23	45.50 N 73.63 W
ERR262941	Germany	2011	
ERR479419	Germany	2011/2013	
ERR209392	Denmark	2008-2010	
SRR4435731	USA	2014-06-23	39.288462639338995 N 76.62594594061375 W
ERR210546	Spain	2008-2010	
ERR209242	Denmark	2008-2010	
ERR479308	France	2004/2006	
ERR209694	Spain	2008-2010	
ERR210459	Spain	2008-2010	
SRR2566001	Canada	2010-02-01	45.50 N 73.63 W
ERR525890	Denmark	2008/2010	
ERR748066	Germany	2011/2014	
ERR748133	Germany	2011/2014	
ERR481052	Germany	2011/2013	
ERR748159	Germany	2011/2014	
SRR3917693	USA	2013-04-03	40.829 N 96.667 W
ERR1190959	China	2014	
ERR479091	France	2004/2006	
SRR2298543	Finland	2000-01-11	
ERR209645	Spain	2008-2010	
ERR1578697	China	2013	
ERR209496	Denmark	2008-2010	
ERR1018254	China	2012	
ERR209784	Spain	2008-2010	
ERR209239	Denmark	2008-2010	
ERR480953	Germany	2011/2013	
SRR3181907	USA	2013-12-18	38.984652 N 77.094709 W
ERR321441	Denmark	2008-2010	
ERR209639	Spain	2008-2010	
ERR480801	France	2004/2006	
ERR1578698	China	2013	
ERR480741	France	2004/2006	
ERR321492	Denmark	2008-2010	
ERR414263	Denmark	2008/2010	
SRR3187097	USA	2014-03-28	38.984652 N 77.094709 W
SRR1554403	Canada	Oct-2010	missing
ERR479551	Germany	2011/2013	
ERR525965	Denmark	2008/2010	
ERR527104	China	2011	
ERR414650	Spain	2008/2010	
ERR480918	Germany	2011/2013	
ERR480818	France	2004/2006	
ERR526047	Denmark	2008/2010	
ERR210630	Spain	2008-2010	
SRR1623185	USA	2012-04-11	38.984652 N 77.094709 W
ERR532386	China	2011	
ERR479048	France	2004/2006	
SRR2565980	Canada	2011-04-29	45.50 N 73.63 W
ERR321478	Denmark	2008-2010	
ERR527131	China	2011	
ERR479187	France	2004/2006	
SRR2566021	Canada	2010-02-05	45.50 N 73.63 W
ERR210346	Denmark	2008-2010	
SRR2565825	Canada	2010-07-28	45.50 N 73.63 W
ERR210114	Denmark	2008-2010	
ERR589805	China	2012	
ERR210113	Denmark	2008-2010	
SRR4074332	Italy	2013	
SRR3184331	USA	2014-01-28	38.984652 N 77.094709 W
ERR321303	Denmark	2008-2010	
ERR525784	Denmark	2008/2010	
ERR414514	Denmark	2008/2010	
ERR527094	China	2011	
ERR321427	Denmark	2008-2010	
ERR318677	USA	01/05/2006	
ERR481060	Germany	2011/2013	
ERR209797	Spain	2008-2010	
ERR748431	Germany	2011/2014	
ERR209259	Denmark	2008-2010	
ERR748427	Germany	2011/2014	
ERR209355	Denmark	2008-2010	
ERR479539	Germany	2011/2013	
ERR589752	China	2012	
ERR321163	Denmark	2008-2010	
ERR1018284	China	2012	
ERR210323	Denmark	2008-2010	
ERR209480	Denmark	2008-2010	
ERR209811	Spain	2008-2010	
ERR209627	Spain	2008-2010	
SRR1623189	USA	2012-04-11	38.984652 N 77.094709 W
ERR209363	Denmark	2008-2010	
ERR321136	Denmark	2008-2010	
ERR414343	Denmark	2008/2010	
ERR589828	China	2012	
ERR480591	France	2004/2006	
SRR3545948	USA	2013	
ERR748473	Germany	2011/2014	
ERR479177	France	2004/2006	
SRR1106693	China	2011.12-2012.02	32056.10""-118412.95
SRR3313063	Luxembourg	2012-10-19	49.5 N 6.2 E
ERR479386	France	2004/2006	
SRR3993047	China	Oct-2010	43.95 N 116.27 E
ERR209681	Spain	2008-2010	
ERR525827	Denmark	2008/2010	
ERR1018216	China	2012	
ERR525766	Denmark	2008/2010	
SRR1761690	USA	2013	35.21 N 97.43 W
ERR480832	France	2004/2006	
ERR209754	Spain	2008-2010	
ERR748157	Germany	2011/2014	
ERR527153	China	2011	
ERR321506	Denmark	2008-2010	
ERR321328	Denmark	2008-2010	
ERR209679	Spain	2008-2010	
ERR748146	Germany	2011/2014	
SRR3993035	China	Oct-2010	43.95 N 116.16 E
SRR2298175	Finland	1999-09-19	
ERR528337	China	2011	
SRR2183720	USA	08-22-2014	
ERR480542	France	2004/2006	
SRR1616981	Germany	14-Jun-2012	48 N 8 E
ERR1018275	China	2012	
ERR1190752	China	2014	
ERR210331	Denmark	2008-2010	
ERR414721	Spain	2008/2010	
SRR3736985	USA	2012-08-24	40.829 N 96.667 W
ERR748058	Germany	2011/2014	
ERR408157	Spain	2012-10-03	
ERR480845	France	2004/2006	
SRR1750098	USA	30-Jun-2014	40.67 N 73.99 W
SRR4032472	USA	2013	29.77152983140313 N 95.22124444140628 W
ERR479143	France	2004/2006	
ERR480538	France	2004/2006	
SRR3191663	USA	2014-02-27	38.984652 N 77.094709 W
ERR479133	France	2004/2006	
ERR209313	Denmark	2008-2010	
ERR748436	Germany	2011/2014	
ERR210752	Spain	2008-2010	
ERR504981	China	2008/2010	
ERR748186	Germany	2011/2014	
ERR481043	Germany	2011/2013	
SRR2938317	Peru	07-Aug-2012	
ERR1190669	China	2014	
ERR1190943	China	2014	
ERR414524	Denmark	2008/2010	
SRR1535377	China	2013	22.55 N 113.24 E
ERR748173	Germany	2011/2014	
ERR321276	Denmark	2008-2010	
ERR480469	France	2004/2006	
ERR479571	Germany	2011/2013	
ERR321263	Denmark	2008-2010	
ERR162925	Spain	March 2012	
ERR321364	Denmark	2008-2010	
ERR210372	Denmark	2008-2010	
ERR479579	Germany	2011/2013	
ERR210415	Spain	2008-2010	
ERR321302	Denmark	2008-2010	
SRR1761703	Peru	2012	5.68 S 73.33 W
ERR748200	Germany	2011/2014	
ERR321643	Denmark	2008-2010	
ERR479284	France	2004/2006	
SRR2938415	El Salvador	14-Jan-2013	
SRR1535342	China	2012	22.55 N 113.24 E
SRR2583974	Canada	2011-02-17	45.50 N 73.63 W
ERR209834	Spain	2008-2010	
ERR321541	Denmark	2008-2010	
ERR478964	France	2004/2006	
ERR209094	Denmark	2008-2010	
ERR526064	Denmark	2008/2010	
SRR2566054	Canada	2010-03-15	45.50 N 73.63 W
ERR525986	Denmark	2008/2010	
ERR748488	Germany	2011/2014	
ERR321382	Denmark	2008-2010	
ERR748474	Germany	2011/2014	
ERR414486	Spain	2008/2010	
ERR480693	France	2004/2006	
ERR748359	Germany	2011/2014	
ERR748354	Germany	2011/2014	
ERR479268	France	2004/2006	
ERR321165	Denmark	2008-2010	
SRR2565790	Canada	2010-06-14	45.50 N 73.63 W
ERR479009	France	2004/2006	
ERR479346	France	2004/2006	
ERR318687	USA	01/05/2006	
ERR525881	Denmark	2008/2010	
ERR478972	France	2004/2006	
SRR3182293	USA	2014-01-24	38.984652 N 77.094709 W
SRR3313043	Luxembourg	2012-08-30	49.5 N 6.2 E
ERR414611	Denmark	2008/2010	
ERR209595	Spain	2008-2010	
ERR209634	Spain	2008-2010	
ERR480504	France	2004/2006	
ERR321166	Denmark	2008-2010	
ERR527029	China	2011	
ERR479029	France	2004/2006	
ERR209660	Spain	2008-2010	
ERR527037	China	2011	
ERR209824	Spain	2008-2010	
ERR748100	Germany	2011/2014	
ERR526053	Denmark	2008/2010	
SRR3993016	Mongolia	Oct-2010	47.30 N 106.15 E
SRR961843	USA	2001	47.66142, -122.26837
ERR480744	France	2004/2006	
ERR480620	France	2004/2006	
SRR2155357	Germany	Nov-2011	not applicable
SRR3736990	USA	2012-10-23	40.829 N 96.667 W
ERR209493	Denmark	2008-2010	
ERR479324	France	2004/2006	
ERR748352	Germany	2011/2014	
SRR3191662	USA	2014-02-27	38.984652 N 77.094709 W
SRR2043639	Hong_Kong	Apr-2014	22.15 N 114.10 E
ERR748171	Germany	2011/2014	
ERR321259	Denmark	2008-2010	
ERR321084	Denmark	2008-2010	
ERR479540	Germany	2011/2013	
SRR2155374	Germany	Feb-2010	not applicable
ERR479178	France	2004/2006	
ERR479046	France	2004/2006	
SRR2938335	Peru	29-Jan-2013	
SRR2183727	USA	09-05-2014	
SRR2940975	USA	2013-01-14	Not applicable
ERR479417	France	2004/2006	
ERR414648	Spain	2008/2010	
ERR479472	Germany	2011/2013	
ERR1018252	China	2012	
ERR321101	Denmark	2008-2010	
ERR1190679	China	2014	
ERR210632	Spain	2008-2010	
ERR209391	Denmark	2008-2010	
ERR209427	Denmark	2008-2010	
ERR481016	Germany	2011/2013	
ERR414734	Spain	2008/2010	
ERR525866	Denmark	2008/2010	
ERR408153	Spain	2012-10-04	
ERR209423	Denmark	2008-2010	
SRR2566008	Canada	2010-02-04	45.50 N 73.63 W
ERR209780	Spain	2008-2010	
ERR210378	Denmark	2008-2010	
ERR1018290	China	2012	
SRR2938321	Peru	21-Aug-2012	
SRR1624848	USA	2012-04-11	38.984652 N 77.094709 W
ERR210359	Denmark	2008-2010	
ERR748210	Germany	2011/2014	
ERR209417	Denmark	2008-2010	
ERR480957	Germany	2011/2013	
ERR589827	China	2012	
ERR479026	France	2004/2006	
ERR1190631	China	2014	
ERR210511	Spain	2008-2010	
ERR748081	Germany	2011/2014	
ERR1190579	China	2014	
ERR210044	Denmark	2008-2010	
SRR2089001	Canada	2013-02-25	49 N 123 W
SRR4236670	Japan	2015-05-20	34.6500 N 135.0500 E
ERR481040	Germany	2011/2013	
SRR2938596	Peru	21-May-2012	
ERR209494	Denmark	2008-2010	
ERR480689	France	2004/2006	
ERR209303	Denmark	2008-2010	
ERR748493	Germany	2011/2014	
ERR414668	Spain	2008/2010	
SRR3993012	Mongolia	Oct-2010	47.30 N 106.15 E
ERR748454	Germany	2011/2014	
ERR209127	Denmark	2008-2010	
SRR2060726	USA	28-Jun-2013	43.727094 N 72.425964 W
SRR1750097	USA	30-Jun-2014	40.67 N 73.98 W
ERR479306	France	2004/2006	
ERR527102	China	2011	
ERR1190635	China	2014	
SRR2183735	USA	10-03-2014	
ERR209644	Spain	2008-2010	
ERR209310	Denmark	2008-2010	
ERR209571	Spain	2008-2010	
SRR2566004	Canada	2010-01-29	45.50 N 73.63 W
ERR748445	Germany	2011/2014	
ERR321528	Denmark	2008-2010	
ERR480664	France	2004/2006	
ERR414262	Denmark	2008/2010	
ERR479008	France	2004/2006	
ERR321250	Denmark	2008-2010	
ERR748451	Germany	2011/2014	
SRR2565935	Canada	2010-12-20	45.50 N 73.63 W
ERR210347	Denmark	2008-2010	
SRR1750099	USA	30-Jun-2014	40.67 N 73.99 W
ERR210646	Spain	2008-2010	
ERR480764	France	2004/2006	
ERR748459	Germany	2011/2014	
SRR1750100	USA	30-Jun-2014	40.67 N 73.98 W
ERR210249	Denmark	2008-2010	
ERR209291	Denmark	2008-2010	
ERR748378	Germany	2011/2014	
SRR2298538	Finland	2006-10-03	
ERR321068	Denmark	2008-2010	
SRR4032556	USA	2013	29.77152983140312 N 95.22124444140627 W
ERR748161	Germany	2011/2014	
ERR481042	Germany	2011/2013	
ERR479548	Germany	2011/2013	
ERR321438	Denmark	2008-2010	
SRR3182127	USA	2014-01-24	38.984652 N 77.094709 W
ERR479546	Germany	2011/2013	
ERR1190584	China	2014	
ERR262944	Germany	2011	
ERR1018249	China	2012	
ERR210006	Denmark	2008-2010	
ERR414667	Spain	2008/2010	
ERR480800	France	2004/2006	
ERR209260	Denmark	2008-2010	
ERR479434	Germany	2011/2013	
SRR2082447	Canada	2013	53.520710 N 113.524239 W
ERR480846	France	2004/2006	
SRR1106691	China	2011.12-2012.01	32056.10""-118412.95
ERR527132	China	2011	
ERR527177	China	2011	
ERR748111	Germany	2011/2014	
SRR3191664	USA	2014-02-27	38.984652 N 77.094709 W
ERR1018309	China	2012	
ERR321524	Denmark	2008-2010	
SRR1750102	USA	30-Jun-2014	40.67 N 73.99 W
SRR2089010	Canada	2013-03-25	49 N 123 W
SRR3183506	USA	2013-12-06	38.984652 N 77.094709 W
ERR321298	Denmark	2008-2010	
ERR528302	China	2011	
ERR209365	Denmark	2008-2010	
ERR209657	Spain	2008-2010	
SRR4074314	Italy	2013	
ERR414248	Denmark	2008/2010	
ERR209488	Denmark	2008-2010	
ERR1018300	China	2012	
SRR3501873	Singapore	2015-06-19	1.33 N 103.75 E
ERR480704	France	2004/2006	
ERR414335	Denmark	2008/2010	
ERR478970	France	2004/2006	
ERR1190535	China	2014	
ERR321555	Denmark	2008-2010	
ERR210377	Denmark	2008-2010	
ERR748449	Germany	2011/2014	
ERR1190837	China	2014	
ERR210306	Denmark	2008-2010	
SRR2566042	Canada	2010-03-08	45.50 N 73.63 W
ERR589571	China	2012	
ERR209771	Spain	2008-2010	
ERR414362	Spain	2008/2010	
ERR225949	Germany	22-08-2009	
SRR3098772	Greece	26-Feb-2013	39.7190 N 20.604 E
ERR748199	Germany	2011/2014	
ERR527127	China	2011	
SRR2566025	Canada	2010-02-25	45.50 N 73.63 W
SRR3535020	USA	2014-04-02	31.5343 N 89.10706 W
SRR2938592	El Salvador	17-Jan-2014	none
ERR209095	Denmark	2008-2010	
SRR2565548	Canada	2010-05-19	45.50 N 73.63 W
ERR479322	France	2004/2006	
ERR209486	Denmark	2008-2010	
ERR748149	Germany	2011/2014	
ERR479432	Germany	2011/2013	
SRR3181914	USA	2013-12-18	38.984652 N 77.094709 W
ERR414293	Denmark	2008/2010	
ERR1018205	China	2012	
ERR479384	France	2004/2006	
ERR420353	Pacific Ocean	2011/2012	
ERR1018225	China	2012	
ERR480747	France	2004/2006	
SRR1616983	Germany	21-Jun-2012	48 N 8 E
ERR209523	Denmark	2008-2010	
SRR3993046	China	Oct-2010	43.95 N 116.26 E
ERR210676	Spain	2008-2010	
ERR748085	Germany	2011/2014	
ERR414258	Denmark	2008/2010	
ERR321207	Denmark	2008-2010	
ERR318702	USA	01/05/2006	
ERR1190707	China	2014	
ERR1190662	China	2014	
SRR4236673	Canada	2015-06-16	49.2500 N 123.1000 W
SRR1535402	China	2013	22.55 N 113.24 E
SRR3736987	USA	2012-10-23	40.829 N 96.667 W
ERR479590	Germany	2011/2013	
ERR414259	Denmark	2008/2010	
ERR414270	Denmark	2008/2010	
ERR748148	Germany	2011/2014	
ERR1190955	China	2014	
SRR1168486	USA	Sep-2013	32.65627, -90.20933
SRR3182116	USA	2014-01-24	38.984652 N 77.094709 W
ERR480683	France	2004/2006	
ERR480589	France	2004/2006	
ERR321336	Denmark	2008-2010	
ERR209658	Spain	2008-2010	
ERR210053	Denmark	2008-2010	
SRR1624852	USA	2012-04-11	38.984652 N 77.094709 W
SRR2298559	Finland	2004-05-03	
ERR414653	Spain	2008/2010	
ERR321373	Denmark	2008-2010	
SRR3182125	USA	2014-01-24	38.984652 N 77.094709 W
ERR209320	Denmark	2008-2010	
ERR748011	Germany	2011/2014	
ERR260499	Germany	2011	
SRR2155317	Germany	Nov-2010	not applicable
ERR748387	Germany	2011/2014	
ERR480713	France	2004/2006	
ERR209466	Denmark	2008-2010	
SRR2155354	Germany	Nov-2011	not applicable
ERR1018211	China	2012	
ERR209301	Denmark	2008-2010	
SRR2565983	Canada	2011-04-28	45.50 N 73.63 W
ERR480623	France	2004/2006	
ERR209129	Denmark	2008-2010	
ERR480658	France	2004/2006	
ERR209674	Spain	2008-2010	
SRR545932	Canada	2004	53.520710 -113.524239
ERR1190670	China	2014	
SRR2062629	USA	01-Jul-2013	43.727094 N 72.425964 W
ERR748179	Germany	2011/2014	
ERR318703	USA	01/05/2006	
ERR209641	Spain	2008-2010	
ERR209526	Denmark	2008-2010	
ERR1018297	China	2012	
ERR528336	China	2011	
ERR589536	China	2012	
ERR479521	Germany	2011/2013	
ERR209297	Denmark	2008-2010	
ERR479071	France	2004/2006	
ERR210163	Denmark	2008-2010	
ERR210654	Spain	2008-2010	
ERR528738	China	2011	
SRR3183617	USA	2014-01-16	38.984652 N 77.094709 W
ERR480763	France	2004/2006	
SRR4032564	USA	2013	29.77152983140313 N 95.22124444140628 W
ERR210747	Spain	2008-2010	
SRR3313079	Luxembourg	2012-08-03	49.5 N 6.2 E
ERR1190640	China	2014	
ERR748095	Germany	2011/2014	
ERR210096	Denmark	2008-2010	
ERR748420	Germany	2011/2014	
ERR525804	Denmark	2008/2010	
ERR414478	Spain	2008/2010	
ERR1578696	China	2013	
ERR479486	Germany	2011/2013	
ERR210484	Spain	2008-2010	
ERR1190892	China	2014	
ERR748457	Germany	2011/2014	
ERR527030	China	2011	
ERR209629	Spain	2008-2010	
ERR748143	Germany	2011/2014	
ERR209779	Spain	2008-2010	
ERR589816	China	2012	
ERR209424	Denmark	2008-2010	
ERR209960	Denmark	2008-2010	
SRR1438011	Germany	01. Feb 11	52.529611 13.401343
ERR225947	Germany	16-08-2009	
ERR748395	Germany	2011/2014	
ERR321572	Denmark	2008-2010	
ERR209447	Denmark	2008-2010	
ERR1190681	China	2014	
ERR1190712	China	2014	
SRR3181915	USA	2013-12-18	38.984652 N 77.094709 W
ERR1018310	China	2012	
SRR2155335	Germany	May-2011	not applicable
SRR3208484	USA	16-Dec-2013	43.5170 N 116.2560 W
ERR209667	Spain	2008-2010	
SRR3182132	USA	2014-01-24	38.984652 N 77.094709 W
ERR414776	Spain	2008/2010	
SRR3182144	USA	2014-01-24	38.984652 N 77.094709 W
ERR414427	Spain	2008/2010	
ERR589735	China	2012	
ERR209575	Spain	2008-2010	
ERR480958	Germany	2011/2013	
ERR480630	France	2004/2006	
SRR2566055	Canada	2010-03-15	45.50 N 73.63 W
ERR1578709	China	2013	
ERR480828	France	2004/2006	
ERR748311	Germany	2011/2014	
ERR321392	Denmark	2008-2010	
SRR4074261	Italy	2013	
ERR414540	Denmark	2008/2010	
SRR4074305	Italy	2013	
ERR748130	Germany	2011/2014	
ERR209470	Denmark	2008-2010	
ERR414291	Denmark	2008/2010	
SRR1761776	Peru	2012	5.68 S 73.33 W
SRR2938231	Peru	15-Jan-2012	
SRR2566067	Canada	2010-04-19	45.50 N 73.63 W
ERR1190627	China	2014	
ERR209240	Denmark	2008-2010	
ERR480943	Germany	2011/2013	
ERR414606	Denmark	2008/2010	
ERR479594	Germany	2011/2013	
ERR321621	Denmark	2008-2010	
ERR414323	Denmark	2008/2010	
ERR1578641	China	2013	
ERR209406	Denmark	2008-2010	
ERR408142	Spain	2012-06-06	
ERR414401	Spain	2008/2010	
ERR525979	Denmark	2008/2010	
SRR4074357	Italy	2013	
ERR748360	Germany	2011/2014	
ERR480863	France	2004/2006	
ERR321269	Denmark	2008-2010	
ERR210173	Denmark	2008-2010	
ERR318685	USA	01/05/2006	
ERR1018232	China	2012	
SRR2583981	Canada	2010-02-23	45.50 N 73.63 W
ERR748234	Germany	2011/2014	
ERR414246	Denmark	2008/2010	
SRR2938608	Peru	15-Jan-2013	
SRR2183685	USA	06-06-2014	
ERR414290	Denmark	2008/2010	
ERR479402	France	2004/2006	
SRR2298560	Finland	1999-10-18	
ERR525816	Denmark	2008/2010	
ERR414322	Denmark	2008/2010	
ERR748472	Germany	2011/2014	
SRR2566024	Canada	2010-02-22	45.50 N 73.63 W
ERR209857	Spain	2008-2010	
SRR3501887	Singapore	2015-07-16	1.33 N 103.75 E
ERR414295	Denmark	2008/2010	
ERR479369	France	2004/2006	
ERR321161	Denmark	2008-2010	
SRR1631523	USA	2013-02-14	38.984652 N 77.094709 W
SRR3737006	USA	2012-08-27	40.829 N 96.667 W
SRR2155375	Germany	Feb-2010	not applicable
ERR748392	Germany	2011/2014	
SRR4451631	USA	2014-06-05	39.288462639338995 N 76.62594594061375 W
ERR527169	China	2011	
SRR2089201	Canada	2013-01-21	49 N 123 W
SRR3917694	USA	2013-04-03	40.829 N 96.667 W
SRR4032567	USA	2013	29.77152983140313 N 95.22124444140628 W
ERR1018235	China	2012	
ERR209060	Denmark	2008-2010	
ERR479231	France	2004/2006	
ERR1018209	China	2012	
SRR3737001	USA	2012-09-06	40.829 N 96.667 W
ERR414716	Spain	2008/2010	
ERR209697	Spain	2008-2010	
SRR1535311	China	2011	22.55 N 113.24 E
ERR748207	Germany	2011/2014	
ERR209298	Denmark	2008-2010	
SRR2155356	Germany	Nov-2009	not applicable
ERR414462	Spain	2008/2010	
ERR414761	Spain	2008/2010	
ERR748494	Germany	2011/2014	
ERR481020	Germany	2011/2013	
ERR748429	Germany	2011/2014	
ERR321502	Denmark	2008-2010	
ERR414791	Spain	2008/2010	
ERR480694	France	2004/2006	
SRR4032467	USA	2013	29.77152983140312 N 95.22124444140627 W
SRR3183597	USA	2014-01-16	38.984652 N 77.094709 W
SRR3187098	USA	2014-03-28	38.984652 N 77.094709 W
ERR209687	Spain	2008-2010	
ERR589531	China	2012	
ERR1190875	China	2014	
ERR321280	Denmark	2008-2010	
ERR414729	Spain	2008/2010	
ERR748059	Germany	2011/2014	
ERR748390	Germany	2011/2014	
ERR210495	Spain	2008-2010	
SRR2566050	Canada	2010-03-15	45.50 N 73.63 W
ERR748475	Germany	2011/2014	
ERR209224	Denmark	2008-2010	
ERR589751	China	2012	
SRR3184255	USA	2014-01-28	38.984652 N 77.094709 W
ERR209900	Spain	2008-2010	
ERR481049	Germany	2011/2013	
SRR2940946	USA	2012-07-05	Not applicable
ERR527164	China	2011	
ERR414603	Denmark	2008/2010	
SRR1535306	China	2011	22.55 N 113.24 E
ERR525995	Denmark	2008/2010	
SRR3313078	Luxembourg	2013-01-11	49.5 N 6.2 E
ERR414748	Spain	2008/2010	
ERR748486	Germany	2011/2014	
ERR748393	Germany	2011/2014	
ERR748176	Germany	2011/2014	
ERR209467	Denmark	2008-2010	
ERR528317	China	2011	
ERR527151	China	2011	
ERR589547	China	2012	
ERR748181	Germany	2011/2014	
ERR748428	Germany	2011/2014	
ERR209449	Denmark	2008-2010	
ERR210043	Denmark	2008-2010	
ERR748073	Germany	2011/2014	
ERR481047	Germany	2011/2013	
ERR414583	Denmark	2008/2010	
SRR2565921	Canada	2010-11-23	45.50 N 73.63 W
SRR2938330	Peru	15-Jan-2013	
ERR321200	Denmark	2008-2010	
ERR748183	Germany	2011/2014	
ERR210217	Denmark	2008-2010	
ERR209330	Denmark	2008-2010	
ERR480699	France	2004/2006	
ERR748368	Germany	2011/2014	
ERR210093	Denmark	2008-2010	
ERR321431	Denmark	2008-2010	
ERR479394	France	2004/2006	
SRR2938469	El Salvador	14-Jan-2014	
SRR3313044	Luxembourg	2012-09-07	49.5 N 6.2 E
ERR480942	Germany	2011/2013	
ERR748312	Germany	2011/2014	
ERR414651	Spain	2008/2010	
SRR3992966	China	Oct-2010	43.95 N 116.23 E
ERR321400	Denmark	2008-2010	
ERR748033	Germany	2011/2014	
ERR420360	Pacific Ocean	2011/2012	
ERR414682	Spain	2008/2010	
ERR321435	Denmark	2008-2010	
ERR318701	USA	01/05/2006	
ERR1018272	China	2012	
ERR209686	Spain	2008-2010	
ERR480897	France	2004/2006	
ERR209237	Denmark	2008-2010	
ERR589574	China	2012	
ERR1190607	China	2014	
ERR748044	Germany	2011/2014	
SRR2566017	Canada	2010-02-03	45.50 N 73.63 W
ERR748492	Germany	2011/2014	
ERR209077	Denmark	2008-2010	
ERR1018265	China	2012	
ERR480937	Germany	2011/2013	
ERR748185	Germany	2011/2014	
ERR321267	Denmark	2008-2010	
SRR2155180	Germany	Nov-2010	not applicable
ERR480540	France	2004/2006	
SRR2583965	Canada	2010-01-05	45.50 N 73.63 W
SRR1761752	USA	2013	35.21 N 97.43 W
ERR748448	Germany	2011/2014	
SRR2297848	Finland	2004-05-01	
ERR210037	Denmark	2008-2010	
ERR414518	Denmark	2008/2010	
SRR2183701	USA	07-02-2014	
ERR414552	Denmark	2008/2010	
ERR209201	Denmark	2008-2010	
SRR1747060	Kenya	26-Jul-2012	2.717 S 37.1 E
ERR479595	Germany	2011/2013	
ERR1190714	China	2014	
ERR210153	Denmark	2008-2010	
ERR479576	Germany	2011/2013	
ERR209525	Denmark	2008-2010	
ERR1190942	China	2014	
ERR480567	France	2004/2006	
ERR1190966	China	2014	
ERR209243	Denmark	2008-2010	
ERR210714	Spain	2008-2010	
ERR210243	Denmark	2008-2010	
SRR3992994	Mongolia	Jun-2013	47.19 N 110.39 E
ERR209778	Spain	2008-2010	
SRR3501862	Singapore	2015-06-12	1.33 N 103.75 E
ERR748134	Germany	2011/2014	
ERR527039	China	2011	
SRR4444845	USA	2014-06-04	39.288462639338995 N 76.62594594061375 W
ERR479304	France	2004/2006	
ERR210007	Denmark	2008-2010	
ERR321231	Denmark	2008-2010	
ERR209702	Spain	2008-2010	
ERR748167	Germany	2011/2014	
SRR2298266	Finland	2001-05-20	
ERR1018217	China	2012	
ERR480610	France	2004/2006	
ERR1190551	China	2014	
SRR2968857	India	23-Apr-2014	30.33 N 76.49000000000001 E
SRR3181998	USA	2013-12-18	38.984652 N 77.094709 W
ERR321426	Denmark	2008-2010	
ERR414495	Spain	2008/2010	
ERR479368	France	2004/2006	
ERR210090	Denmark	2008-2010	
ERR480966	Germany	2011/2013	
ERR321501	Denmark	2008-2010	
ERR526052	Denmark	2008/2010	
ERR748057	Germany	2011/2014	
ERR479337	France	2004/2006	
ERR480569	France	2004/2006	
ERR1190648	China	2014	
SRR2938526	Peru	15-Jan-2012	
SRR2565824	Canada	2010-07-27	45.50 N 73.63 W
ERR589871	China	2012	
ERR1190586	China	2014	
SRR3736995	USA	2012-10-05	40.829 N 96.667 W
ERR209226	Denmark	2008-2010	
SRR1611146	Luxembourg	1/11/12	49.5134139 N 0.006.0179250 E
SRR2298568	Finland	2001-05-14	
ERR321201	Denmark	2008-2010	
ERR748067	Germany	2011/2014	
ERR748151	Germany	2011/2014	
SRR3536228	USA	2014-04-08	31.6733 N 89.5875 W
ERR209288	Denmark	2008-2010	
ERR748184	Germany	2011/2014	
SRR3181908	USA	2013-12-18	38.984652 N 77.094709 W
ERR209564	Spain	2008-2010	
SRR2938615	Peru	15-Jan-2013	
ERR480514	France	2004/2006	
ERR480834	France	2004/2006	
ERR480621	France	2004/2006	
ERR321334	Denmark	2008-2010	
SRR2082445	Canada	2013	53.520710 N 113.524239 W
ERR480912	France	2004/2006	
SRR3313048	Luxembourg	2012-09-27	49.5 N 6.2 E
ERR414273	Denmark	2008/2010	
ERR209328	Denmark	2008-2010	
ERR209125	Denmark	2008-2010	
ERR210110	Denmark	2008-2010	
ERR209905	Spain	2008-2010	
SRR2566060	Canada	2009-11-16	45.50 N 73.63 W
ERR480547	France	2004/2006	
ERR479285	France	2004/2006	
SRR1631315	USA	2013-01-17	38.984652 N 77.094709 W
ERR479549	Germany	2011/2013	
ERR321476	Denmark	2008-2010	
ERR480836	France	2004/2006	
ERR1190538	China	2014	
ERR527138	China	2011	
SRR3654270	Norway	Jun-2014	59.21812294905911 N 10.936937648436924 E
ERR525848	Denmark	2008/2010	
ERR526043	Denmark	2008/2010	
ERR479580	Germany	2011/2013	
SRR3182099	USA	2014-01-24	38.984652 N 77.094709 W
ERR478967	France	2004/2006	
SRR1238407	Denmark	Nov-2012	55.68N 12.57E
ERR321471	Denmark	2008-2010	
ERR209128	Denmark	2008-2010	
ERR1190932	China	2014	
ERR1190674	China	2014	
SRR2565537	Canada	2010-04-21	45.50 N 73.63 W
SRR3100155	Israel	2013-03-22	29.581368 N 34.965274 E
SRR3182137	USA	2014-01-24	38.984652 N 77.094709 W
SRR2566022	Canada	2010-02-10	45.50 N 73.63 W
ERR479420	Germany	2011/2013	
SRR2297846	Finland	2001-07-02	
ERR414539	Denmark	2008/2010	
SRR3191673	USA	2014-04-04	38.984652 N 77.094709 W
ERR209796	Spain	2008-2010	
SRR3737013	USA	2012-11-05	40.829 N 96.667 W
ERR209256	Denmark	2008-2010	
SRR2565954	Canada	2011-03-11	45.50 N 73.63 W
ERR414742	Spain	2008/2010	
ERR414578	Denmark	2008/2010	
ERR481072	Germany	2011/2013	
ERR414450	Spain	2008/2010	
ERR478965	France	2004/2006	
ERR209515	Denmark	2008-2010	
ERR210620	Spain	2008-2010	
SRR4032513	USA	2013	29.77152983140312 N 95.22124444140627 W
SRR1535346	China	2012	22.55 N 113.24 E
ERR525720	Denmark	2008/2010	
ERR414504	Spain	2008/2010	
ERR321279	Denmark	2008-2010	
ERR589789	China	2012	
ERR1190836	China	2014	
ERR209565	Spain	2008-2010	
SRR3313062	Luxembourg	2012-09-21	49.5 N 6.2 E
ERR748209	Germany	2011/2014	
SRR1750094	USA	30-Jun-2014	40.68 N 73.98 W
ERR209426	Denmark	2008-2010	
ERR414538	Denmark	2008/2010	
ERR1018233	China	2012	
ERR480768	France	2004/2006	
ERR748206	Germany	2011/2014	
ERR1190973	China	2014	
ERR479395	France	2004/2006	
SRR4074268	Italy	2013	
ERR748201	Germany	2011/2014	
ERR748140	Germany	2011/2014	
ERR748485	Germany	2011/2014	
ERR748198	Germany	2011/2014	
ERR480831	France	2004/2006	
SRR2155176	Germany	Nov-2009	not applicable
ERR589762	China	2012	
ERR527078	China	2011	
ERR321372	Denmark	2008-2010	
ERR210422	Spain	2008-2010	
SRR1616986	Germany	21-Jun-2012	48 N 8 E
ERR481051	Germany	2011/2013	
ERR748158	Germany	2011/2014	
ERR589564	China	2012	
ERR527212	China	2011	
ERR209846	Spain	2008-2010	
ERR210112	Denmark	2008-2010	
ERR479555	Germany	2011/2013	
ERR321437	Denmark	2008-2010	
ERR480999	Germany	2011/2013	
ERR480998	Germany	2011/2013	
ERR1018239	China	2012	
ERR209257	Denmark	2008-2010	
ERR748343	Germany	2011/2014	
ERR321117	Denmark	2008-2010	
ERR748489	Germany	2011/2014	
ERR414282	Denmark	2008/2010	
ERR479112	France	2004/2006	
SRR2043632	Hong_Kong	Apr-2014	22.15 N 114.10 E
ERR480804	France	2004/2006	
ERR209594	Spain	2008-2010	
ERR479547	Germany	2011/2013	
ERR479027	France	2004/2006	
ERR525769	Denmark	2008/2010	
ERR481091	Germany	2011/2013	
ERR748177	Germany	2011/2014	
SRR4423656	USA	2014-06-23	39.288462639338995 N 76.62594594061375 W
ERR480873	France	2004/2006	
ERR479017	France	2004/2006	
SRR2938450	El Salvador	07-Jan-2013	
ERR209626	Spain	2008-2010	
ERR321265	Denmark	2008-2010	
ERR479212	France	2004/2006	
ERR321581	Denmark	2008-2010	
ERR209337	Denmark	2008-2010	
SRR2089089	Canada	2012-12-17	49 N 123 W
ERR209311	Denmark	2008-2010	
ERR209853	Spain	2008-2010	
SRR3182004	USA	2013-12-18	38.984652 N 77.094709 W
ERR1190974	China	2014	
ERR748195	Germany	2011/2014	
ERR209570	Spain	2008-2010	
ERR1190879	China	2014	
ERR321569	Denmark	2008-2010	
ERR480665	France	2004/2006	
ERR589808	China	2012	
ERR479401	France	2004/2006	
ERR210300	Denmark	2008-2010	
ERR210138	Denmark	2008-2010	
ERR480736	France	2004/2006	
ERR321134	Denmark	2008-2010	
ERR525772	Denmark	2008/2010	
ERR209914	Denmark	2008-2010	
ERR321401	Denmark	2008-2010	
SRR3182003	USA	2013-12-18	38.984652 N 77.094709 W
ERR748192	Germany	2011/2014	
ERR481048	Germany	2011/2013	
SRR1620993	USA	2011-09-30	38.984652 N 77.094709 W
ERR210619	Spain	2008-2010	
SRR2107173	Argentina	05-Sep-08	34.07 S 59.07 W
ERR479228	France	2004/2006	
ERR480767	France	2004/2006	
ERR748188	Germany	2011/2014	
ERR1190630	China	2014	
ERR479193	France	2004/2006	
ERR748165	Germany	2011/2014	
ERR480629	France	2004/2006	
ERR209829	Spain	2008-2010	
ERR414235	Denmark	2008/2010	
ERR1018197	China	2012	
ERR420365	Pacific Ocean	2011/2012	
ERR209980	Denmark	2008-2010	
ERR414563	Denmark	2008/2010	
ERR1018303	China	2012	
ERR479524	Germany	2011/2013	
SRR1106773	China	2012.11-2.13.5	32056.10""-11336'35.96
ERR321537	Denmark	2008-2010	
ERR589826	China	2012	
ERR209269	Denmark	2008-2010	
ERR748319	Germany	2011/2014	
ERR210410	Spain	2008-2010	
ERR414307	Denmark	2008/2010	
SRR1046369	Luxembourg	25-Jan-2011	49.5134139, 006.0179250
ERR748351	Germany	2011/2014	
ERR321213	Denmark	2008-2010	
ERR209289	Denmark	2008-2010	
SRR3182134	USA	2014-01-24	38.984652 N 77.094709 W
SRR2938598	Peru	07-Aug-2012	
ERR748482	Germany	2011/2014	
SRR1554400	Canada	Oct-2010	missing
ERR748450	Germany	2011/2014	
ERR480462	France	2004/2006	
ERR414765	Spain	2008/2010	
SRR3993061	China	Oct-2010	43.95 N 116.10 E
ERR589540	China	2012	
ERR480463	France	2004/2006	
ERR479443	Germany	2011/2013	
ERR414337	Denmark	2008/2010	
ERR210245	Denmark	2008-2010	
ERR1190926	China	2014	
ERR527055	China	2011	
SRR4032483	USA	2013	29.77152983140313 N 95.22124444140628 W
SRR1624821	USA	2012-04-11	38.984652 N 77.094709 W
ERR321162	Denmark	2008-2010	
ERR210690	Spain	2008-2010	
ERR209649	Spain	2008-2010	
ERR748370	Germany	2011/2014	
ERR414663	Spain	2008/2010	
ERR480902	France	2004/2006	
ERR748113	Germany	2011/2014	
ERR528319	China	2011	
ERR480721	France	2004/2006	
ERR209600	Spain	2008-2010	
ERR479403	France	2004/2006	
ERR210705	Spain	2008-2010	
ERR414576	Denmark	2008/2010	
ERR321383	Denmark	2008-2010	
ERR209485	Denmark	2008-2010	
ERR209947	Denmark	2008-2010	
SRR2308974	China	2012-12	34.65 N 119.17 E
ERR321184	Denmark	2008-2010	
ERR480871	France	2004/2006	
ERR209266	Denmark	2008-2010	
SRR3182128	USA	2014-01-24	38.984652 N 77.094709 W
SRR3181997	USA	2013-12-18	38.984652 N 77.094709 W
SRR2183695	USA	06-18-2014	
SRR3184257	USA	2014-01-28	38.984652 N 77.094709 W
ERR321402	Denmark	2008-2010	
SRR4435697	USA	2014-06-08	39.288462639338995 N 76.62594594061375 W
SRR4032627	USA	2013	29.77152983140312 N 95.22124444140627 W
SRR3993023	Mongolia	Oct-2010	47.30 N 106.15 E
SRR4435717	USA	2014-06-09	39.288462639338995 N 76.62594594061375 W
SRR2155395	Germany	May-2010	not applicable
ERR480475	France	2004/2006	
ERR1018193	China	2012	
SRR3313073	Luxembourg	2012-12-07	49.5 N 6.2 E
SRR4423704	USA	2014-06-16	39.288462639338995 N 76.62594594061375 W
ERR480675	France	2004/2006	
ERR527120	China	2011	
ERR479209	France	2004/2006	
ERR480466	France	2004/2006	
ERR1190954	China	2014	
ERR209781	Spain	2008-2010	
SRR2938320	Peru	07-Aug-2012	
ERR527093	China	2011	
ERR209327	Denmark	2008-2010	
ERR321333	Denmark	2008-2010	
ERR1190533	China	2014	
