0	ERR209558_1	Spain	2008-2010
1	ERR209558_2	Spain	2008-2010
2	ERR209558_3	Spain	2008-2010
3	ERR209558_4	Spain	2008-2010
4	SRR3737026_1	USA	2012-10-05
5	ERR589834_1	China	2012
6	ERR1190956_1	China	2014
7	SRR2940947_1	USA	2012-07-05
8	SRR2940947_2	USA	2012-07-05
9	SRR2940947_3	USA	2012-07-05
10	SRR2155374_1	Germany	Feb-2010
11	SRR2155374_2	Germany	Feb-2010
12	ERR321506_1	Denmark	2008-2010
13	ERR321506_2	Denmark	2008-2010
14	ERR321506_3	Denmark	2008-2010
15	ERR321506_4	Denmark	2008-2010
16	ERR321506_5	Denmark	2008-2010
17	SRR2566059_1	Canada	2010-04-16
18	SRR2566059_2	Canada	2010-04-16
19	SRR2566059_3	Canada	2010-04-16
20	SRR2566059_4	Canada	2010-04-16
21	SRR2566059_5	Canada	2010-04-16
22	SRR2566059_6	Canada	2010-04-16
23	SRR2566059_7	Canada	2010-04-16
24	SRR2566059_8	Canada	2010-04-16
25	SRR2566059_9	Canada	2010-04-16
26	SRR2566059_10	Canada	2010-04-16
27	SRR2566059_11	Canada	2010-04-16
28	SRR2566059_12	Canada	2010-04-16
29	SRR2566059_13	Canada	2010-04-16
30	SRR2566059_14	Canada	2010-04-16
31	SRR2566059_15	Canada	2010-04-16
32	SRR2566059_16	Canada	2010-04-16
33	SRR2566059_17	Canada	2010-04-16
34	SRR2566059_18	Canada	2010-04-16
35	SRR2566059_19	Canada	2010-04-16
36	SRR2566059_20	Canada	2010-04-16
37	SRR2566059_21	Canada	2010-04-16
38	SRR2566059_22	Canada	2010-04-16
39	SRR2566059_23	Canada	2010-04-16
40	SRR2566059_24	Canada	2010-04-16
41	SRR2566059_25	Canada	2010-04-16
42	SRR2566059_26	Canada	2010-04-16
43	SRR2566059_27	Canada	2010-04-16
44	SRR2566059_28	Canada	2010-04-16
45	SRR2566059_29	Canada	2010-04-16
46	SRR2566059_30	Canada	2010-04-16
47	SRR2566059_31	Canada	2010-04-16
48	SRR2566059_32	Canada	2010-04-16
49	SRR2566059_33	Canada	2010-04-16
50	SRR2566059_34	Canada	2010-04-16
51	SRR2566059_35	Canada	2010-04-16
52	SRR2566059_36	Canada	2010-04-16
53	SRR2566059_37	Canada	2010-04-16
54	SRR2583975_1	Canada	2011-05-06
55	SRR2583975_2	Canada	2011-05-06
56	SRR2566057_1	Canada	2010-03-27
57	ERR209267_1	Denmark	2008-2010
58	ERR209267_2	Denmark	2008-2010
59	ERR1578694_1	China	2013
60	ERR1578694_2	China	2013
61	ERR1578694_3	China	2013
62	ERR1578694_4	China	2013
63	ERR1578694_5	China	2013
64	ERR1578694_6	China	2013
65	ERR1578694_7	China	2013
66	ERR526073_1	Denmark	2008/2010
67	ERR526073_2	Denmark	2008/2010
68	ERR526073_3	Denmark	2008/2010
69	ERR526073_4	Denmark	2008/2010
70	ERR526073_5	Denmark	2008/2010
71	ERR526073_6	Denmark	2008/2010
72	ERR526073_7	Denmark	2008/2010
73	ERR526073_8	Denmark	2008/2010
74	ERR526073_9	Denmark	2008/2010
75	ERR526073_10	Denmark	2008/2010
76	ERR526073_11	Denmark	2008/2010
77	ERR526073_12	Denmark	2008/2010
78	ERR526073_13	Denmark	2008/2010
79	ERR526073_14	Denmark	2008/2010
80	ERR505097_1	Australia	2012
81	ERR479369_1	France	2004/2006
82	ERR479369_2	France	2004/2006
83	ERR479369_3	France	2004/2006
84	ERR479369_4	France	2004/2006
85	ERR1190897_1	China	2014
86	ERR1190689_1	China	2014
87	ERR1190689_2	China	2014
88	ERR210122_1	Denmark	2008-2010
89	ERR210122_2	Denmark	2008-2010
90	SRR2082449_1	Canada	2013
91	ERR527143_1	China	2011
92	ERR414486_1	Spain	2008/2010
93	ERR589807_1	China	2012
94	ERR589807_2	China	2012
95	ERR589807_3	China	2012
96	ERR589807_4	China	2012
97	ERR589807_5	China	2012
98	ERR589807_6	China	2012
99	ERR589807_7	China	2012
100	ERR589807_8	China	2012
101	ERR589807_9	China	2012
102	ERR589807_10	China	2012
103	ERR589807_11	China	2012
104	ERR589807_12	China	2012
105	ERR589807_13	China	2012
106	ERR589807_14	China	2012
107	ERR589807_15	China	2012
108	ERR589807_16	China	2012
109	ERR589807_17	China	2012
110	ERR589807_18	China	2012
111	ERR589807_19	China	2012
112	ERR589807_20	China	2012
113	ERR589807_21	China	2012
114	ERR589807_22	China	2012
115	ERR589807_23	China	2012
116	ERR589807_24	China	2012
117	ERR589807_25	China	2012
118	ERR589807_26	China	2012
119	ERR589807_27	China	2012
120	ERR589807_28	China	2012
121	ERR589807_29	China	2012
122	ERR589807_30	China	2012
123	SRR2566041_1	Canada	2010-03-05
124	SRR2566041_2	Canada	2010-03-05
125	SRR3182126_1	USA	2014-01-24
126	ERR748085_1	Germany	2011/2014
127	SRR4032472_1	USA	2013
128	SRR4032472_2	USA	2013
129	SRR4032472_3	USA	2013
130	SRR4032472_4	USA	2013
131	SRR2566026_1	Canada	2009-11-11
132	ERR1018201_1	China	2012
133	ERR1018201_2	China	2012
134	ERR1018201_3	China	2012
135	ERR1018201_4	China	2012
136	ERR1190786_1	China	2014
137	ERR209367_1	Denmark	2008-2010
138	ERR209367_2	Denmark	2008-2010
139	ERR479384_1	France	2004/2006
140	ERR479384_2	France	2004/2006
141	ERR505106_1	Australia	2012
142	ERR505106_2	Australia	2012
143	ERR505106_3	Australia	2012
144	ERR505106_4	Australia	2012
145	ERR505106_5	Australia	2012
146	ERR505106_6	Australia	2012
147	ERR505106_7	Australia	2012
148	ERR505106_8	Australia	2012
149	ERR505106_9	Australia	2012
150	ERR505106_10	Australia	2012
151	ERR505106_11	Australia	2012
152	ERR505106_12	Australia	2012
153	ERR505106_13	Australia	2012
154	ERR505106_14	Australia	2012
155	ERR505106_15	Australia	2012
156	ERR505106_16	Australia	2012
157	ERR505106_17	Australia	2012
158	ERR505106_18	Australia	2012
159	ERR505106_19	Australia	2012
160	ERR505106_20	Australia	2012
161	ERR505106_21	Australia	2012
162	ERR505106_22	Australia	2012
163	ERR505106_23	Australia	2012
164	ERR505106_24	Australia	2012
165	ERR505106_25	Australia	2012
166	ERR505106_26	Australia	2012
167	ERR505106_27	Australia	2012
168	ERR505106_28	Australia	2012
169	ERR505106_29	Australia	2012
170	ERR505106_30	Australia	2012
171	ERR505106_31	Australia	2012
172	ERR505106_32	Australia	2012
173	ERR505106_33	Australia	2012
174	ERR505106_34	Australia	2012
175	ERR505106_35	Australia	2012
176	ERR505106_36	Australia	2012
177	ERR505106_37	Australia	2012
178	ERR505106_38	Australia	2012
179	ERR505106_39	Australia	2012
180	ERR505106_40	Australia	2012
181	ERR505106_41	Australia	2012
182	ERR505106_42	Australia	2012
183	ERR505106_43	Australia	2012
184	ERR505106_44	Australia	2012
185	SRR4074305_1	Italy	2013
186	SRR4074305_2	Italy	2013
187	ERR1018265_1	China	2012
188	ERR1018265_2	China	2012
189	ERR1018265_3	China	2012
190	ERR527106_1	China	2011
191	ERR527106_2	China	2011
192	ERR527106_3	China	2011
193	ERR527037_1	China	2011
194	ERR527037_2	China	2011
195	ERR321466_1	Denmark	2008-2010
196	ERR321466_2	Denmark	2008-2010
197	ERR321466_3	Denmark	2008-2010
198	ERR321466_4	Denmark	2008-2010
199	ERR321466_5	Denmark	2008-2010
200	ERR321466_6	Denmark	2008-2010
201	ERR321466_7	Denmark	2008-2010
202	ERR321466_8	Denmark	2008-2010
203	ERR321466_9	Denmark	2008-2010
204	ERR321466_10	Denmark	2008-2010
205	ERR321466_11	Denmark	2008-2010
206	ERR321466_12	Denmark	2008-2010
207	ERR321466_13	Denmark	2008-2010
208	ERR321466_14	Denmark	2008-2010
209	ERR210410_1	Spain	2008-2010
210	ERR210410_2	Spain	2008-2010
211	ERR527131_1	China	2011
212	ERR527131_2	China	2011
213	SRR3313062_1	Luxembourg	2012-09-21
214	SRR3313062_2	Luxembourg	2012-09-21
215	SRR3313062_3	Luxembourg	2012-09-21
216	SRR3313062_4	Luxembourg	2012-09-21
217	SRR3313062_5	Luxembourg	2012-09-21
218	ERR209515_1	Denmark	2008-2010
219	ERR1018297_1	China	2012
220	ERR209507_1	Denmark	2008-2010
221	ERR209507_2	Denmark	2008-2010
222	ERR209507_3	Denmark	2008-2010
223	ERR209507_4	Denmark	2008-2010
224	ERR1018190_1	China	2012
225	ERR1018190_2	China	2012
226	ERR589787_1	China	2012
227	ERR1190711_1	China	2014
228	ERR1190711_2	China	2014
229	ERR1190711_3	China	2014
230	ERR1190711_4	China	2014
231	SRR4423579_1	USA	2014-06-06
232	SRR4444875_1	USA	2014-06-02
233	SRR2565597_1	Canada	2010-07-05
234	SRR2565597_2	Canada	2010-07-05
235	ERR589811_1	China	2012
236	ERR589811_2	China	2012
237	ERR589811_3	China	2012
238	ERR589811_4	China	2012
239	ERR589811_5	China	2012
240	ERR589811_6	China	2012
241	ERR589811_7	China	2012
242	ERR589811_8	China	2012
243	ERR321530_1	Denmark	2008-2010
244	ERR321530_2	Denmark	2008-2010
245	ERR321530_3	Denmark	2008-2010
246	ERR321530_4	Denmark	2008-2010
247	ERR321530_5	Denmark	2008-2010
248	ERR321530_6	Denmark	2008-2010
249	ERR321530_7	Denmark	2008-2010
250	ERR321530_8	Denmark	2008-2010
251	ERR321530_9	Denmark	2008-2010
252	ERR321530_10	Denmark	2008-2010
253	ERR321530_11	Denmark	2008-2010
254	ERR321530_12	Denmark	2008-2010
255	ERR321530_13	Denmark	2008-2010
256	ERR321530_14	Denmark	2008-2010
257	ERR321530_15	Denmark	2008-2010
258	ERR321530_16	Denmark	2008-2010
259	ERR321530_17	Denmark	2008-2010
260	ERR321530_18	Denmark	2008-2010
261	ERR321530_19	Denmark	2008-2010
262	ERR321530_20	Denmark	2008-2010
263	ERR321530_21	Denmark	2008-2010
264	ERR321530_22	Denmark	2008-2010
265	ERR321530_23	Denmark	2008-2010
266	ERR321530_24	Denmark	2008-2010
267	ERR321530_25	Denmark	2008-2010
268	ERR1190968_1	China	2014
269	ERR1190968_2	China	2014
270	ERR1190968_3	China	2014
271	ERR1190968_4	China	2014
272	ERR1190968_5	China	2014
273	ERR1190968_6	China	2014
274	ERR1190968_7	China	2014
275	ERR1190955_1	China	2014
276	ERR414463_1	Spain	2008/2010
277	ERR414463_2	Spain	2008/2010
278	SRR3313045_1	Luxembourg	2012-10-18
279	SRR4423697_1	USA	2014-06-04
280	SRR2938335_1	Peru	29-Jan-2013
281	SRR2938335_2	Peru	29-Jan-2013
282	ERR1018213_1	China	2012
283	ERR1018213_2	China	2012
284	ERR479475_1	Germany	2011/2013
285	ERR479475_2	Germany	2011/2013
286	ERR479475_3	Germany	2011/2013
287	ERR479475_4	Germany	2011/2013
288	ERR479475_5	Germany	2011/2013
289	ERR479475_6	Germany	2011/2013
290	SRR3993023_1	Mongolia	Oct-2010
291	SRR3993023_2	Mongolia	Oct-2010
292	ERR525795_1	Denmark	2008/2010
293	ERR525795_2	Denmark	2008/2010
294	ERR525795_3	Denmark	2008/2010
295	ERR525795_4	Denmark	2008/2010
296	ERR525795_5	Denmark	2008/2010
297	ERR525795_6	Denmark	2008/2010
298	ERR525795_7	Denmark	2008/2010
299	ERR525795_8	Denmark	2008/2010
300	ERR525795_9	Denmark	2008/2010
301	ERR525795_10	Denmark	2008/2010
302	ERR525795_11	Denmark	2008/2010
303	ERR1190555_1	China	2014
304	ERR1190555_2	China	2014
305	ERR1190555_3	China	2014
306	ERR1190555_4	China	2014
307	ERR1190555_5	China	2014
308	ERR1190555_6	China	2014
309	ERR1190555_7	China	2014
310	ERR1190555_8	China	2014
311	ERR1018239_1	China	2012
312	SRR3993056_1	China	Oct-2010
313	SRR3993056_2	China	Oct-2010
314	SRR3993056_3	China	Oct-2010
315	SRR3993056_4	China	Oct-2010
316	SRR3993056_5	China	Oct-2010
317	SRR3993056_6	China	Oct-2010
318	SRR2940942_1	USA	2012-08-23
319	SRR2940942_2	USA	2012-08-23
320	ERR321483_1	Denmark	2008-2010
321	ERR321483_2	Denmark	2008-2010
322	ERR321483_3	Denmark	2008-2010
323	ERR321483_4	Denmark	2008-2010
324	ERR321483_5	Denmark	2008-2010
325	ERR321483_6	Denmark	2008-2010
326	ERR321483_7	Denmark	2008-2010
327	ERR321483_8	Denmark	2008-2010
328	ERR321483_9	Denmark	2008-2010
329	ERR321483_10	Denmark	2008-2010
330	ERR321483_11	Denmark	2008-2010
331	ERR321483_12	Denmark	2008-2010
332	ERR321483_13	Denmark	2008-2010
333	ERR321483_14	Denmark	2008-2010
334	ERR321483_15	Denmark	2008-2010
335	ERR321483_16	Denmark	2008-2010
336	ERR321483_17	Denmark	2008-2010
337	ERR321483_18	Denmark	2008-2010
338	ERR321483_19	Denmark	2008-2010
339	ERR321483_20	Denmark	2008-2010
340	ERR321483_21	Denmark	2008-2010
341	ERR321483_22	Denmark	2008-2010
342	ERR321483_23	Denmark	2008-2010
343	ERR321483_24	Denmark	2008-2010
344	ERR321483_25	Denmark	2008-2010
345	ERR321483_26	Denmark	2008-2010
346	ERR321483_27	Denmark	2008-2010
347	ERR321483_28	Denmark	2008-2010
348	ERR321483_29	Denmark	2008-2010
349	ERR321483_30	Denmark	2008-2010
350	ERR321483_31	Denmark	2008-2010
351	ERR321483_32	Denmark	2008-2010
352	ERR321483_33	Denmark	2008-2010
353	ERR321483_34	Denmark	2008-2010
354	ERR321483_35	Denmark	2008-2010
355	ERR321483_36	Denmark	2008-2010
356	ERR321483_37	Denmark	2008-2010
357	ERR321483_38	Denmark	2008-2010
358	ERR321483_39	Denmark	2008-2010
359	ERR321483_40	Denmark	2008-2010
360	ERR321483_41	Denmark	2008-2010
361	ERR321483_42	Denmark	2008-2010
362	ERR321483_43	Denmark	2008-2010
363	ERR321483_44	Denmark	2008-2010
364	ERR321483_45	Denmark	2008-2010
365	ERR321483_46	Denmark	2008-2010
366	ERR321483_47	Denmark	2008-2010
367	ERR321483_48	Denmark	2008-2010
368	ERR321483_49	Denmark	2008-2010
369	ERR321483_50	Denmark	2008-2010
370	ERR321483_51	Denmark	2008-2010
371	ERR321483_52	Denmark	2008-2010
372	ERR321483_53	Denmark	2008-2010
373	ERR321483_54	Denmark	2008-2010
374	ERR321483_55	Denmark	2008-2010
375	ERR321483_56	Denmark	2008-2010
376	ERR321483_57	Denmark	2008-2010
377	ERR321483_58	Denmark	2008-2010
378	ERR321483_59	Denmark	2008-2010
379	ERR479366_1	France	2004/2006
380	ERR479366_2	France	2004/2006
381	ERR479366_3	France	2004/2006
382	ERR479590_1	Germany	2011/2013
383	ERR1190617_1	China	2014
384	ERR1190617_2	China	2014
385	ERR321068_1	Denmark	2008-2010
386	ERR527120_1	China	2011
387	ERR527120_2	China	2011
388	ERR525764_1	Denmark	2008/2010
389	SRR2043640_1	Hong Kong	Apr-2014
390	SRR2043640_2	Hong Kong	Apr-2014
391	ERR1190865_1	China	2014
392	ERR1190865_2	China	2014
393	SRR2566056_1	Canada	2010-03-25
394	SRR2566056_2	Canada	2010-03-25
395	SRR4074260_1	Italy	2013
396	SRR4074260_2	Italy	2013
397	SRR4074260_3	Italy	2013
398	SRR4074260_4	Italy	2013
399	SRR4074260_5	Italy	2013
400	SRR4074260_6	Italy	2013
401	SRR4074260_7	Italy	2013
402	SRR4074260_8	Italy	2013
403	SRR4074260_9	Italy	2013
404	SRR4074260_10	Italy	2013
405	SRR4074260_11	Italy	2013
406	SRR4074260_12	Italy	2013
407	SRR4074260_13	Italy	2013
408	SRR4074260_14	Italy	2013
409	SRR4074260_15	Italy	2013
410	SRR4074260_16	Italy	2013
411	SRR4074260_17	Italy	2013
412	SRR4074260_18	Italy	2013
413	SRR4074260_19	Italy	2013
414	SRR4074260_20	Italy	2013
415	SRR4074260_21	Italy	2013
416	SRR4074260_22	Italy	2013
417	SRR4074260_23	Italy	2013
418	SRR4074260_24	Italy	2013
419	SRR4074260_25	Italy	2013
420	SRR4074260_26	Italy	2013
421	SRR4074260_27	Italy	2013
422	SRR4074260_28	Italy	2013
423	SRR4074260_29	Italy	2013
424	SRR4074260_30	Italy	2013
425	SRR4074260_31	Italy	2013
426	SRR4074260_32	Italy	2013
427	SRR4074260_33	Italy	2013
428	SRR4074260_34	Italy	2013
429	SRR4074260_35	Italy	2013
430	SRR4074260_36	Italy	2013
431	SRR4074260_37	Italy	2013
432	SRR4074260_38	Italy	2013
433	SRR4074260_39	Italy	2013
434	SRR4074260_40	Italy	2013
435	SRR4074260_41	Italy	2013
436	SRR4074260_42	Italy	2013
437	SRR4074260_43	Italy	2013
438	SRR4074260_44	Italy	2013
439	SRR4074260_45	Italy	2013
440	SRR4074260_46	Italy	2013
441	SRR4074260_47	Italy	2013
442	SRR4074260_48	Italy	2013
443	SRR4074260_49	Italy	2013
444	SRR4074260_50	Italy	2013
445	SRR4074260_51	Italy	2013
446	SRR4074260_52	Italy	2013
447	SRR4074260_53	Italy	2013
448	SRR4074260_54	Italy	2013
449	SRR4074260_55	Italy	2013
450	SRR4074260_56	Italy	2013
451	SRR4074260_57	Italy	2013
452	SRR4074260_58	Italy	2013
453	SRR4074260_59	Italy	2013
454	SRR4074260_60	Italy	2013
455	SRR4074260_61	Italy	2013
456	SRR4074260_62	Italy	2013
457	SRR4074260_63	Italy	2013
458	SRR4074260_64	Italy	2013
459	SRR4074260_65	Italy	2013
460	SRR4074260_66	Italy	2013
461	SRR4074260_67	Italy	2013
462	SRR4074260_68	Italy	2013
463	SRR4074260_69	Italy	2013
464	SRR4074260_70	Italy	2013
465	SRR4074260_71	Italy	2013
466	SRR4074260_72	Italy	2013
467	SRR4074260_73	Italy	2013
468	SRR4074260_74	Italy	2013
469	SRR4074260_75	Italy	2013
470	SRR4074260_76	Italy	2013
471	SRR4074260_77	Italy	2013
472	SRR4074260_78	Italy	2013
473	SRR4074260_79	Italy	2013
474	SRR4074260_80	Italy	2013
475	SRR4074260_81	Italy	2013
476	SRR4074260_82	Italy	2013
477	SRR4074260_83	Italy	2013
478	SRR4074260_84	Italy	2013
479	SRR4074260_85	Italy	2013
480	SRR4074260_86	Italy	2013
481	SRR4074260_87	Italy	2013
482	SRR4074260_88	Italy	2013
483	SRR4074260_89	Italy	2013
484	SRR4074260_90	Italy	2013
485	SRR4074260_91	Italy	2013
486	SRR4074260_92	Italy	2013
487	SRR4074260_93	Italy	2013
488	SRR4074260_94	Italy	2013
489	SRR4074260_95	Italy	2013
490	SRR4074260_96	Italy	2013
491	SRR4074260_97	Italy	2013
492	SRR4074260_98	Italy	2013
493	SRR4074260_99	Italy	2013
494	SRR4074260_100	Italy	2013
495	ERR1190705_1	China	2014
496	ERR1190705_2	China	2014
497	ERR479385_1	France	2004/2006
498	ERR479385_2	France	2004/2006
499	ERR479385_3	France	2004/2006
500	ERR479385_4	France	2004/2006
501	ERR479385_5	France	2004/2006
502	ERR479385_6	France	2004/2006
503	ERR479385_7	France	2004/2006
504	ERR479385_8	France	2004/2006
505	SRR1616987_1	Germany	15-Nov-2012
506	ERR209640_1	Spain	2008-2010
507	ERR209640_2	Spain	2008-2010
508	ERR527107_1	China	2011
509	ERR527107_2	China	2011
510	ERR527107_3	China	2011
511	ERR527107_4	China	2011
512	ERR527107_5	China	2011
513	ERR527107_6	China	2011
514	ERR527107_7	China	2011
515	ERR527107_8	China	2011
516	ERR527107_9	China	2011
517	ERR527107_10	China	2011
518	ERR527107_11	China	2011
519	ERR527107_12	China	2011
520	ERR527107_13	China	2011
521	ERR527107_14	China	2011
522	ERR527107_15	China	2011
523	ERR527107_16	China	2011
524	ERR527107_17	China	2011
525	ERR527107_18	China	2011
526	ERR527107_19	China	2011
527	ERR527107_20	China	2011
528	ERR527107_21	China	2011
529	ERR527107_22	China	2011
530	ERR527107_23	China	2011
531	ERR527107_24	China	2011
532	ERR527107_25	China	2011
533	ERR527107_26	China	2011
534	ERR527107_27	China	2011
535	ERR527107_28	China	2011
536	ERR527107_29	China	2011
537	ERR527107_30	China	2011
538	ERR527107_31	China	2011
539	ERR527107_32	China	2011
540	ERR527107_33	China	2011
541	ERR527107_34	China	2011
542	ERR527107_35	China	2011
543	ERR527107_36	China	2011
544	ERR527107_37	China	2011
545	ERR527107_38	China	2011
546	ERR527107_39	China	2011
547	ERR527107_40	China	2011
548	ERR527107_41	China	2011
549	ERR527107_42	China	2011
550	ERR527107_43	China	2011
551	ERR527107_44	China	2011
552	ERR527107_45	China	2011
553	ERR527107_46	China	2011
554	ERR527107_47	China	2011
555	ERR527107_48	China	2011
556	ERR527107_49	China	2011
557	ERR527107_50	China	2011
558	ERR527107_51	China	2011
559	ERR527107_52	China	2011
560	ERR527107_53	China	2011
561	ERR527107_54	China	2011
562	ERR527107_55	China	2011
563	ERR527107_56	China	2011
564	ERR527107_57	China	2011
565	ERR527107_58	China	2011
566	ERR527107_59	China	2011
567	ERR527107_60	China	2011
568	ERR527107_61	China	2011
569	ERR527107_62	China	2011
570	ERR527107_63	China	2011
571	ERR527107_64	China	2011
572	ERR527107_65	China	2011
573	ERR527107_66	China	2011
574	ERR527107_67	China	2011
575	ERR527107_68	China	2011
576	ERR527107_69	China	2011
577	ERR527107_70	China	2011
578	ERR527107_71	China	2011
579	ERR527107_72	China	2011
580	ERR527107_73	China	2011
581	ERR527107_74	China	2011
582	ERR527107_75	China	2011
583	ERR527107_76	China	2011
584	ERR527107_77	China	2011
585	ERR527107_78	China	2011
586	ERR527107_79	China	2011
587	ERR527107_80	China	2011
588	ERR527107_81	China	2011
589	ERR527107_82	China	2011
590	ERR527107_83	China	2011
591	ERR527107_84	China	2011
592	ERR527107_85	China	2011
593	ERR527107_86	China	2011
594	ERR527107_87	China	2011
595	ERR527107_88	China	2011
596	ERR527107_89	China	2011
597	ERR527107_90	China	2011
598	ERR527107_91	China	2011
599	ERR527107_92	China	2011
600	ERR527107_93	China	2011
601	ERR527107_94	China	2011
602	ERR527107_95	China	2011
603	ERR527107_96	China	2011
604	ERR527107_97	China	2011
605	ERR527107_98	China	2011
606	ERR527107_99	China	2011
607	ERR527107_100	China	2011
608	ERR1190683_1	China	2014
609	SRR4032496_1	USA	2013
610	SRR4074332_1	Italy	2013
611	SRR4074332_2	Italy	2013
612	SRR4074332_3	Italy	2013
613	SRR4074332_4	Italy	2013
614	SRR4074332_5	Italy	2013
615	SRR4074332_6	Italy	2013
616	SRR4074332_7	Italy	2013
617	SRR4074332_8	Italy	2013
618	SRR4074332_9	Italy	2013
619	SRR4074332_10	Italy	2013
620	SRR4074332_11	Italy	2013
621	SRR4074332_12	Italy	2013
622	SRR4074332_13	Italy	2013
623	SRR4074332_14	Italy	2013
624	SRR4074332_15	Italy	2013
625	SRR4074332_16	Italy	2013
626	SRR4074332_17	Italy	2013
627	SRR4074332_18	Italy	2013
628	SRR4074332_19	Italy	2013
629	SRR4074332_20	Italy	2013
630	SRR4074332_21	Italy	2013
631	SRR4074332_22	Italy	2013
632	SRR4074332_23	Italy	2013
633	SRR4074332_24	Italy	2013
634	SRR4074332_25	Italy	2013
635	SRR4074332_26	Italy	2013
636	SRR4074332_27	Italy	2013
637	SRR4074332_28	Italy	2013
638	SRR4074332_29	Italy	2013
639	SRR4074332_30	Italy	2013
640	SRR4074332_31	Italy	2013
641	SRR4074332_32	Italy	2013
642	SRR4074332_33	Italy	2013
643	SRR4074332_34	Italy	2013
644	SRR4074332_35	Italy	2013
645	SRR4074332_36	Italy	2013
646	SRR4074332_37	Italy	2013
647	SRR4074332_38	Italy	2013
648	SRR4074332_39	Italy	2013
649	SRR4074332_40	Italy	2013
650	SRR4074332_41	Italy	2013
651	SRR4074332_42	Italy	2013
652	SRR4074332_43	Italy	2013
653	SRR4074332_44	Italy	2013
654	SRR4074332_45	Italy	2013
655	SRR4074332_46	Italy	2013
656	SRR4074332_47	Italy	2013
657	SRR4074332_48	Italy	2013
658	SRR4074332_49	Italy	2013
659	SRR4074332_50	Italy	2013
660	SRR4074332_51	Italy	2013
661	SRR4074332_52	Italy	2013
662	SRR4074332_53	Italy	2013
663	SRR4074332_54	Italy	2013
664	SRR4074332_55	Italy	2013
665	SRR4074332_56	Italy	2013
666	SRR4074332_57	Italy	2013
667	SRR4074332_58	Italy	2013
668	SRR4074332_59	Italy	2013
669	SRR4074332_60	Italy	2013
670	SRR4074332_61	Italy	2013
671	SRR4074332_62	Italy	2013
672	SRR4074332_63	Italy	2013
673	SRR4074332_64	Italy	2013
674	SRR4074332_65	Italy	2013
675	SRR4074332_66	Italy	2013
676	SRR4074332_67	Italy	2013
677	SRR4074332_68	Italy	2013
678	SRR4074332_69	Italy	2013
679	SRR4074332_70	Italy	2013
680	SRR4074332_71	Italy	2013
681	SRR4074332_72	Italy	2013
682	SRR4074332_73	Italy	2013
683	SRR4074332_74	Italy	2013
684	SRR4074332_75	Italy	2013
685	SRR4074332_76	Italy	2013
686	SRR4074332_77	Italy	2013
687	SRR4074332_78	Italy	2013
688	SRR4074332_79	Italy	2013
689	SRR4074332_80	Italy	2013
690	SRR4074332_81	Italy	2013
691	SRR4074332_82	Italy	2013
692	SRR4074332_83	Italy	2013
693	SRR4074332_84	Italy	2013
694	SRR4074332_85	Italy	2013
695	SRR4074332_86	Italy	2013
696	SRR4074332_87	Italy	2013
697	SRR4074332_88	Italy	2013
698	SRR4074332_89	Italy	2013
699	SRR4074332_90	Italy	2013
700	SRR4074332_91	Italy	2013
701	SRR4074332_92	Italy	2013
702	SRR4074332_93	Italy	2013
703	SRR4074332_94	Italy	2013
704	SRR4074332_95	Italy	2013
705	SRR4074332_96	Italy	2013
706	SRR4074332_97	Italy	2013
707	SRR4074332_98	Italy	2013
708	SRR4074332_99	Italy	2013
709	SRR4074332_100	Italy	2013
710	SRR2565547_1	Canada	2010-05-17
711	SRR4423581_1	USA	2014-06-03
712	ERR209824_1	Spain	2008-2010
713	ERR209824_2	Spain	2008-2010
714	ERR209824_3	Spain	2008-2010
715	ERR209824_4	Spain	2008-2010
716	ERR209824_5	Spain	2008-2010
717	ERR209824_6	Spain	2008-2010
718	ERR209824_7	Spain	2008-2010
719	ERR209824_8	Spain	2008-2010
720	ERR209824_9	Spain	2008-2010
721	ERR209824_10	Spain	2008-2010
722	ERR209824_11	Spain	2008-2010
723	ERR209824_12	Spain	2008-2010
724	ERR209824_13	Spain	2008-2010
725	ERR209824_14	Spain	2008-2010
726	ERR209824_15	Spain	2008-2010
727	ERR209824_16	Spain	2008-2010
728	ERR209824_17	Spain	2008-2010
729	ERR209824_18	Spain	2008-2010
730	ERR209824_19	Spain	2008-2010
731	ERR209824_20	Spain	2008-2010
732	ERR209824_21	Spain	2008-2010
733	ERR209824_22	Spain	2008-2010
734	ERR209824_23	Spain	2008-2010
735	ERR209824_24	Spain	2008-2010
736	ERR209824_25	Spain	2008-2010
737	ERR209824_26	Spain	2008-2010
738	ERR209824_27	Spain	2008-2010
739	ERR209824_28	Spain	2008-2010
740	ERR209824_29	Spain	2008-2010
741	ERR209824_30	Spain	2008-2010
742	ERR209824_31	Spain	2008-2010
743	ERR209824_32	Spain	2008-2010
744	ERR209824_33	Spain	2008-2010
745	ERR209824_34	Spain	2008-2010
746	ERR209824_35	Spain	2008-2010
747	ERR209824_36	Spain	2008-2010
748	ERR209824_37	Spain	2008-2010
749	SRR2583967_1	Canada	2010-01-29
750	SRR2583967_2	Canada	2010-01-29
751	ERR525843_1	Denmark	2008/2010
752	ERR525843_2	Denmark	2008/2010
753	ERR525843_3	Denmark	2008/2010
754	SRR4481704_1	USA	2014-06-03
755	SRR4481704_2	USA	2014-06-03
756	SRR4481704_3	USA	2014-06-03
757	SRR4481704_4	USA	2014-06-03
758	ERR589548_1	China	2012
759	ERR1190954_1	China	2014
760	ERR1190954_2	China	2014
761	ERR1190954_3	China	2014
762	ERR1190954_4	China	2014
763	ERR1190954_5	China	2014
764	ERR1190954_6	China	2014
765	ERR1190954_7	China	2014
766	ERR1190954_8	China	2014
767	SRR3313072_1	Luxembourg	2012-09-20
768	SRR3313072_2	Luxembourg	2012-09-20
769	SRR3313072_3	Luxembourg	2012-09-20
770	SRR3313072_4	Luxembourg	2012-09-20
771	SRR4435717_1	USA	2014-06-09
772	SRR4435717_2	USA	2014-06-09
773	SRR4435717_3	USA	2014-06-09
774	SRR4435717_4	USA	2014-06-09
775	SRR4435717_5	USA	2014-06-09
776	SRR4435717_6	USA	2014-06-09
777	SRR4435717_7	USA	2014-06-09
778	SRR4435717_8	USA	2014-06-09
779	SRR4435717_9	USA	2014-06-09
780	ERR414330_1	Denmark	2008/2010
781	ERR414362_1	Spain	2008/2010
782	ERR527188_1	China	2011
783	ERR504978_1	China	2008/2010
784	ERR504978_2	China	2008/2010
785	ERR504978_3	China	2008/2010
786	ERR504978_4	China	2008/2010
787	ERR504978_5	China	2008/2010
788	ERR504978_6	China	2008/2010
789	ERR504978_7	China	2008/2010
790	ERR479395_1	France	2004/2006
791	ERR479395_2	France	2004/2006
792	ERR479395_3	France	2004/2006
793	ERR479395_4	France	2004/2006
794	ERR479395_5	France	2004/2006
795	ERR210036_1	Denmark	2008-2010
796	ERR210036_2	Denmark	2008-2010
797	ERR525772_1	Denmark	2008/2010
798	SRR3737022_1	USA	2012-10-18
799	ERR1018221_1	China	2012
800	ERR1018221_2	China	2012
801	ERR1018221_3	China	2012
802	ERR1018221_4	China	2012
803	ERR1018286_1	China	2012
804	ERR1018286_2	China	2012
805	ERR1018286_3	China	2012
806	ERR1578693_1	China	2013
807	ERR480821_1	France	2004/2006
808	ERR480821_2	France	2004/2006
809	ERR1190648_1	China	2014
810	ERR1190648_2	China	2014
811	ERR1190648_3	China	2014
812	ERR1190648_4	China	2014
813	ERR1190648_5	China	2014
814	ERR1190648_6	China	2014
815	ERR1190648_7	China	2014
816	ERR1190648_8	China	2014
817	ERR1190648_9	China	2014
818	ERR1190648_10	China	2014
819	ERR1190648_11	China	2014
820	ERR1190648_12	China	2014
821	ERR1190648_13	China	2014
822	ERR1190648_14	China	2014
823	ERR527189_1	China	2011
824	ERR527189_2	China	2011
825	ERR589753_1	China	2012
826	SRR2583985_1	Canada	2010-07-21
827	SRR2583985_2	Canada	2010-07-21
828	SRR2583985_3	Canada	2010-07-21
829	SRR2583985_4	Canada	2010-07-21
830	ERR414538_1	Denmark	2008/2010
831	ERR414538_2	Denmark	2008/2010
832	ERR318681_1	USA	01/05/2006
833	ERR479472_1	Germany	2011/2013
834	ERR479472_2	Germany	2011/2013
835	ERR479472_3	Germany	2011/2013
836	ERR479472_4	Germany	2011/2013
837	ERR479472_5	Germany	2011/2013
838	ERR479472_6	Germany	2011/2013
839	ERR479472_7	Germany	2011/2013
840	ERR209680_1	Spain	2008-2010
841	SRR2565933_1	Canada	2010-12-09
842	SRR2565933_2	Canada	2010-12-09
843	SRR2565933_3	Canada	2010-12-09
844	SRR2565933_4	Canada	2010-12-09
845	SRR2565933_5	Canada	2010-12-09
846	SRR2565933_6	Canada	2010-12-09
847	SRR2565933_7	Canada	2010-12-09
848	ERR321643_1	Denmark	2008-2010
849	ERR321643_2	Denmark	2008-2010
850	ERR321643_3	Denmark	2008-2010
851	ERR321643_4	Denmark	2008-2010
852	ERR321643_5	Denmark	2008-2010
853	SRR2297851_1	Finland	2004-06-02
854	SRR2297851_2	Finland	2004-06-02
855	ERR479474_1	Germany	2011/2013
856	ERR479474_2	Germany	2011/2013
857	ERR479474_3	Germany	2011/2013
858	ERR479474_4	Germany	2011/2013
859	ERR210331_1	Denmark	2008-2010
860	ERR210331_2	Denmark	2008-2010
861	SRR3992999_1	Mongolia	Jun-2013
862	SRR2043641_1	Hong Kong	Apr-2014
863	SRR2043641_2	Hong Kong	Apr-2014
864	SRR2043641_3	Hong Kong	Apr-2014
865	SRR2043641_4	Hong Kong	Apr-2014
866	SRR2043641_5	Hong Kong	Apr-2014
867	SRR2043641_6	Hong Kong	Apr-2014
868	SRR2043641_7	Hong Kong	Apr-2014
869	SRR2043641_8	Hong Kong	Apr-2014
870	SRR2043641_9	Hong Kong	Apr-2014
871	SRR2043641_10	Hong Kong	Apr-2014
872	SRR2043641_11	Hong Kong	Apr-2014
873	SRR2043641_12	Hong Kong	Apr-2014
874	ERR414544_1	Denmark	2008/2010
875	ERR414544_2	Denmark	2008/2010
876	SRR4236649_1	USA	2014-11-24
877	SRR4236649_2	USA	2014-11-24
878	ERR1190620_1	China	2014
879	ERR1190620_2	China	2014
880	ERR1190620_3	China	2014
881	ERR1578622_1	China	2013
882	ERR1578622_2	China	2013
883	ERR1578622_3	China	2013
884	ERR1578622_4	China	2013
885	ERR1578622_5	China	2013
886	ERR1578622_6	China	2013
887	ERR1578622_7	China	2013
888	ERR1578622_8	China	2013
889	ERR1578622_9	China	2013
890	ERR1578622_10	China	2013
891	ERR1578622_11	China	2013
892	ERR1578622_12	China	2013
893	ERR1578622_13	China	2013
894	ERR1578622_14	China	2013
895	ERR1578622_15	China	2013
896	ERR1578622_16	China	2013
897	ERR1578622_17	China	2013
898	ERR1578622_18	China	2013
899	ERR1578622_19	China	2013
900	ERR1578622_20	China	2013
901	ERR1578622_21	China	2013
902	ERR1578622_22	China	2013
903	ERR1578622_23	China	2013
904	ERR1578622_24	China	2013
905	ERR1578622_25	China	2013
906	ERR748109_1	Germany	2011/2014
907	ERR321591_1	Denmark	2008-2010
908	ERR321591_2	Denmark	2008-2010
909	ERR321591_3	Denmark	2008-2010
910	ERR321591_4	Denmark	2008-2010
911	ERR321591_5	Denmark	2008-2010
912	ERR321591_6	Denmark	2008-2010
913	ERR321591_7	Denmark	2008-2010
914	ERR321591_8	Denmark	2008-2010
915	SRR4032484_1	USA	2013
916	ERR321523_1	Denmark	2008-2010
917	ERR321523_2	Denmark	2008-2010
918	ERR321523_3	Denmark	2008-2010
919	ERR321523_4	Denmark	2008-2010
920	ERR321523_5	Denmark	2008-2010
921	ERR321523_6	Denmark	2008-2010
922	ERR321523_7	Denmark	2008-2010
923	ERR321523_8	Denmark	2008-2010
924	ERR321523_9	Denmark	2008-2010
925	ERR321523_10	Denmark	2008-2010
926	ERR321523_11	Denmark	2008-2010
927	ERR321523_12	Denmark	2008-2010
928	ERR321523_13	Denmark	2008-2010
929	ERR321523_14	Denmark	2008-2010
930	ERR321523_15	Denmark	2008-2010
931	ERR321523_16	Denmark	2008-2010
932	ERR321523_17	Denmark	2008-2010
933	ERR321523_18	Denmark	2008-2010
934	ERR321523_19	Denmark	2008-2010
935	ERR321523_20	Denmark	2008-2010
936	ERR321523_21	Denmark	2008-2010
937	ERR209201_1	Denmark	2008-2010
938	ERR209201_2	Denmark	2008-2010
939	ERR525803_1	Denmark	2008/2010
940	ERR525803_2	Denmark	2008/2010
941	ERR1190643_1	China	2014
942	ERR1190643_2	China	2014
943	ERR1190643_3	China	2014
944	ERR1190770_1	China	2014
945	ERR1190770_2	China	2014
946	SRR4435697_1	USA	2014-06-08
947	SRR4435697_2	USA	2014-06-08
948	SRR4435697_3	USA	2014-06-08
949	SRR4435697_4	USA	2014-06-08
950	SRR4435697_5	USA	2014-06-08
951	SRR4435697_6	USA	2014-06-08
952	SRR4435697_7	USA	2014-06-08
953	SRR4435697_8	USA	2014-06-08
954	SRR4435697_9	USA	2014-06-08
955	SRR4435697_10	USA	2014-06-08
956	ERR1018203_1	China	2012
957	ERR1018203_2	China	2012
958	ERR1018206_1	China	2012
959	ERR1018206_2	China	2012
960	ERR1018206_3	China	2012
961	ERR1018206_4	China	2012
962	ERR1018206_5	China	2012
963	ERR1018206_6	China	2012
964	ERR1018206_7	China	2012
965	ERR1018206_8	China	2012
966	ERR1018206_9	China	2012
967	ERR1018206_10	China	2012
968	ERR1018206_11	China	2012
969	ERR1018206_12	China	2012
970	ERR1018206_13	China	2012
971	ERR1018206_14	China	2012
972	ERR1018206_15	China	2012
973	ERR1018206_16	China	2012
974	ERR1018206_17	China	2012
975	ERR1018206_18	China	2012
976	ERR1018206_19	China	2012
977	ERR1018206_20	China	2012
978	ERR1018206_21	China	2012
979	ERR1018206_22	China	2012
980	ERR1018206_23	China	2012
981	ERR1018206_24	China	2012
982	ERR1018206_25	China	2012
983	ERR1018206_26	China	2012
984	ERR1018206_27	China	2012
985	ERR1018206_28	China	2012
986	ERR1018206_29	China	2012
987	ERR1018206_30	China	2012
988	ERR1018206_31	China	2012
989	ERR1018206_32	China	2012
990	ERR1018206_33	China	2012
991	ERR1018206_34	China	2012
992	ERR1018206_35	China	2012
993	ERR1018206_36	China	2012
994	ERR1018206_37	China	2012
995	ERR1018206_38	China	2012
996	ERR1018206_39	China	2012
997	ERR1018206_40	China	2012
998	ERR1018206_41	China	2012
999	ERR1018206_42	China	2012
1000	ERR1018206_43	China	2012
1001	ERR1018206_44	China	2012
1002	ERR1018206_45	China	2012
1003	ERR1018206_46	China	2012
1004	ERR1018206_47	China	2012
1005	ERR1018206_48	China	2012
1006	ERR1018206_49	China	2012
1007	ERR1018206_50	China	2012
1008	ERR1018206_51	China	2012
1009	ERR1018206_52	China	2012
1010	ERR1018206_53	China	2012
1011	ERR1018206_54	China	2012
1012	ERR1018206_55	China	2012
1013	ERR1018206_56	China	2012
1014	ERR1018206_57	China	2012
1015	ERR1018206_58	China	2012
1016	ERR1018206_59	China	2012
1017	ERR1018206_60	China	2012
1018	ERR1018206_61	China	2012
1019	ERR1018206_62	China	2012
1020	ERR1018206_63	China	2012
1021	ERR1018206_64	China	2012
1022	ERR1018206_65	China	2012
1023	ERR1018206_66	China	2012
1024	ERR1018206_67	China	2012
1025	ERR1018206_68	China	2012
1026	ERR1018206_69	China	2012
1027	ERR1018206_70	China	2012
1028	ERR1018206_71	China	2012
1029	ERR1018206_72	China	2012
1030	ERR1018206_73	China	2012
1031	ERR1018206_74	China	2012
1032	ERR1018206_75	China	2012
1033	ERR1018206_76	China	2012
1034	ERR1018206_77	China	2012
1035	ERR1018206_78	China	2012
1036	ERR1018206_79	China	2012
1037	ERR1018206_80	China	2012
1038	ERR1018206_81	China	2012
1039	ERR1018206_82	China	2012
1040	ERR1018206_83	China	2012
1041	ERR1018206_84	China	2012
1042	ERR1018206_85	China	2012
1043	ERR1018206_86	China	2012
1044	ERR1018206_87	China	2012
1045	ERR1018206_88	China	2012
1046	ERR1018206_89	China	2012
1047	ERR1018206_90	China	2012
1048	ERR1018206_91	China	2012
1049	ERR1018206_92	China	2012
1050	ERR1018206_93	China	2012
1051	ERR1018206_94	China	2012
1052	ERR1018206_95	China	2012
1053	ERR1018206_96	China	2012
1054	ERR1018290_1	China	2012
1055	ERR1018290_2	China	2012
1056	ERR1018290_3	China	2012
1057	ERR1190712_1	China	2014
1058	SRR4074314_1	Italy	2013
1059	SRR4074314_2	Italy	2013
1060	SRR4074314_3	Italy	2013
1061	SRR4074314_4	Italy	2013
1062	SRR2297848_1	Finland	2004-05-01
1063	SRR2297848_2	Finland	2004-05-01
1064	ERR414295_1	Denmark	2008/2010
1065	ERR321328_1	Denmark	2008-2010
1066	SRR3993022_1	Mongolia	Oct-2010
1067	ERR414235_1	Denmark	2008/2010
1068	ERR414235_2	Denmark	2008/2010
1069	ERR414235_3	Denmark	2008/2010
1070	ERR414235_4	Denmark	2008/2010
1071	ERR414235_5	Denmark	2008/2010
1072	ERR414235_6	Denmark	2008/2010
1073	ERR414235_7	Denmark	2008/2010
1074	ERR414235_8	Denmark	2008/2010
1075	ERR414235_9	Denmark	2008/2010
1076	ERR414235_10	Denmark	2008/2010
1077	ERR414235_11	Denmark	2008/2010
1078	ERR414235_12	Denmark	2008/2010
1079	ERR414235_13	Denmark	2008/2010
1080	ERR414235_14	Denmark	2008/2010
1081	ERR414235_15	Denmark	2008/2010
1082	ERR414235_16	Denmark	2008/2010
1083	ERR414235_17	Denmark	2008/2010
1084	ERR414235_18	Denmark	2008/2010
1085	ERR414235_19	Denmark	2008/2010
1086	ERR414235_20	Denmark	2008/2010
1087	ERR414235_21	Denmark	2008/2010
1088	ERR414235_22	Denmark	2008/2010
1089	ERR414235_23	Denmark	2008/2010
1090	ERR414235_24	Denmark	2008/2010
1091	ERR414235_25	Denmark	2008/2010
1092	ERR414235_26	Denmark	2008/2010
1093	ERR414235_27	Denmark	2008/2010
1094	ERR414235_28	Denmark	2008/2010
1095	ERR414235_29	Denmark	2008/2010
1096	ERR414235_30	Denmark	2008/2010
1097	ERR414235_31	Denmark	2008/2010
1098	ERR414235_32	Denmark	2008/2010
1099	ERR210125_1	Denmark	2008-2010
1100	ERR210125_2	Denmark	2008-2010
1101	ERR210125_3	Denmark	2008-2010
1102	ERR527104_1	China	2011
1103	ERR527104_2	China	2011
1104	ERR527104_3	China	2011
1105	ERR527104_4	China	2011
1106	ERR527104_5	China	2011
1107	ERR527104_6	China	2011
1108	ERR527104_7	China	2011
1109	ERR527104_8	China	2011
1110	ERR527104_9	China	2011
1111	ERR527104_10	China	2011
1112	ERR527104_11	China	2011
1113	ERR527104_12	China	2011
1114	SRR2938618_1	Peru	29-Jan-2013
1115	SRR2938618_2	Peru	29-Jan-2013
1116	SRR2297852_1	Finland	2004-10-12
1117	ERR321293_1	Denmark	2008-2010
1118	ERR321293_2	Denmark	2008-2010
1119	ERR527023_1	China	2011
1120	ERR527023_2	China	2011
1121	SRR3184257_1	USA	2014-01-28
1122	SRR3184257_2	USA	2014-01-28
1123	ERR1018216_1	China	2012
1124	ERR1018216_2	China	2012
1125	ERR1018216_3	China	2012
1126	ERR1018216_4	China	2012
1127	ERR1018216_5	China	2012
1128	ERR1018216_6	China	2012
1129	ERR1018216_7	China	2012
1130	ERR1018216_8	China	2012
1131	ERR1018216_9	China	2012
1132	ERR1018216_10	China	2012
1133	ERR589737_1	China	2012
1134	ERR589737_2	China	2012
1135	ERR589737_3	China	2012
1136	ERR589737_4	China	2012
1137	ERR589737_5	China	2012
1138	ERR589737_6	China	2012
1139	ERR527033_1	China	2011
1140	ERR527033_2	China	2011
1141	SRR2155309_1	Germany	Nov-2010
1142	SRR2155309_2	Germany	Nov-2010
1143	SRR2155309_3	Germany	Nov-2010
1144	SRR2155309_4	Germany	Nov-2010
1145	SRR2155309_5	Germany	Nov-2010
1146	SRR2155309_6	Germany	Nov-2010
1147	SRR2155309_7	Germany	Nov-2010
1148	SRR2155309_8	Germany	Nov-2010
1149	SRR2155309_9	Germany	Nov-2010
1150	SRR2155309_10	Germany	Nov-2010
1151	SRR2155309_11	Germany	Nov-2010
1152	SRR2082429_1	Canada	2013
1153	SRR2082429_2	Canada	2013
1154	ERR209509_1	Denmark	2008-2010
1155	ERR209509_2	Denmark	2008-2010
1156	ERR209509_3	Denmark	2008-2010
1157	ERR209509_4	Denmark	2008-2010
1158	ERR209509_5	Denmark	2008-2010
1159	ERR209509_6	Denmark	2008-2010
1160	ERR209509_7	Denmark	2008-2010
1161	ERR527055_1	China	2011
1162	ERR479237_1	France	2004/2006
1163	ERR479237_2	France	2004/2006
1164	ERR479237_3	France	2004/2006
1165	ERR479237_4	France	2004/2006
1166	ERR479237_5	France	2004/2006
1167	ERR479237_6	France	2004/2006
1168	ERR1190926_1	China	2014
1169	ERR1190926_2	China	2014
1170	ERR527073_1	China	2011
1171	ERR527073_2	China	2011
1172	ERR527073_3	China	2011
1173	ERR527073_4	China	2011
1174	ERR527073_5	China	2011
1175	ERR527073_6	China	2011
1176	ERR527073_7	China	2011
1177	ERR527073_8	China	2011
1178	ERR527073_9	China	2011
1179	SRR2097333_1	Spain	25-Nov-2014
1180	SRR2097333_2	Spain	25-Nov-2014
1181	SRR1237782_1	Germany	09.11.2012
1182	SRR1237782_2	Germany	09.11.2012
1183	SRR1237782_3	Germany	09.11.2012
1184	ERR1018197_1	China	2012
1185	ERR414388_1	Spain	2008/2010
1186	ERR414388_2	Spain	2008/2010
1187	ERR414388_3	Spain	2008/2010
1188	ERR321524_1	Denmark	2008-2010
1189	ERR321524_2	Denmark	2008-2010
1190	ERR321524_3	Denmark	2008-2010
1191	ERR321524_4	Denmark	2008-2010
1192	ERR321524_5	Denmark	2008-2010
1193	ERR321524_6	Denmark	2008-2010
1194	SRR2298559_1	Finland	2004-05-03
1195	SRR2298559_2	Finland	2004-05-03
1196	SRR2298559_3	Finland	2004-05-03
1197	SRR2298559_4	Finland	2004-05-03
1198	SRR2298559_5	Finland	2004-05-03
1199	SRR2298559_6	Finland	2004-05-03
1200	SRR2298559_7	Finland	2004-05-03
1201	SRR2298559_8	Finland	2004-05-03
1202	ERR525802_1	Denmark	2008/2010
1203	ERR525802_2	Denmark	2008/2010
1204	ERR525813_1	Denmark	2008/2010
1205	ERR525813_2	Denmark	2008/2010
1206	ERR1018187_1	China	2012
1207	ERR1018187_2	China	2012
1208	ERR1190547_1	China	2014
1209	ERR1190619_1	China	2014
1210	ERR1190619_2	China	2014
1211	ERR1190619_3	China	2014
1212	ERR1190619_4	China	2014
1213	ERR1190619_5	China	2014
1214	ERR1190619_6	China	2014
1215	ERR1190619_7	China	2014
1216	ERR1190619_8	China	2014
1217	ERR1190619_9	China	2014
1218	ERR1190619_10	China	2014
1219	ERR1190619_11	China	2014
1220	ERR1190619_12	China	2014
1221	ERR1190619_13	China	2014
1222	ERR1190619_14	China	2014
1223	ERR1190619_15	China	2014
1224	ERR1190619_16	China	2014
1225	ERR1190619_17	China	2014
1226	ERR1190619_18	China	2014
1227	ERR1190619_19	China	2014
1228	ERR1190619_20	China	2014
1229	ERR1190619_21	China	2014
1230	ERR1190619_22	China	2014
1231	ERR1190619_23	China	2014
1232	ERR1190619_24	China	2014
1233	ERR1190619_25	China	2014
1234	ERR1190619_26	China	2014
1235	ERR1190619_27	China	2014
1236	ERR1190619_28	China	2014
1237	ERR1190619_29	China	2014
1238	ERR1190619_30	China	2014
1239	ERR1190619_31	China	2014
1240	ERR1190619_32	China	2014
1241	ERR1190619_33	China	2014
1242	ERR1190619_34	China	2014
1243	ERR1190619_35	China	2014
1244	ERR1190619_36	China	2014
1245	ERR1190619_37	China	2014
1246	ERR1190619_38	China	2014
1247	ERR1190619_39	China	2014
1248	ERR1190619_40	China	2014
1249	ERR1190619_41	China	2014
1250	ERR1190619_42	China	2014
1251	ERR1190619_43	China	2014
1252	ERR1190619_44	China	2014
1253	ERR1190619_45	China	2014
1254	ERR1190619_46	China	2014
1255	ERR1190619_47	China	2014
1256	ERR1190619_48	China	2014
1257	ERR1190619_49	China	2014
1258	ERR1190619_50	China	2014
1259	ERR1190619_51	China	2014
1260	ERR1190619_52	China	2014
1261	ERR1190619_53	China	2014
1262	ERR1190619_54	China	2014
1263	ERR1190619_55	China	2014
1264	ERR1190619_56	China	2014
1265	ERR1018211_1	China	2012
1266	ERR1018211_2	China	2012
1267	SRR1930253_1	Italy	Apr-2013
1268	SRR1930253_2	Italy	Apr-2013
1269	ERR527045_1	China	2011
1270	ERR527135_1	China	2011
1271	ERR527135_2	China	2011
1272	ERR527135_3	China	2011
1273	ERR527135_4	China	2011
1274	ERR527135_5	China	2011
1275	ERR527135_6	China	2011
1276	ERR527135_7	China	2011
1277	ERR527135_8	China	2011
1278	ERR527135_9	China	2011
1279	ERR527135_10	China	2011
1280	ERR527135_11	China	2011
1281	ERR527135_12	China	2011
1282	ERR527135_13	China	2011
1283	ERR527135_14	China	2011
1284	ERR527135_15	China	2011
1285	ERR527135_16	China	2011
1286	ERR527135_17	China	2011
1287	ERR527135_18	China	2011
1288	ERR527135_19	China	2011
1289	ERR527135_20	China	2011
1290	ERR527135_21	China	2011
1291	ERR527135_22	China	2011
1292	ERR527135_23	China	2011
1293	ERR527135_24	China	2011
1294	ERR527135_25	China	2011
1295	ERR527135_26	China	2011
1296	ERR527135_27	China	2011
1297	ERR527135_28	China	2011
1298	ERR527135_29	China	2011
1299	ERR527135_30	China	2011
1300	ERR527135_31	China	2011
1301	ERR527135_32	China	2011
1302	ERR527135_33	China	2011
1303	ERR527135_34	China	2011
1304	ERR527135_35	China	2011
1305	ERR527135_36	China	2011
1306	ERR527135_37	China	2011
1307	ERR527135_38	China	2011
1308	ERR527135_39	China	2011
1309	ERR527135_40	China	2011
1310	ERR527135_41	China	2011
1311	ERR527135_42	China	2011
1312	ERR527135_43	China	2011
1313	ERR527135_44	China	2011
1314	ERR527135_45	China	2011
1315	ERR527135_46	China	2011
1316	ERR527135_47	China	2011
1317	ERR527135_48	China	2011
1318	ERR527135_49	China	2011
1319	ERR527135_50	China	2011
1320	ERR527135_51	China	2011
1321	ERR527135_52	China	2011
1322	ERR527135_53	China	2011
1323	ERR527135_54	China	2011
1324	ERR527135_55	China	2011
1325	ERR527135_56	China	2011
1326	ERR527135_57	China	2011
1327	ERR527135_58	China	2011
1328	ERR527135_59	China	2011
1329	ERR527135_60	China	2011
1330	ERR527135_61	China	2011
1331	ERR527135_62	China	2011
1332	ERR527135_63	China	2011
1333	ERR527135_64	China	2011
1334	ERR527135_65	China	2011
1335	ERR527135_66	China	2011
1336	ERR527135_67	China	2011
1337	ERR527135_68	China	2011
1338	ERR527135_69	China	2011
1339	ERR527135_70	China	2011
1340	ERR527135_71	China	2011
1341	ERR527135_72	China	2011
1342	ERR527135_73	China	2011
1343	ERR527135_74	China	2011
1344	ERR527135_75	China	2011
1345	ERR527135_76	China	2011
1346	ERR527135_77	China	2011
1347	ERR527135_78	China	2011
1348	ERR527135_79	China	2011
1349	ERR527135_80	China	2011
1350	ERR527135_81	China	2011
1351	ERR527135_82	China	2011
1352	ERR527135_83	China	2011
1353	ERR527135_84	China	2011
1354	ERR527135_85	China	2011
1355	ERR527135_86	China	2011
1356	ERR527135_87	China	2011
1357	ERR527135_88	China	2011
1358	ERR527135_89	China	2011
1359	ERR527135_90	China	2011
1360	ERR527135_91	China	2011
1361	ERR527135_92	China	2011
1362	ERR527135_93	China	2011
1363	ERR527135_94	China	2011
1364	ERR527135_95	China	2011
1365	ERR527135_96	China	2011
1366	ERR527135_97	China	2011
1367	ERR527135_98	China	2011
1368	ERR527135_99	China	2011
1369	ERR527135_100	China	2011
1370	SRR2938602_1	Peru	07-Aug-2012
1371	SRR2938602_2	Peru	07-Aug-2012
1372	ERR1190578_1	China	2014
1373	ERR1190578_2	China	2014
1374	ERR1190578_3	China	2014
1375	ERR1190578_4	China	2014
1376	ERR1190578_5	China	2014
1377	ERR1190714_1	China	2014
1378	ERR1190714_2	China	2014
1379	ERR1190714_3	China	2014
1380	SRR2566040_1	Canada	2010-03-02
1381	SRR2566040_2	Canada	2010-03-02
1382	SRR2566040_3	Canada	2010-03-02
1383	SRR2566040_4	Canada	2010-03-02
1384	ERR1190809_1	China	2014
1385	SRR3992984_1	Mongolia	Jun-2013
1386	SRR3992984_2	Mongolia	Jun-2013
1387	SRR3992984_3	Mongolia	Jun-2013
1388	SRR3992984_4	Mongolia	Jun-2013
1389	SRR3992973_1	Mongolia	Jun-2013
1390	ERR1018196_1	China	2012
1391	ERR1018196_2	China	2012
1392	ERR1018196_3	China	2012
1393	ERR1018196_4	China	2012
1394	ERR1018196_5	China	2012
1395	ERR1018196_6	China	2012
1396	ERR1018196_7	China	2012
1397	ERR1018196_8	China	2012
1398	ERR1018196_9	China	2012
1399	ERR1018196_10	China	2012
1400	ERR1018196_11	China	2012
1401	ERR1018196_12	China	2012
1402	ERR1018196_13	China	2012
1403	ERR1018196_14	China	2012
1404	ERR1018196_15	China	2012
1405	ERR1018196_16	China	2012
1406	ERR1018196_17	China	2012
1407	ERR1018196_18	China	2012
1408	ERR527054_1	China	2011
1409	ERR527054_2	China	2011
1410	ERR479368_1	France	2004/2006
1411	ERR479368_2	France	2004/2006
1412	ERR479368_3	France	2004/2006
1413	SRR4435801_1	USA	2014-06-07
1414	SRR4435801_2	USA	2014-06-07
1415	SRR4435801_3	USA	2014-06-07
1416	SRR4435801_4	USA	2014-06-07
1417	SRR4435801_5	USA	2014-06-07
1418	SRR4435801_6	USA	2014-06-07
1419	SRR4435801_7	USA	2014-06-07
1420	ERR321612_1	Denmark	2008-2010
1421	ERR1190584_1	China	2014
1422	ERR1190584_2	China	2014
1423	ERR1190584_3	China	2014
1424	ERR1190584_4	China	2014
1425	ERR1190584_5	China	2014
1426	ERR1190584_6	China	2014
1427	ERR1190584_7	China	2014
1428	ERR1190584_8	China	2014
1429	ERR1190584_9	China	2014
1430	ERR321275_1	Denmark	2008-2010
1431	SRR2565742_1	Canada	2010-07-25
1432	SRR2565742_2	Canada	2010-07-25
1433	SRR2565742_3	Canada	2010-07-25
1434	SRR2565742_4	Canada	2010-07-25
1435	SRR2155368_1	Germany	Feb-2010
1436	SRR2155368_2	Germany	Feb-2010
1437	SRR2155368_3	Germany	Feb-2010
1438	SRR2155368_4	Germany	Feb-2010
1439	SRR2155368_5	Germany	Feb-2010
1440	SRR2155368_6	Germany	Feb-2010
1441	SRR2155368_7	Germany	Feb-2010
1442	SRR2155368_8	Germany	Feb-2010
1443	SRR2155368_9	Germany	Feb-2010
1444	SRR2155368_10	Germany	Feb-2010
1445	SRR2155368_11	Germany	Feb-2010
1446	SRR2155368_12	Germany	Feb-2010
1447	SRR2155368_13	Germany	Feb-2010
1448	SRR2155368_14	Germany	Feb-2010
1449	SRR2155368_15	Germany	Feb-2010
1450	SRR2155368_16	Germany	Feb-2010
1451	SRR2155368_17	Germany	Feb-2010
1452	SRR2155368_18	Germany	Feb-2010
1453	SRR2155368_19	Germany	Feb-2010
1454	SRR2155368_20	Germany	Feb-2010
1455	SRR2155368_21	Germany	Feb-2010
1456	SRR2155368_22	Germany	Feb-2010
1457	SRR2155368_23	Germany	Feb-2010
1458	SRR2155368_24	Germany	Feb-2010
1459	SRR2155368_25	Germany	Feb-2010
1460	SRR2155368_26	Germany	Feb-2010
1461	SRR2155368_27	Germany	Feb-2010
1462	SRR2155368_28	Germany	Feb-2010
1463	SRR2155368_29	Germany	Feb-2010
1464	SRR2155368_30	Germany	Feb-2010
1465	SRR2155368_31	Germany	Feb-2010
1466	SRR2155368_32	Germany	Feb-2010
1467	SRR2155368_33	Germany	Feb-2010
1468	SRR2155368_34	Germany	Feb-2010
1469	ERR1190708_1	China	2014
1470	ERR1190708_2	China	2014
1471	ERR1190708_3	China	2014
1472	ERR479538_1	Germany	2011/2013
1473	SRR1714192_1	USA	30-Oct-1990
1474	SRR1714192_2	USA	30-Oct-1990
1475	ERR505085_1	Australia	2012
1476	ERR505085_2	Australia	2012
1477	ERR505085_3	Australia	2012
1478	ERR505085_4	Australia	2012
1479	ERR505085_5	Australia	2012
1480	ERR505085_6	Australia	2012
1481	ERR505085_7	Australia	2012
1482	SRR2565986_1	Canada	2010-01-07
1483	SRR2565986_2	Canada	2010-01-07
1484	SRR2565986_3	Canada	2010-01-07
1485	SRR2565986_4	Canada	2010-01-07
1486	ERR414256_1	Denmark	2008/2010
1487	SRR4444778_1	USA	2014-06-08
1488	SRR4444778_2	USA	2014-06-08
1489	SRR2938617_1	Peru	15-Jan-2013
1490	SRR2938617_2	Peru	15-Jan-2013
1491	ERR1190929_1	China	2014
1492	ERR1190929_2	China	2014
1493	ERR1018242_1	China	2012
1494	ERR479550_1	Germany	2011/2013
1495	ERR479550_2	Germany	2011/2013
1496	ERR479570_1	Germany	2011/2013
1497	ERR414307_1	Denmark	2008/2010
1498	ERR414307_2	Denmark	2008/2010
1499	ERR321136_1	Denmark	2008-2010
1500	ERR321136_2	Denmark	2008-2010
1501	ERR1190792_1	China	2014
1502	ERR1190792_2	China	2014
1503	SRR2565836_1	Canada	2010-09-08
1504	SRR2565836_2	Canada	2010-09-08
1505	ERR209793_1	Spain	2008-2010
1506	ERR209793_2	Spain	2008-2010
1507	ERR209793_3	Spain	2008-2010
1508	ERR209793_4	Spain	2008-2010
1509	ERR209793_5	Spain	2008-2010
1510	ERR209793_6	Spain	2008-2010
1511	ERR209793_7	Spain	2008-2010
1512	ERR209793_8	Spain	2008-2010
1513	ERR209793_9	Spain	2008-2010
1514	ERR209793_10	Spain	2008-2010
1515	ERR209793_11	Spain	2008-2010
1516	ERR209793_12	Spain	2008-2010
1517	ERR209793_13	Spain	2008-2010
1518	ERR209793_14	Spain	2008-2010
1519	ERR209793_15	Spain	2008-2010
1520	ERR209793_16	Spain	2008-2010
1521	ERR209793_17	Spain	2008-2010
1522	ERR209793_18	Spain	2008-2010
1523	ERR209793_19	Spain	2008-2010
1524	ERR209793_20	Spain	2008-2010
1525	ERR209793_21	Spain	2008-2010
1526	ERR209793_22	Spain	2008-2010
1527	ERR209793_23	Spain	2008-2010
1528	ERR209793_24	Spain	2008-2010
1529	ERR209793_25	Spain	2008-2010
1530	ERR209793_26	Spain	2008-2010
1531	ERR209793_27	Spain	2008-2010
1532	ERR209793_28	Spain	2008-2010
1533	ERR209793_29	Spain	2008-2010
1534	ERR209793_30	Spain	2008-2010
1535	ERR209793_31	Spain	2008-2010
1536	ERR209793_32	Spain	2008-2010
1537	ERR209793_33	Spain	2008-2010
1538	ERR209793_34	Spain	2008-2010
1539	ERR209793_35	Spain	2008-2010
1540	ERR209793_36	Spain	2008-2010
1541	ERR209793_37	Spain	2008-2010
1542	ERR209793_38	Spain	2008-2010
1543	SRR4435731_1	USA	2014-06-23
1544	SRR4435731_2	USA	2014-06-23
1545	SRR4435731_3	USA	2014-06-23
1546	SRR4435731_4	USA	2014-06-23
1547	SRR4435731_5	USA	2014-06-23
1548	SRR4435731_6	USA	2014-06-23
1549	SRR4435731_7	USA	2014-06-23
1550	SRR4435731_8	USA	2014-06-23
1551	SRR4435731_9	USA	2014-06-23
1552	SRR4435731_10	USA	2014-06-23
1553	SRR4435731_11	USA	2014-06-23
1554	SRR4435731_12	USA	2014-06-23
1555	SRR4435731_13	USA	2014-06-23
1556	SRR4435731_14	USA	2014-06-23
1557	SRR4435731_15	USA	2014-06-23
1558	SRR4435731_16	USA	2014-06-23
1559	SRR4435731_17	USA	2014-06-23
1560	SRR4435731_18	USA	2014-06-23
1561	SRR4435731_19	USA	2014-06-23
1562	SRR4435731_20	USA	2014-06-23
1563	SRR4435731_21	USA	2014-06-23
1564	SRR4435731_22	USA	2014-06-23
1565	SRR4435731_23	USA	2014-06-23
1566	SRR4435731_24	USA	2014-06-23
1567	SRR4435731_25	USA	2014-06-23
1568	SRR4435731_26	USA	2014-06-23
1569	SRR4435731_27	USA	2014-06-23
1570	SRR4435731_28	USA	2014-06-23
1571	SRR4435731_29	USA	2014-06-23
1572	SRR4435731_30	USA	2014-06-23
1573	SRR4435731_31	USA	2014-06-23
1574	SRR4435731_32	USA	2014-06-23
1575	SRR4435731_33	USA	2014-06-23
1576	SRR4435731_34	USA	2014-06-23
1577	SRR4435731_35	USA	2014-06-23
1578	SRR4435731_36	USA	2014-06-23
1579	SRR4435731_37	USA	2014-06-23
1580	SRR4435731_38	USA	2014-06-23
1581	SRR4435731_39	USA	2014-06-23
1582	SRR4435731_40	USA	2014-06-23
1583	SRR4435731_41	USA	2014-06-23
1584	SRR4435731_42	USA	2014-06-23
1585	SRR4435731_43	USA	2014-06-23
1586	SRR4435731_44	USA	2014-06-23
1587	SRR4435731_45	USA	2014-06-23
1588	SRR4435731_46	USA	2014-06-23
1589	SRR4435731_47	USA	2014-06-23
1590	SRR4435731_48	USA	2014-06-23
1591	SRR4435731_49	USA	2014-06-23
1592	SRR4435731_50	USA	2014-06-23
1593	SRR4435731_51	USA	2014-06-23
1594	SRR4435731_52	USA	2014-06-23
1595	SRR4435731_53	USA	2014-06-23
1596	SRR4435731_54	USA	2014-06-23
1597	SRR4435731_55	USA	2014-06-23
1598	SRR4435731_56	USA	2014-06-23
1599	SRR4435731_57	USA	2014-06-23
1600	ERR1018255_1	China	2012
1601	ERR1018255_2	China	2012
1602	ERR1018255_3	China	2012
1603	ERR1018255_4	China	2012
1604	ERR1018255_5	China	2012
1605	ERR1018255_6	China	2012
1606	ERR1018255_7	China	2012
1607	ERR1018255_8	China	2012
1608	ERR527081_1	China	2011
1609	ERR527081_2	China	2011
1610	ERR1018303_1	China	2012
1611	ERR1018303_2	China	2012
1612	ERR1018303_3	China	2012
1613	SRR2566018_1	Canada	2010-02-05
1614	SRR2566018_2	Canada	2010-02-05
1615	SRR2566018_3	Canada	2010-02-05
1616	SRR2566018_4	Canada	2010-02-05
1617	SRR2566018_5	Canada	2010-02-05
1618	ERR528336_1	China	2011
1619	ERR528336_2	China	2011
1620	ERR528336_3	China	2011
1621	ERR528336_4	China	2011
1622	ERR505092_1	Australia	2012
1623	ERR589773_1	China	2012
1624	ERR209492_1	Denmark	2008-2010
1625	ERR209492_2	Denmark	2008-2010
1626	ERR209492_3	Denmark	2008-2010
1627	ERR209492_4	Denmark	2008-2010
1628	SRR2940972_1	USA	2012-06-29
1629	SRR2940972_2	USA	2012-06-29
1630	ERR1190785_1	China	2014
1631	ERR1190785_2	China	2014
1632	ERR1190785_3	China	2014
1633	SRR2566037_1	Canada	2009-11-17
1634	SRR2566037_2	Canada	2009-11-17
1635	SRR2566037_3	Canada	2009-11-17
1636	SRR2566037_4	Canada	2009-11-17
1637	SRR2566037_5	Canada	2009-11-17
1638	ERR589750_1	China	2012
1639	SRR4444847_1	USA	2014-06-03
1640	SRR4444847_2	USA	2014-06-03
1641	SRR4444847_3	USA	2014-06-03
1642	SRR4444847_4	USA	2014-06-03
1643	SRR4444847_5	USA	2014-06-03
1644	SRR4444847_6	USA	2014-06-03
1645	SRR4444847_7	USA	2014-06-03
1646	SRR4444847_8	USA	2014-06-03
1647	SRR4444847_9	USA	2014-06-03
1648	SRR4444847_10	USA	2014-06-03
1649	ERR748159_1	Germany	2011/2014
1650	ERR748159_2	Germany	2011/2014
1651	ERR748159_3	Germany	2011/2014
1652	ERR527078_1	China	2011
1653	ERR209223_1	Denmark	2008-2010
1654	ERR209223_2	Denmark	2008-2010
1655	ERR505089_1	Australia	2012
1656	ERR505089_2	Australia	2012
1657	ERR505089_3	Australia	2012
1658	SRR2155337_1	Germany	May-2011
1659	ERR414387_1	Spain	2008/2010
1660	ERR414387_2	Spain	2008/2010
1661	ERR414387_3	Spain	2008/2010
1662	ERR414387_4	Spain	2008/2010
1663	ERR414387_5	Spain	2008/2010
1664	SRR2565541_1	Canada	2010-04-30
1665	SRR2565541_2	Canada	2010-04-30
1666	ERR209607_1	Spain	2008-2010
1667	ERR209607_2	Spain	2008-2010
1668	ERR209607_3	Spain	2008-2010
1669	ERR209607_4	Spain	2008-2010
1670	ERR209607_5	Spain	2008-2010
1671	ERR209607_6	Spain	2008-2010
1672	ERR209607_7	Spain	2008-2010
1673	ERR209607_8	Spain	2008-2010
1674	ERR209607_9	Spain	2008-2010
1675	ERR209607_10	Spain	2008-2010
1676	ERR209607_11	Spain	2008-2010
1677	ERR527080_1	China	2011
1678	ERR527080_2	China	2011
1679	ERR527080_3	China	2011
1680	ERR527080_4	China	2011
1681	ERR527080_5	China	2011
1682	ERR321165_1	Denmark	2008-2010
1683	ERR321165_2	Denmark	2008-2010
1684	ERR589821_1	China	2012
1685	ERR589821_2	China	2012
1686	ERR589821_3	China	2012
1687	ERR589821_4	China	2012
1688	ERR589821_5	China	2012
1689	ERR589821_6	China	2012
1690	ERR589821_7	China	2012
1691	ERR589821_8	China	2012
1692	ERR589821_9	China	2012
1693	ERR589821_10	China	2012
1694	ERR589821_11	China	2012
1695	ERR589821_12	China	2012
1696	ERR589821_13	China	2012
1697	ERR589821_14	China	2012
1698	ERR589821_15	China	2012
1699	ERR589821_16	China	2012
1700	ERR589821_17	China	2012
1701	ERR589821_18	China	2012
1702	ERR589821_19	China	2012
1703	ERR589821_20	China	2012
1704	ERR589821_21	China	2012
1705	ERR589821_22	China	2012
1706	ERR589821_23	China	2012
1707	ERR589821_24	China	2012
1708	ERR589821_25	China	2012
1709	ERR589821_26	China	2012
1710	ERR589821_27	China	2012
1711	ERR589821_28	China	2012
1712	ERR589821_29	China	2012
1713	ERR589821_30	China	2012
1714	ERR589821_31	China	2012
1715	ERR589821_32	China	2012
1716	ERR589821_33	China	2012
1717	ERR589821_34	China	2012
1718	ERR589821_35	China	2012
1719	ERR589821_36	China	2012
1720	ERR589821_37	China	2012
1721	ERR589821_38	China	2012
1722	ERR589821_39	China	2012
1723	ERR589821_40	China	2012
1724	ERR589821_41	China	2012
1725	ERR589821_42	China	2012
1726	ERR589821_43	China	2012
1727	ERR589821_44	China	2012
1728	ERR589821_45	China	2012
1729	ERR589821_46	China	2012
1730	ERR589821_47	China	2012
1731	ERR589821_48	China	2012
1732	ERR589821_49	China	2012
1733	ERR589821_50	China	2012
1734	ERR589821_51	China	2012
1735	ERR589821_52	China	2012
1736	ERR589821_53	China	2012
1737	ERR589821_54	China	2012
1738	ERR589821_55	China	2012
1739	ERR589821_56	China	2012
1740	ERR589821_57	China	2012
1741	ERR589821_58	China	2012
1742	ERR589821_59	China	2012
1743	ERR748476_1	Germany	2011/2014
1744	ERR748476_2	Germany	2011/2014
1745	ERR318676_1	USA	01/05/2006
1746	ERR318676_2	USA	01/05/2006
1747	ERR318676_3	USA	01/05/2006
1748	SRR3182096_1	USA	2014-01-24
1749	SRR3182096_2	USA	2014-01-24
1750	ERR1190532_1	China	2014
1751	ERR1190532_2	China	2014
1752	ERR1190532_3	China	2014
1753	ERR1190532_4	China	2014
1754	ERR414386_1	Spain	2008/2010
1755	ERR414386_2	Spain	2008/2010
1756	ERR414386_3	Spain	2008/2010
1757	ERR414386_4	Spain	2008/2010
1758	ERR414386_5	Spain	2008/2010
1759	ERR414386_6	Spain	2008/2010
1760	ERR1018235_1	China	2012
1761	ERR1018235_2	China	2012
1762	ERR1018235_3	China	2012
1763	ERR1018235_4	China	2012
1764	ERR1018235_5	China	2012
1765	ERR1018235_6	China	2012
1766	ERR1018235_7	China	2012
1767	ERR1018235_8	China	2012
1768	SRR1025216_1	Singapore	7-Oct-10
1769	SRR1025216_2	Singapore	7-Oct-10
1770	SRR1554403_1	Canada	Oct-2010
1771	SRR1554403_2	Canada	Oct-2010
1772	SRR1554403_3	Canada	Oct-2010
1773	SRR1554403_4	Canada	Oct-2010
1774	SRR1554403_5	Canada	Oct-2010
1775	SRR1554403_6	Canada	Oct-2010
1776	SRR1554403_7	Canada	Oct-2010
1777	SRR1554403_8	Canada	Oct-2010
1778	SRR1554403_9	Canada	Oct-2010
1779	SRR1554403_10	Canada	Oct-2010
1780	SRR1554403_11	Canada	Oct-2010
1781	SRR1554403_12	Canada	Oct-2010
1782	SRR1554403_13	Canada	Oct-2010
1783	SRR1554403_14	Canada	Oct-2010
1784	SRR1554403_15	Canada	Oct-2010
1785	SRR1554403_16	Canada	Oct-2010
1786	SRR1554403_17	Canada	Oct-2010
1787	SRR1554403_18	Canada	Oct-2010
1788	SRR1554403_19	Canada	Oct-2010
1789	SRR1554403_20	Canada	Oct-2010
1790	SRR1554403_21	Canada	Oct-2010
1791	SRR1554403_22	Canada	Oct-2010
1792	SRR1554403_23	Canada	Oct-2010
1793	SRR1554403_24	Canada	Oct-2010
1794	SRR1554403_25	Canada	Oct-2010
1795	SRR1554403_26	Canada	Oct-2010
1796	SRR1554403_27	Canada	Oct-2010
1797	SRR1554403_28	Canada	Oct-2010
1798	SRR1554403_29	Canada	Oct-2010
1799	SRR1554403_30	Canada	Oct-2010
1800	SRR1554403_31	Canada	Oct-2010
1801	SRR1554403_32	Canada	Oct-2010
1802	SRR1554403_33	Canada	Oct-2010
1803	SRR1554403_34	Canada	Oct-2010
1804	SRR1554403_35	Canada	Oct-2010
1805	SRR1554403_36	Canada	Oct-2010
1806	SRR1554403_37	Canada	Oct-2010
1807	SRR1554403_38	Canada	Oct-2010
1808	SRR1554403_39	Canada	Oct-2010
1809	SRR1554403_40	Canada	Oct-2010
1810	SRR1554403_41	Canada	Oct-2010
1811	SRR1554403_42	Canada	Oct-2010
1812	SRR1554403_43	Canada	Oct-2010
1813	SRR1554403_44	Canada	Oct-2010
1814	SRR1554403_45	Canada	Oct-2010
1815	SRR1554403_46	Canada	Oct-2010
1816	SRR1554403_47	Canada	Oct-2010
1817	SRR1554403_48	Canada	Oct-2010
1818	SRR1554403_49	Canada	Oct-2010
1819	SRR1554403_50	Canada	Oct-2010
1820	SRR1554403_51	Canada	Oct-2010
1821	SRR1554403_52	Canada	Oct-2010
1822	SRR1554403_53	Canada	Oct-2010
1823	SRR1554403_54	Canada	Oct-2010
1824	SRR1554403_55	Canada	Oct-2010
1825	SRR1554403_56	Canada	Oct-2010
1826	SRR1554403_57	Canada	Oct-2010
1827	SRR1554403_58	Canada	Oct-2010
1828	SRR1554403_59	Canada	Oct-2010
1829	SRR1554403_60	Canada	Oct-2010
1830	SRR1554403_61	Canada	Oct-2010
1831	SRR1554403_62	Canada	Oct-2010
1832	SRR1554403_63	Canada	Oct-2010
1833	SRR1554403_64	Canada	Oct-2010
1834	SRR1554403_65	Canada	Oct-2010
1835	SRR1554403_66	Canada	Oct-2010
1836	SRR1554403_67	Canada	Oct-2010
1837	SRR1554403_68	Canada	Oct-2010
1838	SRR1554403_69	Canada	Oct-2010
1839	SRR1554403_70	Canada	Oct-2010
1840	SRR1554403_71	Canada	Oct-2010
1841	SRR1554403_72	Canada	Oct-2010
1842	SRR1554403_73	Canada	Oct-2010
1843	SRR1554403_74	Canada	Oct-2010
1844	ERR525863_1	Denmark	2008/2010
1845	ERR525863_2	Denmark	2008/2010
1846	ERR525863_3	Denmark	2008/2010
1847	ERR525863_4	Denmark	2008/2010
1848	ERR525863_5	Denmark	2008/2010
1849	ERR525863_6	Denmark	2008/2010
1850	ERR525863_7	Denmark	2008/2010
1851	SRR2155356_1	Germany	Nov-2009
1852	SRR2155356_2	Germany	Nov-2009
1853	SRR2155356_3	Germany	Nov-2009
1854	SRR2155356_4	Germany	Nov-2009
1855	SRR2155356_5	Germany	Nov-2009
1856	SRR2155356_6	Germany	Nov-2009
1857	SRR2155356_7	Germany	Nov-2009
1858	SRR2155356_8	Germany	Nov-2009
1859	SRR2155356_9	Germany	Nov-2009
1860	SRR2155356_10	Germany	Nov-2009
1861	SRR2155356_11	Germany	Nov-2009
1862	SRR2155356_12	Germany	Nov-2009
1863	SRR2155356_13	Germany	Nov-2009
1864	SRR2155356_14	Germany	Nov-2009
1865	SRR2155356_15	Germany	Nov-2009
1866	SRR2155356_16	Germany	Nov-2009
1867	SRR2155356_17	Germany	Nov-2009
1868	SRR2155356_18	Germany	Nov-2009
1869	SRR2155356_19	Germany	Nov-2009
1870	SRR2155356_20	Germany	Nov-2009
1871	SRR2155356_21	Germany	Nov-2009
1872	SRR2155356_22	Germany	Nov-2009
1873	SRR2155356_23	Germany	Nov-2009
1874	SRR2155356_24	Germany	Nov-2009
1875	SRR2155356_25	Germany	Nov-2009
1876	SRR2155356_26	Germany	Nov-2009
1877	SRR2155356_27	Germany	Nov-2009
1878	SRR2155356_28	Germany	Nov-2009
1879	ERR527119_1	China	2011
1880	ERR1190678_1	China	2014
1881	ERR321162_1	Denmark	2008-2010
1882	ERR321162_2	Denmark	2008-2010
1883	ERR321162_3	Denmark	2008-2010
1884	ERR321162_4	Denmark	2008-2010
1885	ERR321162_5	Denmark	2008-2010
1886	ERR321162_6	Denmark	2008-2010
1887	ERR321162_7	Denmark	2008-2010
1888	ERR321162_8	Denmark	2008-2010
1889	ERR321162_9	Denmark	2008-2010
1890	ERR321162_10	Denmark	2008-2010
1891	ERR321162_11	Denmark	2008-2010
1892	ERR321162_12	Denmark	2008-2010
1893	ERR321162_13	Denmark	2008-2010
1894	ERR321162_14	Denmark	2008-2010
1895	ERR1578643_1	China	2013
1896	ERR1018254_1	China	2012
1897	ERR1190855_1	China	2014
1898	SRR2940946_1	USA	2012-07-05
1899	ERR479421_1	Germany	2011/2013
1900	ERR479421_2	Germany	2011/2013
1901	ERR479396_1	France	2004/2006
1902	ERR479396_2	France	2004/2006
1903	ERR479396_3	France	2004/2006
1904	ERR525801_1	Denmark	2008/2010
1905	ERR479046_1	France	2004/2006
1906	ERR479046_2	France	2004/2006
1907	ERR1018195_1	China	2012
1908	SRR4032483_1	USA	2013
1909	SRR4481813_1	USA	2014-06-23
1910	SRR4481813_2	USA	2014-06-23
1911	SRR4481813_3	USA	2014-06-23
1912	SRR4481813_4	USA	2014-06-23
1913	SRR4481813_5	USA	2014-06-23
1914	SRR4481813_6	USA	2014-06-23
1915	SRR4481813_7	USA	2014-06-23
1916	SRR4481813_8	USA	2014-06-23
1917	SRR4481813_9	USA	2014-06-23
1918	SRR4481813_10	USA	2014-06-23
1919	SRR4481813_11	USA	2014-06-23
1920	SRR4481813_12	USA	2014-06-23
1921	SRR4481813_13	USA	2014-06-23
1922	SRR4481813_14	USA	2014-06-23
1923	SRR4481813_15	USA	2014-06-23
1924	SRR4481813_16	USA	2014-06-23
1925	SRR4481813_17	USA	2014-06-23
1926	SRR4481813_18	USA	2014-06-23
1927	SRR4481813_19	USA	2014-06-23
1928	SRR4481813_20	USA	2014-06-23
1929	SRR4481813_21	USA	2014-06-23
1930	ERR532382_1	China	2011
1931	ERR589785_1	China	2012
1932	ERR589785_2	China	2012
1933	ERR209129_1	Denmark	2008-2010
1934	ERR209129_2	Denmark	2008-2010
1935	SRR4032584_1	USA	2013
1936	ERR527210_1	China	2011
1937	ERR527210_2	China	2011
1938	ERR527210_3	China	2011
1939	ERR527210_4	China	2011
1940	ERR527210_5	China	2011
1941	ERR527210_6	China	2011
1942	ERR527210_7	China	2011
1943	ERR527210_8	China	2011
1944	ERR1578626_1	China	2013
1945	SRR4032495_1	USA	2013
1946	ERR589571_1	China	2012
1947	ERR1190838_1	China	2014
1948	ERR1190838_2	China	2014
1949	ERR1190838_3	China	2014
1950	ERR1190838_4	China	2014
1951	ERR1190838_5	China	2014
1952	SRR4032485_1	USA	2013
1953	SRR4032485_2	USA	2013
1954	ERR321572_1	Denmark	2008-2010
1955	ERR321572_2	Denmark	2008-2010
1956	ERR321572_3	Denmark	2008-2010
1957	ERR321572_4	Denmark	2008-2010
1958	ERR321572_5	Denmark	2008-2010
1959	ERR321572_6	Denmark	2008-2010
1960	ERR321572_7	Denmark	2008-2010
1961	ERR321572_8	Denmark	2008-2010
1962	ERR321572_9	Denmark	2008-2010
1963	ERR321572_10	Denmark	2008-2010
1964	ERR321572_11	Denmark	2008-2010
1965	ERR321572_12	Denmark	2008-2010
1966	ERR321572_13	Denmark	2008-2010
1967	ERR321572_14	Denmark	2008-2010
1968	ERR321572_15	Denmark	2008-2010
1969	ERR321572_16	Denmark	2008-2010
1970	ERR321572_17	Denmark	2008-2010
1971	ERR321572_18	Denmark	2008-2010
1972	ERR321572_19	Denmark	2008-2010
1973	ERR321572_20	Denmark	2008-2010
1974	ERR321572_21	Denmark	2008-2010
1975	ERR321572_22	Denmark	2008-2010
1976	ERR321572_23	Denmark	2008-2010
1977	ERR321572_24	Denmark	2008-2010
1978	ERR321572_25	Denmark	2008-2010
1979	ERR321572_26	Denmark	2008-2010
1980	ERR321572_27	Denmark	2008-2010
1981	ERR321572_28	Denmark	2008-2010
1982	ERR321572_29	Denmark	2008-2010
1983	ERR321572_30	Denmark	2008-2010
1984	ERR1190783_1	China	2014
1985	ERR748478_1	Germany	2011/2014
1986	ERR748478_2	Germany	2011/2014
1987	ERR321623_1	Denmark	2008-2010
1988	ERR321623_2	Denmark	2008-2010
1989	ERR321623_3	Denmark	2008-2010
1990	ERR321623_4	Denmark	2008-2010
1991	ERR321623_5	Denmark	2008-2010
1992	ERR321623_6	Denmark	2008-2010
1993	ERR321623_7	Denmark	2008-2010
1994	ERR321623_8	Denmark	2008-2010
1995	ERR321623_9	Denmark	2008-2010
1996	ERR321623_10	Denmark	2008-2010
1997	ERR321623_11	Denmark	2008-2010
1998	ERR321623_12	Denmark	2008-2010
1999	ERR321623_13	Denmark	2008-2010
2000	ERR321623_14	Denmark	2008-2010
2001	ERR321623_15	Denmark	2008-2010
2002	ERR321623_16	Denmark	2008-2010
2003	ERR321623_17	Denmark	2008-2010
2004	ERR321623_18	Denmark	2008-2010
2005	ERR527096_1	China	2011
2006	ERR527082_1	China	2011
2007	ERR527082_2	China	2011
2008	ERR1018193_1	China	2012
2009	ERR1018193_2	China	2012
2010	ERR1018193_3	China	2012
2011	ERR318680_1	USA	01/05/2006
2012	ERR318680_2	USA	01/05/2006
2013	ERR318680_3	USA	01/05/2006
2014	ERR318680_4	USA	01/05/2006
2015	ERR318680_5	USA	01/05/2006
2016	ERR318680_6	USA	01/05/2006
2017	ERR318680_7	USA	01/05/2006
2018	ERR318680_8	USA	01/05/2006
2019	SRR4435736_1	USA	2014-06-30
2020	SRR4435736_2	USA	2014-06-30
2021	SRR4435736_3	USA	2014-06-30
2022	SRR4435736_4	USA	2014-06-30
2023	SRR4435736_5	USA	2014-06-30
2024	SRR3992959_1	China	Oct-2010
2025	SRR2155386_1	Germany	May-2010
2026	SRR2155386_2	Germany	May-2010
2027	SRR2155386_3	Germany	May-2010
2028	SRR2155386_4	Germany	May-2010
2029	SRR2155386_5	Germany	May-2010
2030	SRR2155386_6	Germany	May-2010
2031	SRR2155386_7	Germany	May-2010
2032	SRR2155386_8	Germany	May-2010
2033	SRR2155386_9	Germany	May-2010
2034	SRR2155386_10	Germany	May-2010
2035	SRR2155386_11	Germany	May-2010
2036	SRR2155386_12	Germany	May-2010
2037	SRR2155386_13	Germany	May-2010
2038	SRR2155386_14	Germany	May-2010
2039	SRR2155386_15	Germany	May-2010
2040	SRR2155386_16	Germany	May-2010
2041	SRR2583984_1	Canada	2010-07-15
2042	SRR2583984_2	Canada	2010-07-15
2043	SRR3067150_1	USA	29-Nov-2013
2044	ERR505105_1	Australia	2012
2045	ERR505105_2	Australia	2012
2046	ERR748180_1	Germany	2011/2014
2047	SRR2565983_1	Canada	2011-04-28
2048	SRR2565983_2	Canada	2011-04-28
2049	ERR209479_1	Denmark	2008-2010
2050	ERR209479_2	Denmark	2008-2010
2051	ERR209796_1	Spain	2008-2010
2052	ERR209796_2	Spain	2008-2010
2053	ERR209796_3	Spain	2008-2010
2054	ERR209796_4	Spain	2008-2010
2055	SRR1535306_1	China	2011
2056	ERR527041_1	China	2011
2057	ERR414370_1	Spain	2008/2010
2058	ERR414370_2	Spain	2008/2010
2059	ERR414370_3	Spain	2008/2010
2060	ERR414370_4	Spain	2008/2010
2061	ERR414370_5	Spain	2008/2010
2062	ERR525827_1	Denmark	2008/2010
2063	SRR2565925_1	Canada	2010-11-18
2064	ERR1190836_1	China	2014
2065	ERR209194_1	Denmark	2008-2010
2066	ERR209194_2	Denmark	2008-2010
2067	ERR209194_3	Denmark	2008-2010
2068	ERR209194_4	Denmark	2008-2010
2069	ERR414290_1	Denmark	2008/2010
2070	ERR414290_2	Denmark	2008/2010
2071	SRR3313044_1	Luxembourg	2012-09-07
2072	ERR1018217_1	China	2012
2073	SRR3993016_1	Mongolia	Oct-2010
2074	SRR3993016_2	Mongolia	Oct-2010
2075	ERR525890_1	Denmark	2008/2010
2076	ERR1018233_1	China	2012
2077	ERR1018233_2	China	2012
2078	SRR1535326_1	China	2012
2079	SRR1761735_1	USA	2013
2080	SRR1761735_2	USA	2013
2081	SRR2082447_1	Canada	2013
2082	SRR2082447_2	Canada	2013
2083	SRR2082447_3	Canada	2013
2084	ERR1190552_1	China	2014
2085	ERR525967_1	Denmark	2008/2010
2086	ERR525967_2	Denmark	2008/2010
2087	ERR525967_3	Denmark	2008/2010
2088	ERR525967_4	Denmark	2008/2010
2089	ERR525967_5	Denmark	2008/2010
2090	ERR525967_6	Denmark	2008/2010
2091	ERR525967_7	Denmark	2008/2010
2092	ERR525967_8	Denmark	2008/2010
2093	ERR525967_9	Denmark	2008/2010
2094	ERR479351_1	France	2004/2006
2095	ERR479351_2	France	2004/2006
2096	ERR525747_1	Denmark	2008/2010
2097	ERR589824_1	China	2012
2098	ERR589824_2	China	2012
2099	ERR589824_3	China	2012
2100	ERR589824_4	China	2012
2101	ERR589824_5	China	2012
2102	ERR589824_6	China	2012
2103	ERR589824_7	China	2012
2104	ERR589824_8	China	2012
2105	ERR589824_9	China	2012
2106	ERR589824_10	China	2012
2107	ERR589824_11	China	2012
2108	ERR589824_12	China	2012
2109	ERR589824_13	China	2012
2110	ERR589824_14	China	2012
2111	ERR589824_15	China	2012
2112	ERR589824_16	China	2012
2113	ERR589824_17	China	2012
2114	ERR589824_18	China	2012
2115	ERR589824_19	China	2012
2116	ERR589824_20	China	2012
2117	ERR589824_21	China	2012
2118	ERR589824_22	China	2012
2119	ERR589824_23	China	2012
2120	ERR589824_24	China	2012
2121	ERR589824_25	China	2012
2122	ERR589824_26	China	2012
2123	ERR589824_27	China	2012
2124	ERR589824_28	China	2012
2125	ERR589824_29	China	2012
2126	ERR589824_30	China	2012
2127	ERR589824_31	China	2012
2128	ERR589824_32	China	2012
2129	ERR589824_33	China	2012
2130	ERR589824_34	China	2012
2131	ERR589824_35	China	2012
2132	ERR589824_36	China	2012
2133	ERR589824_37	China	2012
2134	ERR589824_38	China	2012
2135	ERR589824_39	China	2012
2136	ERR589824_40	China	2012
2137	ERR589824_41	China	2012
2138	ERR589824_42	China	2012
2139	ERR589824_43	China	2012
2140	ERR589824_44	China	2012
2141	ERR589824_45	China	2012
2142	ERR210499_1	Spain	2008-2010
2143	ERR210499_2	Spain	2008-2010
2144	SRR2938331_1	Peru	15-Jan-2013
2145	SRR2938331_2	Peru	15-Jan-2013
2146	ERR1018244_1	China	2012
2147	SRR4032482_1	USA	2013
2148	SRR4032482_2	USA	2013
2149	ERR589509_1	China	2012
2150	ERR589509_2	China	2012
2151	ERR589509_3	China	2012
2152	ERR589509_4	China	2012
2153	ERR589509_5	China	2012
2154	ERR225950_1	Germany	2009-08-25
2155	ERR225950_2	Germany	2009-08-25
2156	SRR4032583_1	USA	2013
2157	SRR2566047_1	Canada	2010-03-11
2158	SRR2566047_2	Canada	2010-03-11
2159	SRR2583972_1	Canada	2010-07-15
2160	SRR2583972_2	Canada	2010-07-15
2161	SRR2583972_3	Canada	2010-07-15
2162	ERR321374_1	Denmark	2008-2010
2163	ERR321374_2	Denmark	2008-2010
2164	SRR3501884_1	Singapore	2015-06-26
2165	ERR321212_1	Denmark	2008-2010
2166	ERR321212_2	Denmark	2008-2010
2167	ERR209365_1	Denmark	2008-2010
2168	ERR209365_2	Denmark	2008-2010
2169	SRR3992985_1	Mongolia	Jun-2013
2170	SRR3992985_2	Mongolia	Jun-2013
2171	ERR1018293_1	China	2012
2172	ERR1018293_2	China	2012
2173	ERR321492_1	Denmark	2008-2010
2174	ERR321492_2	Denmark	2008-2010
2175	ERR209205_1	Denmark	2008-2010
2176	ERR479197_1	France	2004/2006
2177	SRR4032470_1	USA	2013
2178	SRR4032470_2	USA	2013
2179	SRR4032470_3	USA	2013
2180	SRR4032470_4	USA	2013
2181	SRR4032470_5	USA	2013
2182	SRR4032470_6	USA	2013
2183	ERR527065_1	China	2011
2184	ERR527065_2	China	2011
2185	ERR527065_3	China	2011
2186	ERR527164_1	China	2011
2187	ERR527164_2	China	2011
2188	ERR414428_1	Spain	2008/2010
2189	SRR1535303_1	China	2011
2190	SRR1535303_2	China	2011
2191	SRR1535303_3	China	2011
2192	SRR1535303_4	China	2011
2193	ERR479367_1	France	2004/2006
2194	ERR479367_2	France	2004/2006
2195	ERR479367_3	France	2004/2006
2196	ERR479367_4	France	2004/2006
2197	ERR479367_5	France	2004/2006
2198	ERR479367_6	France	2004/2006
2199	SRR2097329_1	Spain	25-Nov-2014
2200	SRR2097329_2	Spain	25-Nov-2014
2201	SRR2097329_3	Spain	25-Nov-2014
2202	SRR2097329_4	Spain	25-Nov-2014
2203	SRR2097329_5	Spain	25-Nov-2014
2204	SRR2097329_6	Spain	25-Nov-2014
2205	SRR2565990_1	Canada	2010-01-08
2206	SRR2565990_2	Canada	2010-01-08
2207	ERR1190588_1	China	2014
2208	SRR2565988_1	Canada	2010-01-13
2209	SRR2565988_2	Canada	2010-01-13
2210	SRR2565988_3	Canada	2010-01-13
2211	SRR2565988_4	Canada	2010-01-13
2212	SRR2565988_5	Canada	2010-01-13
2213	SRR2565988_6	Canada	2010-01-13
2214	SRR2565988_7	Canada	2010-01-13
2215	SRR2565988_8	Canada	2010-01-13
2216	SRR2565988_9	Canada	2010-01-13
2217	SRR2565988_10	Canada	2010-01-13
2218	SRR2565988_11	Canada	2010-01-13
2219	ERR1578698_1	China	2013
2220	ERR1578698_2	China	2013
2221	ERR1190653_1	China	2014
2222	ERR1190653_2	China	2014
2223	ERR321574_1	Denmark	2008-2010
2224	ERR321574_2	Denmark	2008-2010
2225	ERR321574_3	Denmark	2008-2010
2226	ERR321574_4	Denmark	2008-2010
2227	ERR321574_5	Denmark	2008-2010
2228	ERR321574_6	Denmark	2008-2010
2229	ERR321574_7	Denmark	2008-2010
2230	ERR321574_8	Denmark	2008-2010
2231	ERR321574_9	Denmark	2008-2010
2232	ERR321574_10	Denmark	2008-2010
2233	ERR321574_11	Denmark	2008-2010
2234	ERR321574_12	Denmark	2008-2010
2235	ERR321574_13	Denmark	2008-2010
2236	ERR321274_1	Denmark	2008-2010
2237	ERR321274_2	Denmark	2008-2010
2238	ERR209320_1	Denmark	2008-2010
2239	ERR1190554_1	China	2014
2240	ERR1190554_2	China	2014
2241	SRR4236661_1	Japan	2015-05-17
2242	SRR4236661_2	Japan	2015-05-17
2243	SRR4236661_3	Japan	2015-05-17
2244	SRR4236661_4	Japan	2015-05-17
2245	SRR4236661_5	Japan	2015-05-17
2246	SRR3160438_1	USA	2014-06-16
2247	SRR3160438_2	USA	2014-06-16
2248	SRR3160438_3	USA	2014-06-16
2249	SRR3160438_4	USA	2014-06-16
2250	SRR3160438_5	USA	2014-06-16
2251	SRR3160438_6	USA	2014-06-16
2252	SRR3160438_7	USA	2014-06-16
2253	SRR3160438_8	USA	2014-06-16
2254	SRR3160438_9	USA	2014-06-16
2255	SRR3160438_10	USA	2014-06-16
2256	SRR3160438_11	USA	2014-06-16
2257	SRR3160438_12	USA	2014-06-16
2258	SRR3160438_13	USA	2014-06-16
2259	SRR3160438_14	USA	2014-06-16
2260	SRR3160438_15	USA	2014-06-16
2261	SRR3160438_16	USA	2014-06-16
2262	SRR3160438_17	USA	2014-06-16
2263	SRR3160438_18	USA	2014-06-16
2264	SRR3160438_19	USA	2014-06-16
2265	SRR3160438_20	USA	2014-06-16
2266	SRR3160438_21	USA	2014-06-16
2267	SRR3160438_22	USA	2014-06-16
2268	SRR3160438_23	USA	2014-06-16
2269	SRR3160438_24	USA	2014-06-16
2270	SRR3160438_25	USA	2014-06-16
2271	SRR3160438_26	USA	2014-06-16
2272	SRR3160438_27	USA	2014-06-16
2273	SRR3160438_28	USA	2014-06-16
2274	SRR3160438_29	USA	2014-06-16
2275	SRR3160438_30	USA	2014-06-16
2276	SRR3160438_31	USA	2014-06-16
2277	SRR3160438_32	USA	2014-06-16
2278	SRR3160438_33	USA	2014-06-16
2279	SRR3160438_34	USA	2014-06-16
2280	SRR3160438_35	USA	2014-06-16
2281	SRR3160438_36	USA	2014-06-16
2282	SRR3160438_37	USA	2014-06-16
2283	SRR3160438_38	USA	2014-06-16
2284	SRR3160438_39	USA	2014-06-16
2285	SRR3160438_40	USA	2014-06-16
2286	SRR3160438_41	USA	2014-06-16
2287	SRR3160438_42	USA	2014-06-16
2288	SRR3160438_43	USA	2014-06-16
2289	SRR3160438_44	USA	2014-06-16
2290	SRR3160438_45	USA	2014-06-16
2291	SRR3160438_46	USA	2014-06-16
2292	SRR3160438_47	USA	2014-06-16
2293	SRR3160438_48	USA	2014-06-16
2294	SRR3160438_49	USA	2014-06-16
2295	SRR3160438_50	USA	2014-06-16
2296	SRR3160438_51	USA	2014-06-16
2297	SRR3160438_52	USA	2014-06-16
2298	SRR3160438_53	USA	2014-06-16
2299	SRR3160438_54	USA	2014-06-16
2300	SRR3160438_55	USA	2014-06-16
2301	SRR3160438_56	USA	2014-06-16
2302	SRR3160438_57	USA	2014-06-16
2303	SRR3160438_58	USA	2014-06-16
2304	SRR3160438_59	USA	2014-06-16
2305	SRR3160438_60	USA	2014-06-16
2306	SRR3160438_61	USA	2014-06-16
2307	SRR3160438_62	USA	2014-06-16
2308	SRR3160438_63	USA	2014-06-16
2309	SRR3160438_64	USA	2014-06-16
2310	SRR3160438_65	USA	2014-06-16
2311	SRR3160438_66	USA	2014-06-16
2312	SRR3160438_67	USA	2014-06-16
2313	SRR3160438_68	USA	2014-06-16
2314	SRR3160438_69	USA	2014-06-16
2315	SRR3160438_70	USA	2014-06-16
2316	SRR3160438_71	USA	2014-06-16
2317	SRR3160438_72	USA	2014-06-16
2318	SRR3160438_73	USA	2014-06-16
2319	SRR3160438_74	USA	2014-06-16
2320	SRR3160438_75	USA	2014-06-16
2321	SRR3160438_76	USA	2014-06-16
2322	SRR3160438_77	USA	2014-06-16
2323	SRR3160438_78	USA	2014-06-16
2324	SRR3160438_79	USA	2014-06-16
2325	SRR3160438_80	USA	2014-06-16
2326	SRR3160438_81	USA	2014-06-16
2327	SRR3160438_82	USA	2014-06-16
2328	SRR3160438_83	USA	2014-06-16
2329	SRR3160438_84	USA	2014-06-16
2330	SRR3160438_85	USA	2014-06-16
2331	SRR3160438_86	USA	2014-06-16
2332	SRR3160438_87	USA	2014-06-16
2333	SRR3160438_88	USA	2014-06-16
2334	SRR3160438_89	USA	2014-06-16
2335	SRR3160438_90	USA	2014-06-16
2336	SRR3160438_91	USA	2014-06-16
2337	SRR3160438_92	USA	2014-06-16
2338	SRR3160438_93	USA	2014-06-16
2339	SRR3160438_94	USA	2014-06-16
2340	SRR3160438_95	USA	2014-06-16
2341	SRR3160438_96	USA	2014-06-16
2342	ERR527097_1	China	2011
2343	ERR527097_2	China	2011
2344	ERR1018301_1	China	2012
2345	ERR1018301_2	China	2012
2346	SRR1761694_1	USA	2013
2347	ERR479386_1	France	2004/2006
2348	ERR479386_2	France	2004/2006
2349	ERR479386_3	France	2004/2006
2350	ERR209195_1	Denmark	2008-2010
2351	ERR209195_2	Denmark	2008-2010
2352	ERR321559_1	Denmark	2008-2010
2353	ERR321559_2	Denmark	2008-2010
2354	ERR321202_1	Denmark	2008-2010
2355	ERR321202_2	Denmark	2008-2010
2356	ERR321202_3	Denmark	2008-2010
2357	ERR321202_4	Denmark	2008-2010
2358	ERR1190669_1	China	2014
2359	ERR1190662_1	China	2014
2360	ERR1190861_1	China	2014
2361	ERR1190861_2	China	2014
2362	ERR1190861_3	China	2014
2363	ERR1190861_4	China	2014
2364	ERR1190613_1	China	2014
2365	ERR1190613_2	China	2014
2366	ERR1190613_3	China	2014
2367	ERR527108_1	China	2011
2368	ERR527108_2	China	2011
2369	ERR414263_1	Denmark	2008/2010
2370	ERR414263_2	Denmark	2008/2010
2371	ERR414263_3	Denmark	2008/2010
2372	ERR414263_4	Denmark	2008/2010
2373	ERR414263_5	Denmark	2008/2010
2374	ERR414263_6	Denmark	2008/2010
2375	ERR414263_7	Denmark	2008/2010
2376	ERR414263_8	Denmark	2008/2010
2377	ERR414263_9	Denmark	2008/2010
2378	ERR414263_10	Denmark	2008/2010
2379	ERR414263_11	Denmark	2008/2010
2380	ERR414263_12	Denmark	2008/2010
2381	ERR414263_13	Denmark	2008/2010
2382	ERR414263_14	Denmark	2008/2010
2383	ERR414263_15	Denmark	2008/2010
2384	ERR414263_16	Denmark	2008/2010
2385	ERR414263_17	Denmark	2008/2010
2386	ERR414263_18	Denmark	2008/2010
2387	ERR414263_19	Denmark	2008/2010
2388	ERR414263_20	Denmark	2008/2010
2389	ERR414263_21	Denmark	2008/2010
2390	ERR414263_22	Denmark	2008/2010
2391	ERR414263_23	Denmark	2008/2010
2392	ERR414263_24	Denmark	2008/2010
2393	ERR414263_25	Denmark	2008/2010
2394	ERR414263_26	Denmark	2008/2010
2395	ERR414263_27	Denmark	2008/2010
2396	ERR414263_28	Denmark	2008/2010
2397	ERR414263_29	Denmark	2008/2010
2398	ERR414263_30	Denmark	2008/2010
2399	ERR414263_31	Denmark	2008/2010
2400	ERR414263_32	Denmark	2008/2010
2401	ERR414263_33	Denmark	2008/2010
2402	ERR414263_34	Denmark	2008/2010
2403	ERR414263_35	Denmark	2008/2010
2404	ERR414263_36	Denmark	2008/2010
2405	ERR414263_37	Denmark	2008/2010
2406	ERR414263_38	Denmark	2008/2010
2407	ERR414263_39	Denmark	2008/2010
2408	ERR414263_40	Denmark	2008/2010
2409	ERR414263_41	Denmark	2008/2010
2410	ERR414263_42	Denmark	2008/2010
2411	SRR4451615_1	USA	2014-06-30
2412	SRR4451615_2	USA	2014-06-30
2413	SRR2940941_1	USA	2012-08-23
2414	SRR2940941_2	USA	2012-08-23
2415	ERR527071_1	China	2011
2416	ERR479413_1	France	2004/2006
2417	ERR1018252_1	China	2012
2418	ERR1018252_2	China	2012
2419	ERR1018252_3	China	2012
2420	ERR1018252_4	China	2012
2421	ERR1018252_5	China	2012
2422	ERR1018252_6	China	2012
2423	SRR2583973_1	Canada	2010-07-21
2424	SRR2583973_2	Canada	2010-07-21
2425	ERR414735_1	Spain	2008/2010
2426	ERR414735_2	Spain	2008/2010
2427	ERR414735_3	Spain	2008/2010
2428	ERR1190640_1	China	2014
2429	ERR1190640_2	China	2014
2430	SRR2566042_1	Canada	2010-03-08
2431	SRR2566042_2	Canada	2010-03-08
2432	SRR2566042_3	Canada	2010-03-08
2433	SRR2566042_4	Canada	2010-03-08
2434	SRR2566042_5	Canada	2010-03-08
2435	SRR2566042_6	Canada	2010-03-08
2436	SRR1535348_1	China	2012
2437	SRR1535348_2	China	2012
2438	SRR1535348_3	China	2012
2439	ERR209286_1	Denmark	2008-2010
2440	ERR1578641_1	China	2013
2441	ERR589789_1	China	2012
2442	ERR589789_2	China	2012
2443	ERR589789_3	China	2012
2444	ERR1578697_1	China	2013
2445	ERR1578697_2	China	2013
2446	SRR3313063_1	Luxembourg	2012-10-19
2447	SRR3313063_2	Luxembourg	2012-10-19
2448	SRR3313063_3	Luxembourg	2012-10-19
2449	ERR480689_1	France	2004/2006
2450	ERR480689_2	France	2004/2006
2451	ERR479235_1	France	2004/2006
2452	ERR479235_2	France	2004/2006
2453	ERR479235_3	France	2004/2006
2454	ERR479235_4	France	2004/2006
2455	ERR479235_5	France	2004/2006
2456	SRR2565543_1	Canada	2010-04-30
2457	SRR2565543_2	Canada	2010-04-30
2458	SRR2565543_3	Canada	2010-04-30
2459	SRR2565543_4	Canada	2010-04-30
2460	ERR1190953_1	China	2014
2461	ERR1190953_2	China	2014
2462	ERR1190953_3	China	2014
2463	ERR1190953_4	China	2014
2464	ERR1190953_5	China	2014
2465	ERR1190953_6	China	2014
2466	ERR1190953_7	China	2014
2467	ERR1190953_8	China	2014
2468	ERR1190953_9	China	2014
2469	SRR2565548_1	Canada	2010-05-19
2470	SRR4435733_1	USA	2014-06-02
2471	SRR4435733_2	USA	2014-06-02
2472	SRR4435733_3	USA	2014-06-02
2473	SRR4435733_4	USA	2014-06-02
2474	SRR4435733_5	USA	2014-06-02
2475	SRR4435733_6	USA	2014-06-02
2476	SRR4435733_7	USA	2014-06-02
2477	SRR4435733_8	USA	2014-06-02
2478	SRR4435733_9	USA	2014-06-02
2479	SRR4435733_10	USA	2014-06-02
2480	SRR4435733_11	USA	2014-06-02
2481	SRR4435733_12	USA	2014-06-02
2482	SRR4435733_13	USA	2014-06-02
2483	SRR4435733_14	USA	2014-06-02
2484	SRR4435733_15	USA	2014-06-02
2485	SRR4435733_16	USA	2014-06-02
2486	SRR4435733_17	USA	2014-06-02
2487	SRR4435733_18	USA	2014-06-02
2488	SRR4435733_19	USA	2014-06-02
2489	SRR4435733_20	USA	2014-06-02
2490	SRR4435733_21	USA	2014-06-02
2491	ERR1190837_1	China	2014
2492	ERR1190837_2	China	2014
2493	ERR1190837_3	China	2014
2494	ERR1190837_4	China	2014
2495	ERR1190837_5	China	2014
2496	ERR1190837_6	China	2014
2497	ERR1190837_7	China	2014
2498	ERR1190837_8	China	2014
2499	ERR1190837_9	China	2014
2500	ERR1190837_10	China	2014
2501	ERR1190837_11	China	2014
2502	ERR479111_1	France	2004/2006
2503	ERR479111_2	France	2004/2006
2504	ERR479111_3	France	2004/2006
2505	ERR479111_4	France	2004/2006
2506	ERR479111_5	France	2004/2006
2507	ERR479111_6	France	2004/2006
2508	ERR479111_7	France	2004/2006
2509	ERR479111_8	France	2004/2006
2510	ERR321569_1	Denmark	2008-2010
2511	ERR321569_2	Denmark	2008-2010
2512	ERR321569_3	Denmark	2008-2010
2513	ERR321569_4	Denmark	2008-2010
2514	ERR321569_5	Denmark	2008-2010
2515	ERR321569_6	Denmark	2008-2010
2516	ERR321569_7	Denmark	2008-2010
2517	ERR321569_8	Denmark	2008-2010
2518	ERR321569_9	Denmark	2008-2010
2519	ERR321569_10	Denmark	2008-2010
2520	ERR321569_11	Denmark	2008-2010
2521	ERR321569_12	Denmark	2008-2010
2522	ERR321569_13	Denmark	2008-2010
2523	ERR1190892_1	China	2014
2524	ERR1190892_2	China	2014
2525	ERR1190892_3	China	2014
2526	ERR748380_1	Germany	2011/2014
2527	ERR748380_2	Germany	2011/2014
2528	ERR505086_1	Australia	2012
2529	ERR505086_2	Australia	2012
2530	SRR2566063_1	Canada	2010-04-19
2531	ERR589826_1	China	2012
2532	ERR589826_2	China	2012
2533	ERR589826_3	China	2012
2534	ERR589826_4	China	2012
2535	ERR589826_5	China	2012
2536	ERR589826_6	China	2012
2537	ERR589826_7	China	2012
2538	ERR526043_1	Denmark	2008/2010
2539	SRR2298568_1	Finland	2001-05-14
2540	SRR2298568_2	Finland	2001-05-14
2541	SRR2298568_3	Finland	2001-05-14
2542	SRR2298568_4	Finland	2001-05-14
2543	SRR2298568_5	Finland	2001-05-14
2544	SRR2298568_6	Finland	2001-05-14
2545	ERR1190545_1	China	2014
2546	ERR1190545_2	China	2014
2547	SRR1616982_1	Germany	06-Dec-2012
2548	SRR1616982_2	Germany	06-Dec-2012
2549	ERR321327_1	Denmark	2008-2010
2550	ERR321327_2	Denmark	2008-2010
2551	SRR4435767_1	USA	2014-06-09
2552	SRR4435767_2	USA	2014-06-09
2553	SRR4435767_3	USA	2014-06-09
2554	SRR4435767_4	USA	2014-06-09
2555	SRR4435767_5	USA	2014-06-09
2556	SRR4435767_6	USA	2014-06-09
2557	SRR4435767_7	USA	2014-06-09
2558	SRR4435767_8	USA	2014-06-09
2559	SRR4435767_9	USA	2014-06-09
2560	SRR4435767_10	USA	2014-06-09
2561	SRR4435767_11	USA	2014-06-09
2562	SRR4435767_12	USA	2014-06-09
2563	SRR4435767_13	USA	2014-06-09
2564	SRR4435767_14	USA	2014-06-09
2565	ERR414240_1	Denmark	2008/2010
2566	ERR414240_2	Denmark	2008/2010
2567	ERR414240_3	Denmark	2008/2010
2568	ERR414240_4	Denmark	2008/2010
2569	ERR414240_5	Denmark	2008/2010
2570	ERR414240_6	Denmark	2008/2010
2571	ERR414240_7	Denmark	2008/2010
2572	ERR414240_8	Denmark	2008/2010
2573	ERR414240_9	Denmark	2008/2010
2574	ERR414240_10	Denmark	2008/2010
2575	ERR414240_11	Denmark	2008/2010
2576	ERR414240_12	Denmark	2008/2010
2577	ERR414240_13	Denmark	2008/2010
2578	ERR414240_14	Denmark	2008/2010
2579	ERR414240_15	Denmark	2008/2010
2580	ERR414240_16	Denmark	2008/2010
2581	ERR414240_17	Denmark	2008/2010
2582	ERR414240_18	Denmark	2008/2010
2583	ERR414240_19	Denmark	2008/2010
2584	ERR414240_20	Denmark	2008/2010
2585	ERR414240_21	Denmark	2008/2010
2586	ERR414240_22	Denmark	2008/2010
2587	ERR414240_23	Denmark	2008/2010
2588	ERR589547_1	China	2012
2589	ERR589547_2	China	2012
2590	SRR2297849_1	Finland	2004-08-31
2591	ERR1018309_1	China	2012
2592	ERR414430_1	Spain	2008/2010
2593	ERR1190753_1	China	2014
2594	ERR1190753_2	China	2014
2595	ERR1190753_3	China	2014
2596	ERR1190753_4	China	2014
2597	ERR1190753_5	China	2014
2598	ERR1190753_6	China	2014
2599	ERR528333_1	China	2011
2600	ERR528333_2	China	2011
2601	ERR1018294_1	China	2012
2602	SRR2565542_1	Canada	2010-04-28
2603	SRR2565542_2	Canada	2010-04-28
2604	SRR2565542_3	Canada	2010-04-28
2605	SRR2565542_4	Canada	2010-04-28
2606	SRR2565542_5	Canada	2010-04-28
2607	SRR2565542_6	Canada	2010-04-28
2608	SRR2565542_7	Canada	2010-04-28
2609	SRR2565542_8	Canada	2010-04-28
2610	ERR525751_1	Denmark	2008/2010
2611	ERR525751_2	Denmark	2008/2010
2612	ERR525751_3	Denmark	2008/2010
2613	ERR321621_1	Denmark	2008-2010
2614	ERR321621_2	Denmark	2008-2010
2615	ERR321621_3	Denmark	2008-2010
2616	ERR321621_4	Denmark	2008-2010
2617	ERR321621_5	Denmark	2008-2010
2618	ERR321621_6	Denmark	2008-2010
2619	ERR321399_1	Denmark	2008-2010
2620	SRR2583974_1	Canada	2011-02-17
2621	SRR2583974_2	Canada	2011-02-17
2622	ERR1190635_1	China	2014
2623	ERR1190635_2	China	2014
2624	ERR1190635_3	China	2014
2625	ERR1190635_4	China	2014
2626	SRR2565971_1	Canada	2011-03-18
2627	SRR2565971_2	Canada	2011-03-18
2628	ERR1190581_1	China	2014
2629	ERR1190581_2	China	2014
2630	ERR1190581_3	China	2014
2631	ERR1018191_1	China	2012
2632	ERR1018191_2	China	2012
2633	ERR1018191_3	China	2012
2634	ERR1018191_4	China	2012
2635	ERR1018191_5	China	2012
2636	ERR1018191_6	China	2012
2637	ERR1018191_7	China	2012
2638	ERR1018191_8	China	2012
2639	ERR1018191_9	China	2012
2640	ERR1018191_10	China	2012
2641	ERR1018191_11	China	2012
2642	ERR1018191_12	China	2012
2643	ERR1018191_13	China	2012
2644	ERR1018191_14	China	2012
2645	ERR1018191_15	China	2012
2646	ERR1018191_16	China	2012
2647	ERR1018191_17	China	2012
2648	ERR1018191_18	China	2012
2649	ERR1018191_19	China	2012
2650	ERR1018191_20	China	2012
2651	ERR1018191_21	China	2012
2652	ERR1018191_22	China	2012
2653	ERR1018191_23	China	2012
2654	ERR1018191_24	China	2012
2655	ERR1018191_25	China	2012
2656	ERR1018191_26	China	2012
2657	ERR1018191_27	China	2012
2658	ERR1018191_28	China	2012
2659	ERR1018191_29	China	2012
2660	ERR1018191_30	China	2012
2661	ERR1018191_31	China	2012
2662	ERR1018191_32	China	2012
2663	ERR1018191_33	China	2012
2664	ERR1018191_34	China	2012
2665	ERR1018191_35	China	2012
2666	SRR4032471_1	USA	2013
2667	SRR4032471_2	USA	2013
2668	SRR4032471_3	USA	2013
2669	SRR3536848_1	USA	2014-04-09
2670	SRR3536848_2	USA	2014-04-09
2671	ERR527039_1	China	2011
2672	ERR527039_2	China	2011
2673	SRR4435814_1	USA	2014-06-08
2674	SRR4435814_2	USA	2014-06-08
2675	SRR4435814_3	USA	2014-06-08
2676	SRR4435814_4	USA	2014-06-08
2677	SRR4435814_5	USA	2014-06-08
2678	SRR4435814_6	USA	2014-06-08
2679	SRR4435814_7	USA	2014-06-08
2680	SRR4435814_8	USA	2014-06-08
2681	SRR4435814_9	USA	2014-06-08
2682	SRR4435814_10	USA	2014-06-08
2683	SRR4435814_11	USA	2014-06-08
2684	SRR4435814_12	USA	2014-06-08
2685	SRR4435814_13	USA	2014-06-08
2686	SRR4435814_14	USA	2014-06-08
2687	SRR4435814_15	USA	2014-06-08
2688	SRR4435814_16	USA	2014-06-08
2689	SRR4435814_17	USA	2014-06-08
2690	SRR2082446_1	Canada	2013
2691	SRR2082446_2	Canada	2013
2692	SRR2082446_3	Canada	2013
2693	SRR2155317_1	Germany	Nov-2010
2694	ERR1190672_1	China	2014
2695	SRR1554402_1	Canada	Oct-2010
2696	SRR1554402_2	Canada	Oct-2010
2697	SRR1554402_3	Canada	Oct-2010
2698	SRR1554402_4	Canada	Oct-2010
2699	SRR1554402_5	Canada	Oct-2010
2700	SRR1554402_6	Canada	Oct-2010
2701	SRR1554402_7	Canada	Oct-2010
2702	SRR1554402_8	Canada	Oct-2010
2703	SRR1554402_9	Canada	Oct-2010
2704	SRR1554402_10	Canada	Oct-2010
2705	SRR1554402_11	Canada	Oct-2010
2706	SRR1554402_12	Canada	Oct-2010
2707	SRR1554402_13	Canada	Oct-2010
2708	SRR1554402_14	Canada	Oct-2010
2709	SRR1554402_15	Canada	Oct-2010
2710	SRR1554402_16	Canada	Oct-2010
2711	SRR1554402_17	Canada	Oct-2010
2712	SRR1554402_18	Canada	Oct-2010
2713	SRR1554402_19	Canada	Oct-2010
2714	SRR1554402_20	Canada	Oct-2010
2715	SRR1554402_21	Canada	Oct-2010
2716	SRR1554402_22	Canada	Oct-2010
2717	SRR1554402_23	Canada	Oct-2010
2718	SRR1554402_24	Canada	Oct-2010
2719	SRR1554402_25	Canada	Oct-2010
2720	SRR1554402_26	Canada	Oct-2010
2721	SRR1554402_27	Canada	Oct-2010
2722	SRR1554402_28	Canada	Oct-2010
2723	SRR1554402_29	Canada	Oct-2010
2724	SRR1554402_30	Canada	Oct-2010
2725	SRR1554402_31	Canada	Oct-2010
2726	SRR1554402_32	Canada	Oct-2010
2727	SRR1554402_33	Canada	Oct-2010
2728	SRR1554402_34	Canada	Oct-2010
2729	SRR1554402_35	Canada	Oct-2010
2730	SRR1554402_36	Canada	Oct-2010
2731	SRR1554402_37	Canada	Oct-2010
2732	SRR1554402_38	Canada	Oct-2010
2733	SRR1554402_39	Canada	Oct-2010
2734	SRR1554402_40	Canada	Oct-2010
2735	SRR1554402_41	Canada	Oct-2010
2736	SRR1554402_42	Canada	Oct-2010
2737	SRR1554402_43	Canada	Oct-2010
2738	SRR1554402_44	Canada	Oct-2010
2739	SRR1554402_45	Canada	Oct-2010
2740	SRR1554402_46	Canada	Oct-2010
2741	SRR1554402_47	Canada	Oct-2010
2742	SRR1554402_48	Canada	Oct-2010
2743	SRR1554402_49	Canada	Oct-2010
2744	SRR1554402_50	Canada	Oct-2010
2745	SRR1554402_51	Canada	Oct-2010
2746	SRR1554402_52	Canada	Oct-2010
2747	SRR1554402_53	Canada	Oct-2010
2748	SRR1554402_54	Canada	Oct-2010
2749	SRR1554402_55	Canada	Oct-2010
2750	SRR1554402_56	Canada	Oct-2010
2751	SRR1554402_57	Canada	Oct-2010
2752	SRR1554402_58	Canada	Oct-2010
2753	SRR1554402_59	Canada	Oct-2010
2754	SRR1554402_60	Canada	Oct-2010
2755	SRR1554402_61	Canada	Oct-2010
2756	SRR1554402_62	Canada	Oct-2010
2757	SRR1554402_63	Canada	Oct-2010
2758	SRR1554402_64	Canada	Oct-2010
2759	SRR1554402_65	Canada	Oct-2010
2760	SRR1554402_66	Canada	Oct-2010
2761	SRR1554402_67	Canada	Oct-2010
2762	SRR1554402_68	Canada	Oct-2010
2763	SRR1554402_69	Canada	Oct-2010
2764	SRR1554402_70	Canada	Oct-2010
2765	SRR1554402_71	Canada	Oct-2010
2766	SRR1554402_72	Canada	Oct-2010
2767	SRR1554402_73	Canada	Oct-2010
2768	SRR1554402_74	Canada	Oct-2010
2769	SRR1554402_75	Canada	Oct-2010
2770	SRR1554402_76	Canada	Oct-2010
2771	SRR1554402_77	Canada	Oct-2010
2772	SRR1554402_78	Canada	Oct-2010
2773	SRR1554402_79	Canada	Oct-2010
2774	SRR1554402_80	Canada	Oct-2010
2775	ERR479414_1	France	2004/2006
2776	ERR479414_2	France	2004/2006
2777	ERR480747_1	France	2004/2006
2778	ERR480747_2	France	2004/2006
2779	ERR321303_1	Denmark	2008-2010
2780	SRR4074259_1	Italy	2013
2781	SRR2566043_1	Canada	2010-03-09
2782	SRR2566043_2	Canada	2010-03-09
2783	SRR2566043_3	Canada	2010-03-09
2784	SRR2566043_4	Canada	2010-03-09
2785	SRR3501861_1	Singapore	2015-08-14
2786	SRR3501861_2	Singapore	2015-08-14
2787	ERR321201_1	Denmark	2008-2010
2788	ERR321201_2	Denmark	2008-2010
2789	ERR321201_3	Denmark	2008-2010
2790	ERR321201_4	Denmark	2008-2010
2791	SRR4481730_1	USA	2014-06-06
2792	ERR528316_1	China	2011
2793	ERR528316_2	China	2011
2794	ERR1018275_1	China	2012
2795	ERR1018275_2	China	2012
2796	ERR1018275_3	China	2012
2797	ERR1018275_4	China	2012
2798	ERR1018275_5	China	2012
2799	ERR589813_1	China	2012
2800	ERR589814_1	China	2012
2801	ERR589814_2	China	2012
2802	ERR318688_1	USA	01/05/2006
2803	SRR3993011_1	Mongolia	Jun-2013
2804	SRR3993011_2	Mongolia	Jun-2013
2805	SRR4074296_1	Italy	2013
2806	SRR4074296_2	Italy	2013
2807	SRR4074296_3	Italy	2013
2808	SRR4074296_4	Italy	2013
2809	SRR4074296_5	Italy	2013
2810	SRR4074296_6	Italy	2013
2811	SRR4074296_7	Italy	2013
2812	ERR209389_1	Denmark	2008-2010
2813	SRR3501855_1	Singapore	2015-06-26
2814	ERR589770_1	China	2012
2815	ERR589770_2	China	2012
2816	ERR589770_3	China	2012
2817	ERR589770_4	China	2012
2818	ERR589770_5	China	2012
2819	ERR589770_6	China	2012
2820	ERR589770_7	China	2012
2821	ERR589770_8	China	2012
2822	ERR589770_9	China	2012
2823	ERR589770_10	China	2012
2824	ERR589770_11	China	2012
2825	ERR589770_12	China	2012
2826	ERR589770_13	China	2012
2827	ERR589770_14	China	2012
2828	ERR589770_15	China	2012
2829	ERR589770_16	China	2012
2830	ERR532383_1	China	2011
2831	ERR1018281_1	China	2012
2832	ERR1018281_2	China	2012
2833	ERR1018281_3	China	2012
2834	ERR1190876_1	China	2014
2835	ERR1190876_2	China	2014
2836	ERR209823_1	Spain	2008-2010
2837	ERR209823_2	Spain	2008-2010
2838	ERR209823_3	Spain	2008-2010
2839	ERR209823_4	Spain	2008-2010
2840	ERR209823_5	Spain	2008-2010
2841	ERR209823_6	Spain	2008-2010
2842	ERR209823_7	Spain	2008-2010
2843	ERR209823_8	Spain	2008-2010
2844	ERR209823_9	Spain	2008-2010
2845	ERR209823_10	Spain	2008-2010
2846	ERR209823_11	Spain	2008-2010
2847	ERR209823_12	Spain	2008-2010
2848	ERR209823_13	Spain	2008-2010
2849	ERR209823_14	Spain	2008-2010
2850	ERR209823_15	Spain	2008-2010
2851	SRR4074357_1	Italy	2013
2852	SRR4074357_2	Italy	2013
